{"type":"FeatureCollection","features":[{"type":"Feature","id":"merged:1584:#0000ff","bbox":[90.0,18.2,140.0,42.5],"geometry":{"type":"MultiPolygon","coordinates":[[[[119.3,42.4],[117.3,42.4],[117.3,42.5],[116.3,42.5],[116.3,42.4],[115.8,42.4],[115.8,42.3],[115.4,42.3],[115.4,42.2],[115.0,42.2],[115.0,42.1],[114.6,42.1],[114.6,42.0],[114.1,42.0],[114.1,41.9],[113.9,41.9],[113.9,41.8],[113.7,41.8],[113.7,41.7],[113.5,41.7],[113.5,41.6],[113.3,41.6],[113.3,41.5],[112.9,41.5],[112.9,41.4],[112.8,41.4],[112.8,41.3],[112.5,41.3],[112.5,41.2],[112.3,41.2],[112.3,41.1],[112.0,41.1],[112.0,41.0],[111.9,41.0],[111.9,40.9],[111.7,40.9],[111.7,40.8],[111.6,40.8],[111.6,40.7],[111.4,40.7],[111.4,40.6],[111.1,40.6],[111.1,40.5],[111.0,40.5],[111.0,40.4],[110.9,40.4],[110.9,40.3],[110.7,40.3],[110.7,40.2],[110.6,40.2],[110.6,40.1],[110.4,40.1],[110.4,40.0],[110.3,40.0],[110.3,39.9],[110.1,39.9],[110.1,39.8],[110.0,39.8],[110.0,39.7],[109.8,39.7],[109.8,39.6],[109.7,39.6],[109.7,39.5],[109.4,39.5],[109.4,39.4],[109.2,39.4],[109.2,39.3],[109.1,39.3],[109.1,39.2],[108.9,39.2],[108.9,39.1],[108.7,39.1],[108.7,39.0],[108.3,39.0],[108.3,38.9],[107.9,38.9],[107.9,38.8],[107.3,38.8],[107.3,38.7],[106.7,38.7],[106.7,38.6],[106.0,38.6],[106.0,38.7],[105.5,38.7],[105.5,38.8],[105.2,38.8],[105.2,38.9],[104.9,38.9],[104.9,39.0],[104.7,39.0],[104.7,39.1],[104.4,39.1],[104.4,39.2],[104.1,39.2],[104.1,39.3],[103.8,39.3],[103.8,39.4],[103.6,39.4],[103.6,39.5],[103.3,39.5],[103.3,39.6],[103.0,39.6],[103.0,39.7],[102.6,39.7],[102.6,39.8],[102.4,39.8],[102.4,39.9],[102.0,39.9],[102.0,40.0],[101.8,40.0],[101.8,40.1],[101.4,40.1],[101.4,40.2],[101.2,40.2],[101.2,40.3],[100.8,40.3],[100.8,40.4],[100.4,40.4],[100.4,40.5],[100.0,40.5],[100.0,40.6],[99.7,40.6],[99.7,40.7],[99.5,40.7],[99.5,40.8],[99.0,40.8],[99.0,40.9],[98.7,40.9],[98.7,41.0],[98.4,41.0],[98.4,41.1],[97.9,41.1],[97.9,41.2],[97.5,41.2],[97.5,41.3],[97.0,41.3],[97.0,41.4],[96.1,41.4],[96.1,41.5],[95.8,41.5],[95.8,41.6],[95.2,41.6],[95.2,41.7],[93.9,41.7],[93.9,41.8],[91.6,41.8],[91.6,41.7],[91.1,41.7],[91.1,41.6],[90.6,41.6],[90.6,41.5],[90.3,41.5],[90.3,41.4],[90.1,41.4],[90.1,41.2],[90.0,41.2],[90.0,40.7],[90.1,40.7],[90.1,40.5],[90.2,40.5],[90.2,40.2],[90.3,40.2],[90.3,39.4],[90.2,39.4],[90.2,38.9],[90.1,38.9],[90.1,38.7],[90.2,38.7],[90.2,38.5],[90.4,38.5],[90.4,38.4],[90.7,38.4],[90.7,38.3],[91.0,38.3],[91.0,38.2],[91.3,38.2],[91.3,38.1],[91.6,38.1],[91.6,38.0],[91.9,38.0],[91.9,37.9],[92.2,37.9],[92.2,37.8],[92.6,37.8],[92.6,37.7],[93.1,37.7],[93.1,37.6],[93.9,37.6],[93.9,37.5],[94.2,37.5],[94.2,37.4],[94.4,37.4],[94.4,37.3],[94.8,37.3],[94.8,37.2],[95.2,37.2],[95.2,37.1],[95.8,37.1],[95.8,37.0],[96.1,37.0],[96.1,36.9],[96.2,36.9],[96.2,36.8],[96.6,36.8],[96.6,36.7],[97.2,36.7],[97.2,36.6],[97.5,36.6],[97.5,36.5],[98.2,36.5],[98.2,36.4],[98.6,36.4],[98.6,36.5],[98.8,36.5],[98.8,36.6],[99.4,36.6],[99.4,36.5],[100.1,36.5],[100.1,36.4],[100.5,36.4],[100.5,36.3],[101.5,36.3],[101.5,36.2],[102.1,36.2],[102.1,36.1],[102.7,36.1],[102.7,36.0],[102.8,36.0],[102.8,34.2],[102.7,34.2],[102.7,33.4],[102.6,33.4],[102.6,32.9],[102.5,32.9],[102.5,32.4],[102.4,32.4],[102.4,31.9],[102.3,31.9],[102.3,31.7],[102.2,31.7],[102.2,31.5],[102.1,31.5],[102.1,31.1],[102.0,31.1],[102.0,31.0],[101.9,31.0],[101.9,30.7],[101.8,30.7],[101.8,30.5],[101.7,30.5],[101.7,30.4],[101.6,30.4],[101.6,30.2],[101.5,30.2],[101.5,30.1],[101.4,30.1],[101.4,30.0],[101.3,30.0],[101.3,29.9],[101.2,29.9],[101.2,29.8],[101.1,29.8],[101.1,29.7],[100.9,29.7],[100.9,29.6],[100.7,29.6],[100.7,29.5],[100.5,29.5],[100.5,29.4],[100.4,29.4],[100.4,29.3],[100.2,29.3],[100.2,29.2],[100.0,29.2],[100.0,29.1],[99.8,29.1],[99.8,29.0],[99.5,29.0],[99.5,28.9],[99.3,28.9],[99.3,28.8],[99.0,28.8],[99.0,28.7],[98.8,28.7],[98.8,28.6],[98.7,28.6],[98.7,28.5],[98.4,28.5],[98.4,28.2],[98.5,28.2],[98.5,28.0],[98.6,28.0],[98.6,27.8],[98.7,27.8],[98.7,27.5],[98.8,27.5],[98.8,27.3],[98.9,27.3],[98.9,27.0],[99.0,27.0],[99.0,26.6],[99.1,26.6],[99.1,26.4],[99.2,26.4],[99.2,26.1],[99.3,26.1],[99.3,25.8],[99.4,25.8],[99.4,25.6],[99.5,25.6],[99.5,25.3],[99.6,25.3],[99.6,25.2],[99.5,25.2],[99.5,25.1],[99.4,25.1],[99.4,24.8],[99.3,24.8],[99.3,24.4],[99.2,24.4],[99.2,24.2],[99.1,24.2],[99.1,23.3],[99.0,23.3],[99.0,23.1],[98.9,23.1],[98.9,23.0],[98.8,23.0],[98.8,22.8],[99.3,22.8],[99.3,22.7],[99.5,22.7],[99.5,22.6],[99.7,22.6],[99.7,22.5],[99.9,22.5],[99.9,22.4],[100.2,22.4],[100.2,22.6],[100.4,22.6],[100.4,22.7],[100.6,22.7],[100.6,22.8],[101.0,22.8],[101.0,22.9],[101.1,22.9],[101.1,23.0],[101.4,23.0],[101.4,23.1],[101.9,23.1],[101.9,23.2],[103.3,23.2],[103.3,23.1],[103.4,23.1],[103.4,23.0],[103.5,23.0],[103.5,22.9],[103.6,22.9],[103.6,22.7],[104.0,22.7],[104.0,22.8],[104.5,22.8],[104.5,22.9],[105.3,22.9],[105.3,22.8],[105.8,22.8],[105.8,22.7],[106.1,22.7],[106.1,22.6],[106.9,22.6],[106.9,22.5],[107.2,22.5],[107.2,22.4],[107.3,22.4],[107.3,22.3],[107.6,22.3],[107.6,22.2],[107.7,22.2],[107.7,22.1],[107.8,22.1],[107.8,22.0],[107.9,22.0],[107.9,21.9],[108.0,21.9],[108.0,21.8],[108.1,21.8],[108.1,21.6],[108.5,21.6],[108.5,21.7],[109.0,21.7],[109.0,21.6],[109.1,21.6],[109.1,21.5],[109.7,21.5],[109.7,20.7],[109.8,20.7],[109.8,20.5],[109.9,20.5],[109.9,20.4],[110.0,20.4],[110.0,20.3],[110.1,20.3],[110.1,20.2],[110.0,20.2],[110.0,20.1],[109.6,20.1],[109.6,20.0],[109.3,20.0],[109.3,19.9],[109.2,19.9],[109.2,19.8],[109.1,19.8],[109.1,19.7],[109.0,19.7],[109.0,19.6],[108.9,19.6],[108.9,19.5],[108.8,19.5],[108.8,19.4],[108.7,19.4],[108.7,19.3],[108.6,19.3],[108.6,18.9],[108.7,18.9],[108.7,18.6],[108.8,18.6],[108.8,18.5],[108.9,18.5],[108.9,18.4],[109.2,18.4],[109.2,18.3],[109.5,18.3],[109.5,18.2],[109.7,18.2],[109.7,18.3],[109.8,18.3],[109.8,18.4],[110.0,18.4],[110.0,18.5],[110.1,18.5],[110.1,18.6],[110.2,18.6],[110.2,18.7],[110.5,18.7],[110.5,18.8],[110.6,18.8],[110.6,19.3],[110.7,19.3],[110.7,19.4],[110.8,19.4],[110.8,19.5],[110.9,19.5],[110.9,19.6],[111.0,19.6],[111.0,20.0],[110.9,20.0],[110.9,20.1],[110.8,20.1],[110.8,20.2],[110.5,20.2],[110.5,21.0],[110.6,21.0],[110.6,21.2],[110.7,21.2],[110.7,21.3],[110.8,21.3],[110.8,21.4],[110.9,21.4],[110.9,21.5],[111.5,21.5],[111.5,21.6],[111.9,21.6],[111.9,21.7],[112.9,21.7],[112.9,21.8],[113.0,21.8],[113.0,21.9],[113.2,21.9],[113.2,22.0],[113.5,22.0],[113.5,22.1],[113.6,22.1],[113.6,22.6],[113.9,22.6],[113.9,22.2],[114.0,22.2],[114.0,22.1],[114.2,22.1],[114.2,22.2],[114.3,22.2],[114.3,22.3],[114.4,22.3],[114.4,22.4],[114.5,22.4],[114.5,22.5],[114.7,22.5],[114.7,22.6],[115.0,22.6],[115.0,22.7],[115.1,22.7],[115.1,22.8],[116.0,22.8],[116.0,22.9],[116.2,22.9],[116.2,23.0],[116.5,23.0],[116.5,23.1],[116.6,23.1],[116.6,23.2],[116.7,23.2],[116.7,23.3],[116.8,23.3],[116.8,23.4],[116.9,23.4],[116.9,23.5],[117.3,23.5],[117.3,23.6],[117.4,23.6],[117.4,23.7],[117.5,23.7],[117.5,23.8],[117.6,23.8],[117.6,23.9],[117.7,23.9],[117.7,24.0],[117.9,24.0],[117.9,24.1],[118.0,24.1],[118.0,24.2],[118.1,24.2],[118.1,24.3],[118.2,24.3],[118.2,24.4],[118.4,24.4],[118.4,24.5],[118.5,24.5],[118.5,24.6],[118.6,24.6],[118.6,24.7],[118.8,24.7],[118.8,24.8],[118.9,24.8],[118.9,25.0],[119.0,25.0],[119.0,25.1],[119.1,25.1],[119.1,25.2],[119.3,25.2],[119.3,25.3],[119.4,25.3],[119.4,25.4],[119.8,25.4],[119.8,25.5],[119.9,25.5],[119.9,25.7],[119.8,25.7],[119.8,25.8],[119.7,25.8],[119.7,26.2],[119.8,26.2],[119.8,26.3],[119.9,26.3],[119.9,26.5],[120.0,26.5],[120.0,26.6],[120.1,26.6],[120.1,26.7],[120.2,26.7],[120.2,26.9],[120.3,26.9],[120.3,27.0],[120.4,27.0],[120.4,27.2],[120.5,27.2],[120.5,27.3],[120.6,27.3],[120.6,27.4],[120.7,27.4],[120.7,27.8],[120.8,27.8],[120.8,27.9],[121.2,27.9],[121.2,28.0],[121.3,28.0],[121.3,28.2],[121.4,28.2],[121.4,28.3],[121.6,28.3],[121.6,28.4],[121.7,28.4],[121.7,28.7],[121.8,28.7],[121.8,29.0],[121.9,29.0],[121.9,29.2],[122.0,29.2],[122.0,29.6],[122.1,29.6],[122.1,29.7],[122.3,29.7],[122.3,29.8],[122.4,29.8],[122.4,30.2],[122.3,30.2],[122.3,30.3],[121.9,30.3],[121.9,30.2],[121.5,30.2],[121.5,30.3],[121.4,30.3],[121.4,30.4],[121.2,30.4],[121.2,30.5],[121.1,30.5],[121.1,30.6],[121.2,30.6],[121.2,30.7],[121.4,30.7],[121.4,30.8],[121.5,30.8],[121.5,30.9],[121.8,30.9],[121.8,31.0],[121.9,31.0],[121.9,31.2],[121.8,31.2],[121.8,31.5],[121.9,31.5],[121.9,31.7],[122.0,31.7],[122.0,31.9],[121.9,31.9],[121.9,32.0],[121.8,32.0],[121.8,32.1],[121.7,32.1],[121.7,32.2],[121.5,32.2],[121.5,32.3],[121.4,32.3],[121.4,32.5],[121.3,32.5],[121.3,32.6],[121.1,32.6],[121.1,32.7],[121.0,32.7],[121.0,33.0],[120.9,33.0],[120.9,33.1],[120.8,33.1],[120.8,33.3],[120.7,33.3],[120.7,33.5],[120.6,33.5],[120.6,33.8],[120.5,33.8],[120.5,34.0],[120.4,34.0],[120.4,34.3],[120.3,34.3],[120.3,34.4],[120.2,34.4],[120.2,34.5],[119.9,34.5],[119.9,34.6],[119.7,34.6],[119.7,34.7],[119.6,34.7],[119.6,34.8],[119.5,34.8],[119.5,34.9],[119.4,34.9],[119.4,35.2],[119.5,35.2],[119.5,35.4],[119.6,35.4],[119.6,35.6],[119.7,35.6],[119.7,35.7],[120.0,35.7],[120.0,35.8],[120.1,35.8],[120.1,35.9],[120.2,35.9],[120.2,36.0],[120.3,36.0],[120.3,36.1],[120.6,36.1],[120.6,36.2],[120.7,36.2],[120.7,36.4],[120.8,36.4],[120.8,36.5],[121.0,36.5],[121.0,36.6],[121.1,36.6],[121.1,36.7],[121.3,36.7],[121.3,36.8],[121.7,36.8],[121.7,36.9],[122.5,36.9],[122.5,37.0],[122.6,37.0],[122.6,37.4],[122.5,37.4],[122.5,37.5],[122.3,37.5],[122.3,37.6],[121.9,37.6],[121.9,37.5],[121.6,37.5],[121.6,37.6],[121.4,37.6],[121.4,37.7],[121.2,37.7],[121.2,37.8],[121.0,37.8],[121.0,37.9],[120.9,37.9],[120.9,38.0],[120.7,38.0],[120.7,37.9],[120.5,37.9],[120.5,37.8],[120.3,37.8],[120.3,37.7],[120.2,37.7],[120.2,37.6],[120.1,37.6],[120.1,37.5],[119.9,37.5],[119.9,37.4],[119.8,37.4],[119.8,37.3],[119.7,37.3],[119.7,37.2],[119.3,37.2],[119.3,37.3],[119.1,37.3],[119.1,37.4],[119.0,37.4],[119.0,38.2],[118.9,38.2],[118.9,38.3],[118.7,38.3],[118.7,38.2],[118.0,38.2],[118.0,38.3],[117.9,38.3],[117.9,38.4],[117.8,38.4],[117.8,38.5],[117.7,38.5],[117.7,38.6],[117.6,38.6],[117.6,39.0],[117.7,39.0],[117.7,39.1],[117.9,39.1],[117.9,39.2],[118.2,39.2],[118.2,39.1],[118.9,39.1],[118.9,39.2],[119.1,39.2],[119.1,39.3],[119.2,39.3],[119.2,39.5],[119.3,39.5],[119.3,39.7],[119.4,39.7],[119.4,39.8],[119.6,39.8],[119.6,39.9],[119.7,39.9],[119.7,40.0],[120.0,40.0],[120.0,40.1],[120.2,40.1],[120.2,40.2],[120.5,40.2],[120.5,40.3],[120.6,40.3],[120.6,40.5],[120.7,40.5],[120.7,40.6],[120.9,40.6],[120.9,40.7],[121.0,40.7],[121.0,40.8],[121.1,40.8],[121.1,40.9],[121.5,40.9],[121.5,41.0],[121.8,41.0],[121.8,40.9],[121.9,40.9],[121.9,40.8],[122.1,40.8],[122.1,40.7],[122.2,40.7],[122.2,40.4],[122.1,40.4],[122.1,40.3],[122.0,40.3],[122.0,40.2],[121.9,40.2],[121.9,40.1],[121.8,40.1],[121.8,40.0],[121.6,40.0],[121.6,39.9],[121.5,39.9],[121.5,39.8],[121.4,39.8],[121.4,39.7],[121.3,39.7],[121.3,39.5],[121.4,39.5],[121.4,39.3],[121.5,39.3],[121.5,39.2],[121.4,39.2],[121.4,39.1],[121.3,39.1],[121.3,38.8],[121.5,38.8],[121.5,38.9],[121.9,38.9],[121.9,39.0],[122.0,39.0],[122.0,39.1],[122.1,39.1],[122.1,39.2],[122.2,39.2],[122.2,39.3],[122.5,39.3],[122.5,39.4],[122.6,39.4],[122.6,39.5],[122.7,39.5],[122.7,39.6],[122.9,39.6],[122.9,39.7],[123.3,39.7],[123.3,39.8],[123.7,39.8],[123.7,39.9],[124.2,39.9],[124.2,39.8],[124.5,39.8],[124.5,40.3],[124.7,40.3],[124.7,40.6],[124.6,40.6],[124.6,40.7],[124.5,40.7],[124.5,40.8],[124.4,40.8],[124.4,40.9],[124.3,40.9],[124.3,41.0],[124.2,41.0],[124.2,41.1],[124.0,41.1],[124.0,41.2],[123.8,41.2],[123.8,41.3],[123.6,41.3],[123.6,41.4],[123.2,41.4],[123.2,41.5],[122.9,41.5],[122.9,41.6],[122.4,41.6],[122.4,41.7],[122.1,41.7],[122.1,41.8],[121.7,41.8],[121.7,41.9],[121.2,41.9],[121.2,42.0],[120.8,42.0],[120.8,42.1],[120.3,42.1],[120.3,42.2],[120.0,42.2],[120.0,42.3],[119.3,42.3],[119.3,42.4]],[[116.2,29.4],[116.2,29.2],[116.0,29.2],[116.0,29.4],[116.2,29.4]],[[116.5,29.2],[116.5,29.0],[116.4,29.0],[116.4,29.2],[116.5,29.2]]],[[[134.2,34.4],[134.2,34.3],[133.9,34.3],[133.9,34.4],[133.8,34.4],[133.8,34.3],[133.6,34.3],[133.6,34.1],[133.2,34.1],[133.2,34.0],[133.1,34.0],[133.1,33.8],[133.0,33.8],[133.0,33.7],[132.8,33.7],[132.8,33.6],[132.6,33.6],[132.6,33.5],[132.4,33.5],[132.4,33.1],[132.5,33.1],[132.5,33.0],[132.6,33.0],[132.6,32.9],[132.7,32.9],[132.7,32.8],[133.0,32.8],[133.0,32.9],[133.1,32.9],[133.1,33.1],[133.2,33.1],[133.2,33.2],[133.3,33.2],[133.3,33.3],[133.4,33.3],[133.4,33.4],[133.5,33.4],[133.5,33.5],[133.6,33.5],[133.6,33.6],[133.9,33.6],[133.9,33.5],[134.0,33.5],[134.0,33.4],[134.2,33.4],[134.2,33.5],[134.3,33.5],[134.3,33.6],[134.4,33.6],[134.4,33.7],[134.6,33.7],[134.6,33.8],[134.7,33.8],[134.7,34.2],[134.6,34.2],[134.6,34.3],[134.5,34.3],[134.5,34.4],[134.2,34.4]]],[[[140.0,38.6],[139.9,38.6],[139.9,38.8],[139.6,38.8],[139.6,38.6],[139.5,38.6],[139.5,38.4],[139.4,38.4],[139.4,38.2],[139.3,38.2],[139.3,38.1],[139.2,38.1],[139.2,38.0],[138.9,38.0],[138.9,37.9],[138.8,37.9],[138.8,37.7],[138.7,37.7],[138.7,37.6],[138.6,37.6],[138.6,37.5],[138.5,37.5],[138.5,37.4],[138.4,37.4],[138.4,37.3],[138.2,37.3],[138.2,37.2],[138.0,37.2],[138.0,37.1],[137.6,37.1],[137.6,37.0],[137.4,37.0],[137.4,36.9],[137.2,36.9],[137.2,36.7],[137.3,36.7],[137.3,36.6],[137.7,36.6],[137.7,36.7],[137.9,36.7],[137.9,36.8],[138.2,36.8],[138.2,36.9],[138.6,36.9],[138.6,37.0],[138.9,37.0],[138.9,37.1],[139.1,37.1],[139.1,37.2],[139.5,37.2],[139.5,37.3],[139.6,37.3],[139.6,37.4],[139.7,37.4],[139.7,37.6],[139.8,37.6],[139.8,38.0],[139.9,38.0],[139.9,38.2],[140.0,38.2],[140.0,38.6]]]]},"properties":{"start_year":1584,"end_year":1585,"source_color":"#0000ff","polity_id":null,"polity_assignment":"unverified","geometry_origin":"raster_color_trace_stitched","pixel_size_degrees":0.1,"sources":[{"feature_id":"61:1584:#0000ff","tile_id":"61","start_year":1584,"end_year":1585,"source_image":"data/raw/toolbay/t/61/1584.png","source_url":"https://www.toolbay.cc/history-map/t/61/1584.png"},{"feature_id":"71:1582:#0000ff","tile_id":"71","start_year":1582,"end_year":1586,"source_image":"data/raw/toolbay/t/71/1582.png","source_url":"https://www.toolbay.cc/history-map/t/71/1582.png"}]}},{"type":"Feature","id":"merged:1584:#009900","bbox":[65.8,16.7,141.1,44.9],"geometry":{"type":"MultiPolygon","coordinates":[[[[78.2,19.6],[78.1,19.6],[78.1,19.7],[77.8,19.7],[77.8,19.6],[77.6,19.6],[77.6,19.5],[77.1,19.5],[77.1,19.4],[77.0,19.4],[77.0,19.1],[77.1,19.1],[77.1,18.2],[77.0,18.2],[77.0,18.1],[76.9,18.1],[76.9,18.0],[76.8,18.0],[76.8,17.9],[76.7,17.9],[76.7,17.8],[76.6,17.8],[76.6,17.5],[76.7,17.5],[76.7,17.4],[76.8,17.4],[76.8,17.3],[77.0,17.3],[77.0,17.2],[77.2,17.2],[77.2,17.1],[77.3,17.1],[77.3,17.0],[77.5,17.0],[77.5,16.9],[77.7,16.9],[77.7,16.8],[77.9,16.8],[77.9,16.7],[78.6,16.7],[78.6,16.8],[79.0,16.8],[79.0,16.9],[79.4,16.9],[79.4,17.0],[79.6,17.0],[79.6,17.1],[79.7,17.1],[79.7,17.2],[79.8,17.2],[79.8,17.4],[79.9,17.4],[79.9,17.5],[80.0,17.5],[80.0,17.6],[80.1,17.6],[80.1,17.7],[80.2,17.7],[80.2,17.9],[80.3,17.9],[80.3,18.3],[80.2,18.3],[80.2,18.4],[80.0,18.4],[80.0,18.5],[79.8,18.5],[79.8,18.6],[79.7,18.6],[79.7,18.7],[79.5,18.7],[79.5,18.8],[79.3,18.8],[79.3,18.9],[79.1,18.9],[79.1,19.0],[78.9,19.0],[78.9,19.1],[78.8,19.1],[78.8,19.2],[78.7,19.2],[78.7,19.3],[78.5,19.3],[78.5,19.4],[78.3,19.4],[78.3,19.5],[78.2,19.5],[78.2,19.6]]],[[[78.2,44.7],[78.2,44.8],[77.8,44.8],[77.8,44.9],[77.1,44.9],[77.1,44.8],[77.0,44.8],[77.0,44.7],[76.9,44.7],[76.9,44.6],[76.7,44.6],[76.7,44.5],[76.3,44.5],[76.3,44.4],[76.0,44.4],[76.0,44.3],[75.7,44.3],[75.7,44.2],[75.2,44.2],[75.2,43.8],[75.1,43.8],[75.1,43.6],[75.0,43.6],[75.0,43.4],[74.9,43.4],[74.9,43.3],[74.8,43.3],[74.8,43.2],[74.7,43.2],[74.7,43.1],[74.6,43.1],[74.6,43.0],[74.5,43.0],[74.5,42.8],[74.4,42.8],[74.4,42.7],[74.3,42.7],[74.3,42.5],[74.1,42.5],[74.1,42.3],[74.0,42.3],[74.0,42.2],[73.8,42.2],[73.8,42.1],[73.6,42.1],[73.6,42.0],[73.2,42.0],[73.2,41.9],[72.8,41.9],[72.8,41.8],[72.4,41.8],[72.4,41.7],[72.0,41.7],[72.0,41.6],[71.7,41.6],[71.7,41.5],[71.4,41.5],[71.4,41.4],[71.1,41.4],[71.1,41.3],[70.9,41.3],[70.9,41.2],[70.7,41.2],[70.7,41.1],[70.6,41.1],[70.6,41.0],[70.4,41.0],[70.4,40.9],[70.3,40.9],[70.3,40.8],[70.1,40.8],[70.1,40.7],[69.9,40.7],[69.9,40.6],[69.7,40.6],[69.7,40.5],[69.5,40.5],[69.5,40.4],[69.1,40.4],[69.1,40.3],[68.9,40.3],[68.9,40.2],[68.8,40.2],[68.8,39.9],[68.7,39.9],[68.7,39.3],[68.6,39.3],[68.6,39.2],[68.4,39.2],[68.4,39.1],[68.3,39.1],[68.3,39.0],[68.1,39.0],[68.1,38.9],[67.9,38.9],[67.9,38.8],[67.8,38.8],[67.8,38.7],[67.5,38.7],[67.5,38.6],[67.3,38.6],[67.3,38.5],[67.1,38.5],[67.1,38.4],[66.7,38.4],[66.7,38.3],[66.4,38.3],[66.4,38.2],[66.1,38.2],[66.1,38.1],[65.8,38.1],[65.8,38.0],[65.9,38.0],[65.9,37.9],[66.2,37.9],[66.2,37.8],[66.5,37.8],[66.5,37.7],[66.7,37.7],[66.7,37.6],[67.0,37.6],[67.0,37.5],[67.2,37.5],[67.2,37.4],[67.5,37.4],[67.5,37.3],[67.6,37.3],[67.6,37.2],[67.8,37.2],[67.8,37.1],[68.7,37.1],[68.7,37.0],[69.2,37.0],[69.2,37.1],[69.6,37.1],[69.6,37.2],[70.3,37.2],[70.3,37.1],[70.4,37.1],[70.4,37.0],[70.6,37.0],[70.6,36.9],[70.8,36.9],[70.8,36.8],[71.0,36.8],[71.0,36.7],[71.1,36.7],[71.1,36.6],[71.6,36.6],[71.6,36.4],[71.7,36.4],[71.7,36.2],[71.9,36.2],[71.9,36.1],[72.1,36.1],[72.1,36.0],[72.9,36.0],[72.9,36.1],[73.0,36.1],[73.0,36.3],[73.1,36.3],[73.1,36.4],[74.0,36.4],[74.0,36.3],[74.6,36.3],[74.6,36.4],[74.7,36.4],[74.7,36.5],[74.8,36.5],[74.8,36.6],[74.9,36.6],[74.9,36.7],[75.1,36.7],[75.1,36.8],[75.3,36.8],[75.3,36.9],[75.5,36.9],[75.5,37.0],[75.7,37.0],[75.7,37.1],[76.0,37.1],[76.0,37.2],[77.4,37.2],[77.4,37.1],[77.7,37.1],[77.7,37.2],[77.8,37.2],[77.8,37.1],[77.9,37.1],[77.9,37.0],[78.2,37.0],[78.2,36.9],[78.4,36.9],[78.4,36.8],[78.8,36.8],[78.8,36.7],[79.2,36.7],[79.2,36.6],[80.9,36.6],[80.9,36.7],[81.4,36.7],[81.4,36.8],[82.6,36.8],[82.6,36.9],[83.1,36.9],[83.1,37.0],[83.5,37.0],[83.5,37.1],[83.8,37.1],[83.8,37.2],[84.2,37.2],[84.2,37.3],[84.3,37.3],[84.3,37.4],[84.9,37.4],[84.9,37.5],[85.4,37.5],[85.4,37.6],[85.8,37.6],[85.8,37.7],[86.4,37.7],[86.4,38.1],[86.3,38.1],[86.3,38.3],[86.2,38.3],[86.2,38.4],[86.1,38.4],[86.1,38.5],[86.0,38.5],[86.0,38.6],[85.9,38.6],[85.9,38.7],[85.8,38.7],[85.8,38.9],[85.6,38.9],[85.6,39.0],[85.5,39.0],[85.5,39.1],[85.2,39.1],[85.2,39.2],[85.0,39.2],[85.0,39.3],[84.7,39.3],[84.7,39.4],[84.4,39.4],[84.4,39.5],[84.2,39.5],[84.2,39.6],[84.0,39.6],[84.0,39.7],[83.9,39.7],[83.9,39.8],[83.7,39.8],[83.7,39.9],[83.6,39.9],[83.6,40.1],[83.5,40.1],[83.5,40.2],[83.2,40.2],[83.2,40.3],[83.0,40.3],[83.0,40.4],[82.9,40.4],[82.9,40.5],[82.8,40.5],[82.8,40.6],[82.7,40.6],[82.7,40.7],[82.6,40.7],[82.6,40.9],[82.4,40.9],[82.4,41.0],[82.3,41.0],[82.3,41.1],[82.2,41.1],[82.2,41.2],[82.0,41.2],[82.0,41.3],[81.9,41.3],[81.9,41.4],[81.8,41.4],[81.8,41.5],[81.5,41.5],[81.5,41.6],[81.3,41.6],[81.3,41.7],[81.1,41.7],[81.1,41.8],[81.0,41.8],[81.0,41.9],[80.8,41.9],[80.8,42.0],[80.6,42.0],[80.6,42.1],[80.4,42.1],[80.4,42.2],[80.3,42.2],[80.3,42.3],[80.1,42.3],[80.1,42.5],[79.9,42.5],[79.9,42.7],[79.7,42.7],[79.7,42.8],[79.5,42.8],[79.5,42.9],[79.4,42.9],[79.4,43.1],[79.3,43.1],[79.3,43.2],[79.2,43.2],[79.2,43.5],[79.1,43.5],[79.1,44.0],[79.0,44.0],[79.0,44.6],[78.7,44.6],[78.7,44.7],[78.2,44.7]]],[[[141.0,42.1],[140.9,42.1],[140.9,42.2],[140.2,42.2],[140.2,42.1],[140.1,42.1],[140.1,41.8],[140.0,41.8],[140.0,41.6],[140.1,41.6],[140.1,41.5],[140.4,41.5],[140.4,41.6],[140.5,41.6],[140.5,41.7],[140.6,41.7],[140.6,41.8],[141.0,41.8],[141.0,41.9],[141.1,41.9],[141.1,42.0],[141.0,42.0],[141.0,42.1]]]]},"properties":{"start_year":1584,"end_year":1585,"source_color":"#009900","polity_id":null,"polity_assignment":"unverified","geometry_origin":"raster_color_trace_stitched","pixel_size_degrees":0.1,"sources":[{"feature_id":"51:1580:#009900","tile_id":"51","start_year":1580,"end_year":1594,"source_image":"data/raw/toolbay/t/51/1580.png","source_url":"https://www.toolbay.cc/history-map/t/51/1580.png"},{"feature_id":"71:1582:#009900","tile_id":"71","start_year":1582,"end_year":1586,"source_image":"data/raw/toolbay/t/71/1582.png","source_url":"https://www.toolbay.cc/history-map/t/71/1582.png"}]}},{"type":"Feature","id":"merged:1584:#009999","bbox":[102.8,8.6,107.7,13.3],"geometry":{"type":"Polygon","coordinates":[[[106.6,13.3],[104.9,13.3],[104.9,13.1],[104.8,13.1],[104.8,13.0],[104.7,13.0],[104.7,12.9],[104.5,12.9],[104.5,12.8],[104.3,12.8],[104.3,12.7],[104.2,12.7],[104.2,12.6],[104.0,12.6],[104.0,12.5],[103.8,12.5],[103.8,12.4],[103.7,12.4],[103.7,12.3],[103.5,12.3],[103.5,12.2],[103.3,12.2],[103.3,12.1],[103.1,12.1],[103.1,12.0],[102.8,12.0],[102.8,11.8],[102.9,11.8],[102.9,11.6],[103.0,11.6],[103.0,11.3],[103.1,11.3],[103.1,10.9],[103.4,10.9],[103.4,11.0],[103.6,11.0],[103.6,10.6],[103.7,10.6],[103.7,10.5],[103.8,10.5],[103.8,10.4],[104.0,10.4],[104.0,10.5],[104.2,10.5],[104.2,10.6],[104.3,10.6],[104.3,10.5],[104.4,10.5],[104.4,10.4],[104.5,10.4],[104.5,10.3],[104.7,10.3],[104.7,10.2],[104.9,10.2],[104.9,10.1],[105.0,10.1],[105.0,9.9],[104.9,9.9],[104.9,9.7],[104.8,9.7],[104.8,8.7],[104.9,8.7],[104.9,8.6],[105.1,8.6],[105.1,8.7],[105.2,8.7],[105.2,8.8],[105.3,8.8],[105.3,8.9],[105.4,8.9],[105.4,9.0],[105.5,9.0],[105.5,9.1],[105.6,9.1],[105.6,9.2],[105.8,9.2],[105.8,9.3],[106.1,9.3],[106.1,9.4],[106.2,9.4],[106.2,9.5],[106.3,9.5],[106.3,9.6],[106.5,9.6],[106.5,9.7],[106.6,9.7],[106.6,9.8],[106.7,9.8],[106.7,10.0],[106.8,10.0],[106.8,10.4],[106.9,10.4],[106.9,10.6],[106.8,10.6],[106.8,10.7],[106.7,10.7],[106.7,10.8],[106.6,10.8],[106.6,10.9],[106.7,10.9],[106.7,11.1],[106.8,11.1],[106.8,11.3],[106.9,11.3],[106.9,11.4],[107.0,11.4],[107.0,11.6],[107.1,11.6],[107.1,11.7],[107.2,11.7],[107.2,11.8],[107.3,11.8],[107.3,12.0],[107.4,12.0],[107.4,12.3],[107.5,12.3],[107.5,12.6],[107.6,12.6],[107.6,12.8],[107.7,12.8],[107.7,13.2],[106.6,13.2],[106.6,13.3]],[[105.2,10.8],[105.2,10.9],[105.3,10.9],[105.3,10.7],[105.1,10.7],[105.1,10.8],[105.2,10.8]]]},"properties":{"start_year":1584,"end_year":1585,"source_color":"#009999","polity_id":null,"polity_assignment":"unverified","geometry_origin":"raster_color_trace_stitched","pixel_size_degrees":0.1,"sources":[{"feature_id":"61:1584:#009999","tile_id":"61","start_year":1584,"end_year":1585,"source_image":"data/raw/toolbay/t/61/1584.png","source_url":"https://www.toolbay.cc/history-map/t/61/1584.png"}]}},{"type":"Feature","id":"merged:1584:#00ff00","bbox":[60.0,2.3,141.8,46.3],"geometry":{"type":"MultiPolygon","coordinates":[[[[95.9,5.6],[95.8,5.6],[95.8,5.7],[95.5,5.7],[95.5,5.8],[95.2,5.8],[95.2,5.3],[95.3,5.3],[95.3,5.1],[95.4,5.1],[95.4,4.9],[95.5,4.9],[95.5,4.8],[95.6,4.8],[95.6,4.7],[95.7,4.7],[95.7,4.6],[95.8,4.6],[95.8,4.5],[95.9,4.5],[95.9,4.4],[96.0,4.4],[96.0,4.3],[96.1,4.3],[96.1,4.2],[96.2,4.2],[96.2,4.1],[96.3,4.1],[96.3,4.0],[96.4,4.0],[96.4,3.9],[96.5,3.9],[96.5,3.8],[96.9,3.8],[96.9,3.7],[97.0,3.7],[97.0,3.5],[97.1,3.5],[97.1,3.4],[97.2,3.4],[97.2,3.3],[97.3,3.3],[97.3,3.1],[97.4,3.1],[97.4,3.0],[97.5,3.0],[97.5,2.9],[97.6,2.9],[97.6,2.6],[97.7,2.6],[97.7,2.4],[97.8,2.4],[97.8,2.3],[98.2,2.3],[98.2,2.5],[98.3,2.5],[98.3,2.7],[98.4,2.7],[98.4,3.0],[98.5,3.0],[98.5,3.2],[98.6,3.2],[98.6,3.5],[98.7,3.5],[98.7,4.0],[98.6,4.0],[98.6,4.1],[98.4,4.1],[98.4,4.2],[98.3,4.2],[98.3,4.5],[98.2,4.5],[98.2,4.6],[98.1,4.6],[98.1,4.7],[98.0,4.7],[98.0,4.9],[97.9,4.9],[97.9,5.0],[97.8,5.0],[97.8,5.1],[97.7,5.1],[97.7,5.2],[97.6,5.2],[97.6,5.3],[97.1,5.3],[97.1,5.4],[96.7,5.4],[96.7,5.3],[96.3,5.3],[96.3,5.4],[96.1,5.4],[96.1,5.5],[95.9,5.5],[95.9,5.6]]],[[[81.5,8.3],[81.4,8.3],[81.4,8.6],[81.3,8.6],[81.3,8.7],[80.8,8.7],[80.8,8.6],[80.6,8.6],[80.6,8.5],[80.5,8.5],[80.5,8.4],[80.4,8.4],[80.4,6.9],[80.5,6.9],[80.5,6.8],[80.6,6.8],[80.6,6.7],[80.7,6.7],[80.7,6.5],[80.8,6.5],[80.8,6.3],[80.9,6.3],[80.9,6.1],[81.1,6.1],[81.1,6.2],[81.4,6.2],[81.4,6.3],[81.5,6.3],[81.5,6.4],[81.6,6.4],[81.6,6.5],[81.7,6.5],[81.7,6.6],[81.8,6.6],[81.8,6.8],[81.9,6.8],[81.9,7.2],[81.8,7.2],[81.8,7.8],[81.7,7.8],[81.7,7.9],[81.6,7.9],[81.6,8.1],[81.5,8.1],[81.5,8.3]]],[[[106.1,22.6],[106.1,22.7],[105.8,22.7],[105.8,22.8],[105.3,22.8],[105.3,22.9],[104.5,22.9],[104.5,22.8],[104.0,22.8],[104.0,22.7],[103.7,22.7],[103.7,22.5],[103.8,22.5],[103.8,22.2],[103.9,22.2],[103.9,22.0],[104.0,22.0],[104.0,21.8],[104.1,21.8],[104.1,21.1],[104.0,21.1],[104.0,19.8],[104.1,19.8],[104.1,19.5],[104.2,19.5],[104.2,19.1],[104.3,19.1],[104.3,18.2],[104.4,18.2],[104.4,18.1],[104.3,18.1],[104.3,17.6],[104.4,17.6],[104.4,17.3],[104.5,17.3],[104.5,17.1],[104.6,17.1],[104.6,16.9],[104.7,16.9],[104.7,16.8],[104.8,16.8],[104.8,16.6],[104.9,16.6],[104.9,16.5],[105.0,16.5],[105.0,16.4],[105.1,16.4],[105.1,16.3],[105.2,16.3],[105.2,16.2],[105.4,16.2],[105.4,16.1],[105.6,16.1],[105.6,16.0],[105.8,16.0],[105.8,15.9],[105.9,15.9],[105.9,15.8],[106.0,15.8],[106.0,15.7],[106.1,15.7],[106.1,15.6],[106.2,15.6],[106.2,15.5],[106.3,15.5],[106.3,15.4],[106.4,15.4],[106.4,15.3],[106.5,15.3],[106.5,15.2],[106.6,15.2],[106.6,15.1],[106.7,15.1],[106.7,15.0],[106.9,15.0],[106.9,14.9],[107.0,14.9],[107.0,14.8],[107.1,14.8],[107.1,14.7],[107.2,14.7],[107.2,14.6],[107.3,14.6],[107.3,14.5],[107.4,14.5],[107.4,14.4],[107.5,14.4],[107.5,14.2],[107.6,14.2],[107.6,14.0],[107.7,14.0],[107.7,12.8],[107.6,12.8],[107.6,12.6],[107.5,12.6],[107.5,12.3],[107.4,12.3],[107.4,12.0],[107.3,12.0],[107.3,11.8],[107.2,11.8],[107.2,11.7],[107.1,11.7],[107.1,11.6],[107.0,11.6],[107.0,11.4],[106.9,11.4],[106.9,11.3],[106.8,11.3],[106.8,11.1],[106.7,11.1],[106.7,10.9],[106.6,10.9],[106.6,10.8],[106.7,10.8],[106.7,10.7],[106.8,10.7],[106.8,10.6],[106.9,10.6],[106.9,10.5],[107.1,10.5],[107.1,10.4],[107.3,10.4],[107.3,10.5],[107.5,10.5],[107.5,10.6],[107.7,10.6],[107.7,10.7],[108.0,10.7],[108.0,10.8],[108.1,10.8],[108.1,10.9],[108.2,10.9],[108.2,11.0],[108.4,11.0],[108.4,11.1],[108.5,11.1],[108.5,11.2],[108.7,11.2],[108.7,11.3],[108.9,11.3],[108.9,11.4],[109.0,11.4],[109.0,11.5],[109.1,11.5],[109.1,11.6],[109.2,11.6],[109.2,11.7],[109.3,11.7],[109.3,12.3],[109.4,12.3],[109.4,12.6],[109.5,12.6],[109.5,13.1],[109.4,13.1],[109.4,13.7],[109.3,13.7],[109.3,14.3],[109.2,14.3],[109.2,14.6],[109.1,14.6],[109.1,14.9],[109.0,14.9],[109.0,15.3],[108.9,15.3],[108.9,15.4],[108.8,15.4],[108.8,15.5],[108.7,15.5],[108.7,15.6],[108.6,15.6],[108.6,15.7],[108.5,15.7],[108.5,15.9],[108.4,15.9],[108.4,16.0],[108.3,16.0],[108.3,16.2],[108.2,16.2],[108.2,16.3],[108.1,16.3],[108.1,16.4],[107.9,16.4],[107.9,16.5],[107.8,16.5],[107.8,16.6],[107.7,16.6],[107.7,16.7],[107.5,16.7],[107.5,16.8],[107.4,16.8],[107.4,16.9],[107.3,16.9],[107.3,17.0],[107.2,17.0],[107.2,17.1],[107.1,17.1],[107.1,17.2],[107.0,17.2],[107.0,17.3],[106.9,17.3],[106.9,17.4],[106.8,17.4],[106.8,17.5],[106.7,17.5],[106.7,17.6],[106.6,17.6],[106.6,17.8],[106.5,17.8],[106.5,18.2],[106.4,18.2],[106.4,18.3],[106.2,18.3],[106.2,18.4],[106.1,18.4],[106.1,18.5],[106.0,18.5],[106.0,18.6],[105.9,18.6],[105.9,18.7],[105.8,18.7],[105.8,18.9],[105.7,18.9],[105.7,19.1],[105.8,19.1],[105.8,19.3],[105.9,19.3],[105.9,19.8],[106.0,19.8],[106.0,19.9],[106.1,19.9],[106.1,20.0],[106.2,20.0],[106.2,20.1],[106.3,20.1],[106.3,20.2],[106.4,20.2],[106.4,20.3],[106.5,20.3],[106.5,20.4],[106.6,20.4],[106.6,20.6],[106.7,20.6],[106.7,20.7],[106.9,20.7],[106.9,20.8],[107.1,20.8],[107.1,20.9],[107.5,20.9],[107.5,21.0],[107.6,21.0],[107.6,21.1],[107.7,21.1],[107.7,21.3],[107.8,21.3],[107.8,21.4],[108.0,21.4],[108.0,21.5],[108.2,21.5],[108.2,21.6],[108.1,21.6],[108.1,21.8],[108.0,21.8],[108.0,21.9],[107.9,21.9],[107.9,22.0],[107.8,22.0],[107.8,22.1],[107.7,22.1],[107.7,22.2],[107.6,22.2],[107.6,22.3],[107.3,22.3],[107.3,22.4],[107.2,22.4],[107.2,22.5],[106.9,22.5],[106.9,22.6],[106.1,22.6]]],[[[75.9,20.2],[75.9,20.3],[75.8,20.3],[75.8,20.4],[75.7,20.4],[75.7,20.5],[75.6,20.5],[75.6,20.4],[75.4,20.4],[75.4,20.3],[75.2,20.3],[75.2,20.2],[75.0,20.2],[75.0,20.1],[74.6,20.1],[74.6,20.0],[74.3,20.0],[74.3,19.9],[74.1,19.9],[74.1,19.8],[73.9,19.8],[73.9,19.7],[73.7,19.7],[73.7,19.6],[73.4,19.6],[73.4,19.5],[73.1,19.5],[73.1,19.4],[72.8,19.4],[72.8,18.9],[72.9,18.9],[72.9,18.3],[73.0,18.3],[73.0,18.0],[73.1,18.0],[73.1,17.6],[73.2,17.6],[73.2,17.5],[75.3,17.5],[75.3,17.6],[76.4,17.6],[76.4,17.7],[76.6,17.7],[76.6,17.8],[76.7,17.8],[76.7,17.9],[76.8,17.9],[76.8,18.0],[76.9,18.0],[76.9,18.1],[77.0,18.1],[77.0,18.2],[77.1,18.2],[77.1,19.1],[77.0,19.1],[77.0,19.2],[76.9,19.2],[76.9,19.4],[76.8,19.4],[76.8,19.6],[76.7,19.6],[76.7,19.7],[76.6,19.7],[76.6,19.8],[76.5,19.8],[76.5,19.9],[76.3,19.9],[76.3,20.0],[76.1,20.0],[76.1,20.1],[76.0,20.1],[76.0,20.2],[75.9,20.2]]],[[[130.8,33.3],[130.8,33.7],[130.7,33.7],[130.7,33.8],[130.6,33.8],[130.6,33.9],[130.4,33.9],[130.4,33.8],[130.2,33.8],[130.2,33.7],[130.1,33.7],[130.1,33.6],[129.9,33.6],[129.9,33.7],[129.7,33.7],[129.7,33.5],[129.5,33.5],[129.5,33.4],[129.6,33.4],[129.6,33.0],[129.7,33.0],[129.7,32.8],[129.8,32.8],[129.8,32.7],[130.0,32.7],[130.0,32.8],[129.9,32.8],[129.9,33.0],[130.1,33.0],[130.1,32.7],[130.3,32.7],[130.3,32.9],[130.4,32.9],[130.4,33.0],[130.3,33.0],[130.3,33.1],[130.2,33.1],[130.2,33.2],[130.4,33.2],[130.4,33.1],[130.5,33.1],[130.5,32.9],[130.6,32.9],[130.6,32.8],[130.5,32.8],[130.5,32.7],[130.4,32.7],[130.4,32.6],[130.2,32.6],[130.2,32.5],[130.1,32.5],[130.1,32.1],[130.2,32.1],[130.2,31.8],[130.3,31.8],[130.3,31.5],[130.2,31.5],[130.2,31.4],[130.3,31.4],[130.3,31.3],[130.5,31.3],[130.5,31.2],[130.7,31.2],[130.7,31.4],[130.6,31.4],[130.6,31.6],[130.7,31.6],[130.7,31.5],[130.8,31.5],[130.8,31.6],[130.9,31.6],[130.9,31.5],[131.0,31.5],[131.0,31.4],[130.8,31.4],[130.8,31.2],[131.1,31.2],[131.1,31.3],[131.2,31.3],[131.2,31.4],[131.4,31.4],[131.4,31.5],[131.5,31.5],[131.5,32.1],[131.6,32.1],[131.6,32.4],[131.1,32.4],[131.1,32.8],[131.0,32.8],[131.0,33.0],[130.9,33.0],[130.9,33.3],[130.8,33.3]]],[[[140.9,37.0],[140.8,37.0],[140.8,37.1],[140.6,37.1],[140.6,37.2],[140.5,37.2],[140.5,37.1],[140.4,37.1],[140.4,37.0],[140.3,37.0],[140.3,36.8],[140.2,36.8],[140.2,36.7],[140.1,36.7],[140.1,36.5],[140.0,36.5],[140.0,36.3],[140.2,36.3],[140.2,36.2],[140.3,36.2],[140.3,36.1],[140.5,36.1],[140.5,36.0],[140.7,36.0],[140.7,36.2],[140.6,36.2],[140.6,36.4],[140.7,36.4],[140.7,36.7],[140.8,36.7],[140.8,36.9],[140.9,36.9],[140.9,37.0]]],[[[141.4,41.4],[141.3,41.4],[141.3,41.5],[141.1,41.5],[141.1,41.6],[140.9,41.6],[140.9,41.5],[140.8,41.5],[140.8,41.3],[140.9,41.3],[140.9,41.2],[141.0,41.2],[141.0,41.0],[140.8,41.0],[140.8,41.1],[140.7,41.1],[140.7,41.2],[140.6,41.2],[140.6,41.3],[140.4,41.3],[140.4,41.2],[140.3,41.2],[140.3,40.9],[140.2,40.9],[140.2,40.8],[140.6,40.8],[140.6,40.7],[140.8,40.7],[140.8,40.4],[140.9,40.4],[140.9,40.3],[141.8,40.3],[141.8,40.5],[141.7,40.5],[141.7,40.6],[141.6,40.6],[141.6,40.7],[141.5,40.7],[141.5,40.9],[141.4,40.9],[141.4,41.4]]],[[[63.9,44.6],[63.9,44.8],[63.8,44.8],[63.8,45.0],[63.7,45.0],[63.7,45.6],[63.8,45.6],[63.8,45.8],[63.9,45.8],[63.9,45.9],[62.6,45.9],[62.6,46.0],[62.2,46.0],[62.2,46.1],[61.8,46.1],[61.8,46.2],[61.4,46.2],[61.4,46.3],[61.2,46.3],[61.2,46.2],[61.1,46.2],[61.1,46.1],[61.0,46.1],[61.0,46.0],[60.9,46.0],[60.9,45.6],[61.0,45.6],[61.0,45.5],[61.1,45.5],[61.1,45.4],[61.2,45.4],[61.2,45.2],[61.3,45.2],[61.3,45.1],[61.4,45.1],[61.4,45.0],[61.4,44.9],[61.3,44.9],[61.3,44.8],[61.1,44.8],[61.1,44.7],[61.0,44.7],[61.0,44.5],[60.9,44.5],[60.9,44.3],[60.8,44.3],[60.8,44.2],[60.6,44.2],[60.6,44.1],[60.3,44.1],[60.3,44.0],[60.2,44.0],[60.2,43.9],[60.1,43.9],[60.1,43.8],[60.0,43.8],[60.0,40.0],[60.0,39.9],[60.4,39.9],[60.4,39.8],[60.7,39.8],[60.7,39.7],[60.9,39.7],[60.9,39.6],[61.1,39.6],[61.1,39.5],[61.3,39.5],[61.3,39.4],[61.4,39.4],[61.4,39.3],[61.5,39.3],[61.5,39.2],[61.7,39.2],[61.7,39.1],[61.8,39.1],[61.8,39.0],[61.9,39.0],[61.9,38.9],[62.1,38.9],[62.1,38.8],[62.2,38.8],[62.2,38.7],[62.3,38.7],[62.3,38.6],[62.5,38.6],[62.5,38.5],[62.6,38.5],[62.6,38.4],[62.7,38.4],[62.7,38.3],[62.8,38.3],[62.8,38.2],[63.0,38.2],[63.0,38.1],[63.2,38.1],[63.2,38.0],[63.3,38.0],[63.3,37.9],[63.5,37.9],[63.5,37.8],[64.1,37.8],[64.1,37.9],[65.2,37.9],[65.2,38.0],[65.7,38.0],[65.7,38.1],[66.1,38.1],[66.1,38.2],[66.4,38.2],[66.4,38.3],[66.7,38.3],[66.7,38.4],[67.1,38.4],[67.1,38.5],[67.3,38.5],[67.3,38.6],[67.5,38.6],[67.5,38.7],[67.8,38.7],[67.8,38.8],[67.9,38.8],[67.9,38.9],[68.1,38.9],[68.1,39.0],[68.3,39.0],[68.3,39.1],[68.4,39.1],[68.4,39.2],[68.6,39.2],[68.6,39.3],[68.7,39.3],[68.7,39.9],[68.8,39.9],[68.8,40.2],[68.9,40.2],[68.9,40.3],[68.8,40.3],[68.8,40.4],[68.7,40.4],[68.7,40.6],[68.6,40.6],[68.6,40.7],[68.5,40.7],[68.5,40.8],[68.4,40.8],[68.4,41.0],[68.3,41.0],[68.3,41.2],[68.2,41.2],[68.2,41.3],[68.1,41.3],[68.1,41.4],[68.0,41.4],[68.0,41.5],[67.8,41.5],[67.8,41.6],[67.7,41.6],[67.7,41.7],[67.5,41.7],[67.5,41.8],[67.4,41.8],[67.4,41.9],[67.3,41.9],[67.3,42.0],[67.2,42.0],[67.2,42.1],[67.0,42.1],[67.0,42.2],[66.9,42.2],[66.9,42.3],[66.8,42.3],[66.8,42.4],[66.7,42.4],[66.7,42.6],[66.6,42.6],[66.6,42.7],[66.4,42.7],[66.4,42.9],[66.3,42.9],[66.3,43.0],[66.2,43.0],[66.2,43.1],[66.1,43.1],[66.1,43.2],[66.0,43.2],[66.0,43.3],[65.6,43.3],[65.6,43.4],[65.3,43.4],[65.3,43.5],[65.2,43.5],[65.2,43.6],[65.0,43.6],[65.0,43.7],[64.8,43.7],[64.8,43.8],[64.7,43.8],[64.7,43.9],[64.5,43.9],[64.5,44.0],[64.4,44.0],[64.4,44.1],[64.3,44.1],[64.3,44.2],[64.2,44.2],[64.2,44.3],[64.1,44.3],[64.1,44.5],[64.0,44.5],[64.0,44.6],[63.9,44.6]]]]},"properties":{"start_year":1584,"end_year":1585,"source_color":"#00ff00","polity_id":null,"polity_assignment":"unverified","geometry_origin":"raster_color_trace_stitched","pixel_size_degrees":0.1,"sources":[{"feature_id":"50:1556:#00ff00","tile_id":"50","start_year":1556,"end_year":1598,"source_image":"data/raw/toolbay/t/50/1556.png","source_url":"https://www.toolbay.cc/history-map/t/50/1556.png"},{"feature_id":"51:1580:#00ff00","tile_id":"51","start_year":1580,"end_year":1594,"source_image":"data/raw/toolbay/t/51/1580.png","source_url":"https://www.toolbay.cc/history-map/t/51/1580.png"},{"feature_id":"61:1584:#00ff00","tile_id":"61","start_year":1584,"end_year":1585,"source_image":"data/raw/toolbay/t/61/1584.png","source_url":"https://www.toolbay.cc/history-map/t/61/1584.png"},{"feature_id":"71:1582:#00ff00","tile_id":"71","start_year":1582,"end_year":1586,"source_image":"data/raw/toolbay/t/71/1582.png","source_url":"https://www.toolbay.cc/history-map/t/71/1582.png"}]}},{"type":"Feature","id":"merged:1584:#00ffff","bbox":[77.0,18.4,138.6,42.0],"geometry":{"type":"MultiPolygon","coordinates":[[[[83.6,23.7],[83.4,23.7],[83.4,23.8],[83.1,23.8],[83.1,23.7],[82.8,23.7],[82.8,23.6],[81.9,23.6],[81.9,23.5],[81.6,23.5],[81.6,23.4],[81.1,23.4],[81.1,23.3],[80.7,23.3],[80.7,23.2],[80.2,23.2],[80.2,23.1],[79.8,23.1],[79.8,23.0],[79.5,23.0],[79.5,23.1],[78.3,23.1],[78.3,23.0],[77.3,23.0],[77.3,22.9],[77.2,22.9],[77.2,22.8],[77.1,22.8],[77.1,22.3],[77.0,22.3],[77.0,21.4],[77.1,21.4],[77.1,21.1],[77.2,21.1],[77.2,20.8],[77.3,20.8],[77.3,20.6],[77.4,20.6],[77.4,20.4],[77.5,20.4],[77.5,20.3],[77.6,20.3],[77.6,20.2],[77.7,20.2],[77.7,20.0],[77.8,20.0],[77.8,19.9],[77.9,19.9],[77.9,19.7],[78.1,19.7],[78.1,19.6],[78.2,19.6],[78.2,19.5],[78.3,19.5],[78.3,19.4],[78.5,19.4],[78.5,19.3],[78.7,19.3],[78.7,19.2],[78.8,19.2],[78.8,19.1],[78.9,19.1],[78.9,19.0],[79.1,19.0],[79.1,18.9],[79.3,18.9],[79.3,18.8],[79.5,18.8],[79.5,18.7],[79.7,18.7],[79.7,18.6],[79.8,18.6],[79.8,18.5],[80.0,18.5],[80.0,18.4],[81.4,18.4],[81.4,18.5],[81.9,18.5],[81.9,18.6],[82.4,18.6],[82.4,18.7],[82.7,18.7],[82.7,18.8],[82.9,18.8],[82.9,18.9],[83.0,18.9],[83.0,19.0],[83.1,19.0],[83.1,19.1],[83.3,19.1],[83.3,19.2],[83.4,19.2],[83.4,19.3],[83.5,19.3],[83.5,19.4],[83.7,19.4],[83.7,19.6],[83.9,19.6],[83.9,19.7],[84.0,19.7],[84.0,19.9],[84.1,19.9],[84.1,20.0],[84.2,20.0],[84.2,20.2],[84.4,20.2],[84.4,20.3],[84.5,20.3],[84.5,20.4],[84.6,20.4],[84.6,20.5],[84.7,20.5],[84.7,20.6],[84.8,20.6],[84.8,20.7],[84.9,20.7],[84.9,20.8],[85.0,20.8],[85.0,20.9],[85.1,20.9],[85.1,21.1],[85.2,21.1],[85.2,21.3],[85.3,21.3],[85.3,21.4],[85.4,21.4],[85.4,21.5],[85.6,21.5],[85.6,21.6],[85.8,21.6],[85.8,21.7],[85.9,21.7],[85.9,21.8],[86.0,21.8],[86.0,22.0],[85.9,22.0],[85.9,22.1],[85.8,22.1],[85.8,22.2],[85.7,22.2],[85.7,22.3],[85.6,22.3],[85.6,22.4],[85.4,22.4],[85.4,22.5],[85.3,22.5],[85.3,22.6],[85.1,22.6],[85.1,22.7],[85.0,22.7],[85.0,22.8],[84.9,22.8],[84.9,22.9],[84.7,22.9],[84.7,23.0],[84.6,23.0],[84.6,23.1],[84.4,23.1],[84.4,23.2],[84.1,23.2],[84.1,23.3],[83.9,23.3],[83.9,23.4],[83.8,23.4],[83.8,23.5],[83.7,23.5],[83.7,23.6],[83.6,23.6],[83.6,23.7]]],[[[126.9,33.4],[126.9,33.5],[126.8,33.5],[126.8,33.6],[126.4,33.6],[126.4,33.5],[126.3,33.5],[126.3,33.4],[126.4,33.4],[126.4,33.3],[126.8,33.3],[126.8,33.4],[126.9,33.4]]],[[[129.6,41.8],[129.6,41.9],[129.4,41.9],[129.4,42.0],[128.9,42.0],[128.9,41.9],[128.7,41.9],[128.7,41.8],[128.4,41.8],[128.4,41.7],[128.1,41.7],[128.1,41.6],[127.9,41.6],[127.9,41.5],[127.7,41.5],[127.7,41.4],[127.3,41.4],[127.3,41.3],[127.0,41.3],[127.0,41.2],[126.8,41.2],[126.8,41.1],[126.5,41.1],[126.5,41.0],[126.4,41.0],[126.4,40.9],[126.1,40.9],[126.1,40.8],[125.7,40.8],[125.7,40.7],[125.4,40.7],[125.4,40.6],[124.8,40.6],[124.8,40.5],[124.7,40.5],[124.7,40.3],[124.5,40.3],[124.5,39.7],[124.7,39.7],[124.7,39.6],[125.3,39.6],[125.3,39.5],[125.4,39.5],[125.4,39.3],[125.3,39.3],[125.3,39.1],[125.2,39.1],[125.2,39.0],[125.1,39.0],[125.1,38.7],[125.0,38.7],[125.0,38.6],[124.9,38.6],[124.9,38.1],[125.0,38.1],[125.0,37.9],[125.1,37.9],[125.1,37.8],[125.2,37.8],[125.2,37.7],[125.4,37.7],[125.4,37.8],[125.7,37.8],[125.7,37.9],[126.0,37.9],[126.0,37.8],[126.3,37.8],[126.3,37.7],[126.4,37.7],[126.4,37.4],[126.5,37.4],[126.5,37.2],[126.4,37.2],[126.4,37.1],[126.3,37.1],[126.3,37.0],[126.2,37.0],[126.2,36.9],[126.1,36.9],[126.1,36.7],[126.2,36.7],[126.2,36.6],[126.3,36.6],[126.3,36.5],[126.4,36.5],[126.4,36.4],[126.5,36.4],[126.5,36.2],[126.6,36.2],[126.6,35.8],[126.5,35.8],[126.5,35.5],[126.4,35.5],[126.4,35.4],[126.3,35.4],[126.3,35.3],[126.2,35.3],[126.2,35.2],[126.1,35.2],[126.1,35.1],[126.0,35.1],[126.0,34.9],[125.9,34.9],[125.9,34.6],[126.0,34.6],[126.0,34.5],[126.1,34.5],[126.1,34.4],[126.5,34.4],[126.5,34.3],[126.6,34.3],[126.6,34.2],[126.9,34.2],[126.9,34.3],[127.0,34.3],[127.0,34.4],[127.5,34.4],[127.5,34.5],[127.8,34.5],[127.8,34.6],[127.9,34.6],[127.9,34.7],[128.2,34.7],[128.2,34.8],[128.3,34.8],[128.3,34.7],[128.4,34.7],[128.4,34.8],[128.7,34.8],[128.7,34.9],[128.8,34.9],[128.8,35.0],[128.9,35.0],[128.9,35.1],[129.2,35.1],[129.2,35.2],[129.3,35.2],[129.3,35.4],[129.4,35.4],[129.4,35.5],[129.5,35.5],[129.5,35.8],[129.6,35.8],[129.6,36.1],[129.5,36.1],[129.5,36.2],[129.4,36.2],[129.4,36.5],[129.5,36.5],[129.5,37.1],[129.4,37.1],[129.4,37.4],[129.3,37.4],[129.3,37.5],[129.2,37.5],[129.2,37.7],[129.1,37.7],[129.1,37.8],[129.0,37.8],[129.0,37.9],[128.9,37.9],[128.9,38.0],[128.8,38.0],[128.8,38.1],[128.7,38.1],[128.7,38.3],[128.6,38.3],[128.6,38.5],[128.5,38.5],[128.5,38.6],[128.4,38.6],[128.4,38.7],[128.3,38.7],[128.3,38.8],[128.2,38.8],[128.2,38.9],[128.1,38.9],[128.1,39.0],[127.9,39.0],[127.9,39.1],[127.8,39.1],[127.8,39.2],[127.7,39.2],[127.7,39.3],[127.6,39.3],[127.6,39.8],[127.7,39.8],[127.7,39.9],[127.9,39.9],[127.9,40.0],[128.3,40.0],[128.3,40.1],[128.5,40.1],[128.5,40.2],[128.6,40.2],[128.6,40.3],[128.8,40.3],[128.8,40.4],[128.9,40.4],[128.9,40.5],[129.1,40.5],[129.1,40.6],[129.2,40.6],[129.2,40.7],[129.4,40.7],[129.4,40.8],[129.6,40.8],[129.6,40.9],[129.7,40.9],[129.7,41.0],[129.8,41.0],[129.8,41.7],[129.7,41.7],[129.7,41.8],[129.6,41.8]]],[[[138.5,38.3],[138.6,38.3],[138.6,38.4],[138.4,38.4],[138.4,38.3],[138.3,38.3],[138.3,38.2],[138.2,38.2],[138.2,38.1],[138.3,38.1],[138.3,38.0],[138.2,38.0],[138.2,37.9],[138.4,37.9],[138.4,38.0],[138.5,38.0],[138.5,38.1],[138.6,38.1],[138.6,38.2],[138.5,38.2],[138.5,38.3]]]]},"properties":{"start_year":1584,"end_year":1585,"source_color":"#00ffff","polity_id":null,"polity_assignment":"unverified","geometry_origin":"raster_color_trace_stitched","pixel_size_degrees":0.1,"sources":[{"feature_id":"51:1580:#00ffff","tile_id":"51","start_year":1580,"end_year":1594,"source_image":"data/raw/toolbay/t/51/1580.png","source_url":"https://www.toolbay.cc/history-map/t/51/1580.png"},{"feature_id":"61:1584:#00ffff","tile_id":"61","start_year":1584,"end_year":1585,"source_image":"data/raw/toolbay/t/61/1584.png","source_url":"https://www.toolbay.cc/history-map/t/61/1584.png"},{"feature_id":"71:1582:#00ffff","tile_id":"71","start_year":1582,"end_year":1586,"source_image":"data/raw/toolbay/t/71/1582.png","source_url":"https://www.toolbay.cc/history-map/t/71/1582.png"}]}},{"type":"Feature","id":"merged:1584:#990000","bbox":[134.0,33.6,139.0,37.5],"geometry":{"type":"MultiPolygon","coordinates":[[[[134.9,34.3],[135.0,34.3],[135.0,34.6],[134.9,34.6],[134.9,34.5],[134.8,34.5],[134.8,34.4],[134.7,34.4],[134.7,34.2],[134.9,34.2],[134.9,34.3]]],[[[134.8,34.8],[134.8,34.7],[135.0,34.7],[135.1,34.7],[135.1,34.6],[135.2,34.6],[135.2,34.4],[135.1,34.4],[135.1,34.3],[135.4,34.3],[135.4,34.2],[135.5,34.2],[135.5,34.1],[135.6,34.1],[135.6,34.0],[135.7,34.0],[135.7,33.7],[135.8,33.7],[135.8,33.6],[136.0,33.6],[136.0,33.7],[136.1,33.7],[136.1,33.9],[136.2,33.9],[136.2,34.0],[136.3,34.0],[136.3,34.2],[136.4,34.2],[136.4,34.3],[136.9,34.3],[136.9,34.6],[136.7,34.6],[136.7,34.9],[136.8,34.9],[136.8,35.0],[136.9,35.0],[136.9,35.1],[137.0,35.1],[137.0,35.3],[137.2,35.3],[137.2,35.4],[137.6,35.4],[137.6,35.3],[137.9,35.3],[137.9,35.2],[138.1,35.2],[138.1,35.1],[138.2,35.1],[138.2,34.8],[138.3,34.8],[138.3,34.9],[138.4,34.9],[138.4,35.0],[138.5,35.0],[138.5,35.1],[138.6,35.1],[138.6,35.4],[138.7,35.4],[138.7,35.5],[138.8,35.5],[138.8,35.6],[139.0,35.6],[139.0,35.8],[138.9,35.8],[138.9,36.8],[139.0,36.8],[139.0,37.1],[138.9,37.1],[138.9,37.0],[138.6,37.0],[138.6,36.9],[138.2,36.9],[138.2,36.8],[137.9,36.8],[137.9,36.7],[137.7,36.7],[137.7,36.6],[137.3,36.6],[137.3,36.7],[137.2,36.7],[137.2,37.0],[137.1,37.0],[137.1,37.2],[137.2,37.2],[137.2,37.5],[136.8,37.5],[136.8,37.4],[136.7,37.4],[136.7,37.1],[136.8,37.1],[136.8,36.9],[136.7,36.9],[136.7,36.7],[136.6,36.7],[136.6,36.6],[136.5,36.6],[136.5,36.5],[136.3,36.5],[136.3,36.4],[136.2,36.4],[136.2,36.3],[136.1,36.3],[136.1,36.2],[136.0,36.2],[136.0,35.8],[135.9,35.8],[135.9,35.7],[135.7,35.7],[135.7,35.6],[135.5,35.6],[135.5,35.7],[135.4,35.7],[135.4,35.8],[135.0,35.8],[135.0,35.7],[134.3,35.7],[134.3,35.6],[134.1,35.6],[134.1,35.4],[134.0,35.4],[134.0,34.8],[134.1,34.8],[134.1,34.6],[134.4,34.6],[134.4,34.7],[134.5,34.7],[134.5,34.8],[134.8,34.8]]]]},"properties":{"start_year":1584,"end_year":1585,"source_color":"#990000","polity_id":null,"polity_assignment":"unverified","geometry_origin":"raster_color_trace_stitched","pixel_size_degrees":0.1,"sources":[{"feature_id":"61:1584:#990000","tile_id":"61","start_year":1584,"end_year":1585,"source_image":"data/raw/toolbay/t/61/1584.png","source_url":"https://www.toolbay.cc/history-map/t/61/1584.png"},{"feature_id":"71:1582:#990000","tile_id":"71","start_year":1582,"end_year":1586,"source_image":"data/raw/toolbay/t/71/1582.png","source_url":"https://www.toolbay.cc/history-map/t/71/1582.png"}]}},{"type":"Feature","id":"merged:1584:#990099","bbox":[99.9,13.2,141.4,38.9],"geometry":{"type":"MultiPolygon","coordinates":[[[[103.3,23.1],[103.3,23.2],[101.9,23.2],[101.9,23.1],[101.4,23.1],[101.4,23.0],[101.1,23.0],[101.1,22.9],[101.0,22.9],[101.0,22.8],[100.6,22.8],[100.6,22.7],[100.4,22.7],[100.4,22.6],[100.2,22.6],[100.2,22.4],[100.1,22.4],[100.1,22.3],[100.0,22.3],[100.0,22.1],[99.9,22.1],[99.9,21.8],[100.0,21.8],[100.0,21.5],[99.9,21.5],[99.9,20.3],[100.0,20.3],[100.0,20.0],[100.1,20.0],[100.1,19.9],[100.2,19.9],[100.2,19.7],[100.3,19.7],[100.3,19.5],[100.4,19.5],[100.4,19.3],[100.5,19.3],[100.5,19.1],[100.6,19.1],[100.6,18.9],[100.7,18.9],[100.7,18.7],[100.8,18.7],[100.8,18.6],[100.9,18.6],[100.9,18.2],[101.0,18.2],[101.0,18.0],[101.1,18.0],[101.1,17.8],[101.2,17.8],[101.2,17.5],[101.3,17.5],[101.3,17.3],[101.4,17.3],[101.4,17.2],[101.5,17.2],[101.5,16.9],[101.6,16.9],[101.6,16.8],[101.7,16.8],[101.7,16.7],[101.8,16.7],[101.8,16.5],[101.9,16.5],[101.9,16.4],[102.1,16.4],[102.1,16.3],[102.2,16.3],[102.2,16.2],[102.3,16.2],[102.3,16.1],[102.4,16.1],[102.4,15.8],[102.5,15.8],[102.5,15.7],[102.6,15.7],[102.6,15.6],[102.8,15.6],[102.8,15.5],[103.1,15.5],[103.1,15.4],[103.2,15.4],[103.2,15.3],[103.3,15.3],[103.3,15.2],[103.4,15.2],[103.4,15.1],[103.5,15.1],[103.5,14.9],[103.7,14.9],[103.7,14.8],[103.8,14.8],[103.8,14.7],[103.9,14.7],[103.9,14.5],[104.0,14.5],[104.0,14.4],[104.1,14.4],[104.1,14.3],[104.2,14.3],[104.2,14.2],[104.3,14.2],[104.3,14.1],[104.4,14.1],[104.4,13.9],[104.5,13.9],[104.5,13.8],[104.6,13.8],[104.6,13.7],[104.7,13.7],[104.7,13.6],[104.8,13.6],[104.8,13.5],[104.9,13.5],[104.9,13.3],[106.6,13.3],[106.6,13.2],[107.7,13.2],[107.7,14.0],[107.6,14.0],[107.6,14.2],[107.5,14.2],[107.5,14.4],[107.4,14.4],[107.4,14.5],[107.3,14.5],[107.3,14.6],[107.2,14.6],[107.2,14.7],[107.1,14.7],[107.1,14.8],[107.0,14.8],[107.0,14.9],[106.9,14.9],[106.9,15.0],[106.7,15.0],[106.7,15.1],[106.6,15.1],[106.6,15.2],[106.5,15.2],[106.5,15.3],[106.4,15.3],[106.4,15.4],[106.3,15.4],[106.3,15.5],[106.2,15.5],[106.2,15.6],[106.1,15.6],[106.1,15.7],[106.0,15.7],[106.0,15.8],[105.9,15.8],[105.9,15.9],[105.8,15.9],[105.8,16.0],[105.6,16.0],[105.6,16.1],[105.4,16.1],[105.4,16.2],[105.2,16.2],[105.2,16.3],[105.1,16.3],[105.1,16.4],[105.0,16.4],[105.0,16.5],[104.9,16.5],[104.9,16.6],[104.8,16.6],[104.8,16.8],[104.7,16.8],[104.7,16.9],[104.6,16.9],[104.6,17.1],[104.5,17.1],[104.5,17.3],[104.4,17.3],[104.4,17.6],[104.3,17.6],[104.3,18.1],[104.4,18.1],[104.4,18.2],[104.3,18.2],[104.3,19.1],[104.2,19.1],[104.2,19.5],[104.1,19.5],[104.1,19.8],[104.0,19.8],[104.0,21.1],[104.1,21.1],[104.1,21.8],[104.0,21.8],[104.0,22.0],[103.9,22.0],[103.9,22.2],[103.8,22.2],[103.8,22.5],[103.7,22.5],[103.7,22.7],[103.6,22.7],[103.6,22.9],[103.5,22.9],[103.5,23.0],[103.4,23.0],[103.4,23.1],[103.3,23.1]]],[[[141.1,38.8],[141.1,38.9],[140.3,38.9],[140.3,38.8],[140.1,38.8],[140.1,38.7],[140.0,38.7],[140.0,38.2],[139.9,38.2],[139.9,38.0],[140.2,38.0],[140.2,38.1],[140.6,38.1],[140.6,38.0],[140.9,38.0],[140.9,37.9],[141.0,37.9],[141.0,38.3],[141.1,38.3],[141.1,38.4],[141.4,38.4],[141.4,38.6],[141.3,38.6],[141.3,38.7],[141.2,38.7],[141.2,38.8],[141.1,38.8]]]]},"properties":{"start_year":1584,"end_year":1585,"source_color":"#990099","polity_id":null,"polity_assignment":"unverified","geometry_origin":"raster_color_trace_stitched","pixel_size_degrees":0.1,"sources":[{"feature_id":"61:1584:#990099","tile_id":"61","start_year":1584,"end_year":1585,"source_image":"data/raw/toolbay/t/61/1584.png","source_url":"https://www.toolbay.cc/history-map/t/61/1584.png"},{"feature_id":"71:1582:#990099","tile_id":"71","start_year":1582,"end_year":1586,"source_image":"data/raw/toolbay/t/71/1582.png","source_url":"https://www.toolbay.cc/history-map/t/71/1582.png"}]}},{"type":"Feature","id":"merged:1584:#993300","bbox":[81.9,2.4,125.8,55.1],"geometry":{"type":"MultiPolygon","coordinates":[[[[116.6,5.7],[116.6,6.3],[116.5,6.3],[116.5,6.5],[116.3,6.5],[116.3,6.4],[116.2,6.4],[116.2,6.3],[116.1,6.3],[116.1,6.1],[116.0,6.1],[116.0,5.9],[115.9,5.9],[115.9,5.8],[115.8,5.8],[115.8,5.7],[115.5,5.7],[115.5,5.6],[115.4,5.6],[115.4,5.5],[115.3,5.5],[115.3,5.3],[115.4,5.3],[115.4,5.2],[115.3,5.2],[115.3,5.1],[114.9,5.1],[114.9,5.0],[114.7,5.0],[114.7,4.9],[114.6,4.9],[114.6,4.8],[114.4,4.8],[114.4,4.7],[114.1,4.7],[114.1,4.6],[114.0,4.6],[114.0,4.4],[113.9,4.4],[113.9,4.2],[113.8,4.2],[113.8,4.1],[113.7,4.1],[113.7,4.0],[113.6,4.0],[113.6,3.9],[113.5,3.9],[113.5,3.8],[113.4,3.8],[113.4,3.7],[113.3,3.7],[113.3,3.6],[113.2,3.6],[113.2,3.4],[113.1,3.4],[113.1,3.3],[113.0,3.3],[113.0,3.2],[112.6,3.2],[112.6,3.1],[112.2,3.1],[112.2,3.0],[111.7,3.0],[111.7,2.9],[111.4,2.9],[111.4,2.8],[111.3,2.8],[111.3,2.4],[112.6,2.4],[112.6,2.5],[113.2,2.5],[113.2,2.6],[113.4,2.6],[113.4,2.7],[113.5,2.7],[113.5,2.8],[113.7,2.8],[113.7,2.9],[113.9,2.9],[113.9,3.0],[114.0,3.0],[114.0,3.1],[114.1,3.1],[114.1,3.2],[114.2,3.2],[114.2,3.3],[114.4,3.3],[114.4,3.5],[114.5,3.5],[114.5,3.6],[114.7,3.6],[114.7,3.7],[114.8,3.7],[114.8,3.8],[114.9,3.8],[114.9,3.9],[115.0,3.9],[115.0,4.0],[115.2,4.0],[115.2,4.1],[115.3,4.1],[115.3,4.2],[115.4,4.2],[115.4,4.4],[115.6,4.4],[115.6,4.5],[115.7,4.5],[115.7,4.6],[115.8,4.6],[115.8,4.7],[116.0,4.7],[116.0,4.8],[116.1,4.8],[116.1,4.9],[116.2,4.9],[116.2,5.1],[116.3,5.1],[116.3,5.2],[116.4,5.2],[116.4,5.3],[116.5,5.3],[116.5,5.7],[116.6,5.7]]],[[[125.4,43.4],[125.4,44.0],[125.5,44.0],[125.5,45.0],[125.6,45.0],[125.6,46.0],[125.7,46.0],[125.7,46.8],[125.8,46.8],[125.8,48.3],[125.7,48.3],[125.7,48.9],[125.6,48.9],[125.6,49.2],[125.5,49.2],[125.5,49.4],[125.4,49.4],[125.4,49.6],[125.3,49.6],[125.3,49.9],[125.2,49.9],[125.2,50.0],[125.1,50.0],[125.1,50.1],[125.0,50.1],[125.0,50.3],[124.9,50.3],[124.9,50.4],[124.8,50.4],[124.8,50.5],[124.7,50.5],[124.7,50.6],[124.6,50.6],[124.6,50.7],[124.5,50.7],[124.5,50.8],[124.4,50.8],[124.4,50.9],[124.3,50.9],[124.3,51.0],[124.2,51.0],[124.2,51.1],[124.1,51.1],[124.1,51.2],[124.0,51.2],[124.0,51.3],[123.8,51.3],[123.8,51.4],[123.7,51.4],[123.7,51.5],[123.6,51.5],[123.6,51.6],[123.5,51.6],[123.5,51.7],[123.3,51.7],[123.3,51.8],[123.2,51.8],[123.2,51.9],[123.0,51.9],[123.0,52.0],[122.8,52.0],[122.8,52.1],[122.6,52.1],[122.6,52.2],[122.4,52.2],[122.4,52.3],[122.3,52.3],[122.3,52.4],[122.1,52.4],[122.1,52.5],[121.9,52.5],[121.9,52.6],[121.8,52.6],[121.8,52.7],[121.7,52.7],[121.7,52.8],[121.5,52.8],[121.5,52.9],[121.4,52.9],[121.4,53.0],[121.1,53.0],[121.1,53.1],[120.9,53.1],[120.9,53.2],[120.7,53.2],[120.7,53.3],[120.6,53.3],[120.6,53.4],[120.4,53.4],[120.4,53.5],[119.9,53.5],[119.9,53.6],[119.4,53.6],[119.4,53.7],[119.0,53.7],[119.0,53.8],[118.3,53.8],[118.3,53.9],[117.4,53.9],[117.4,54.0],[116.2,54.0],[116.2,54.1],[115.6,54.1],[115.6,54.2],[114.6,54.2],[114.6,54.3],[114.3,54.3],[114.3,54.4],[113.8,54.4],[113.8,54.5],[112.9,54.5],[112.9,54.6],[112.5,54.6],[112.5,54.7],[112.1,54.7],[112.1,54.8],[111.9,54.8],[111.9,54.9],[111.3,54.9],[111.3,55.0],[110.0,55.0],[110.0,55.1],[109.8,55.1],[109.8,55.0],[109.7,55.0],[109.7,54.8],[109.6,54.8],[109.6,54.4],[109.5,54.4],[109.5,54.2],[109.4,54.2],[109.4,54.1],[109.3,54.1],[109.3,53.9],[109.2,53.9],[109.2,53.6],[109.1,53.6],[109.1,53.5],[109.0,53.5],[109.0,53.4],[108.8,53.4],[108.8,53.3],[108.6,53.3],[108.6,53.2],[108.4,53.2],[108.4,53.1],[108.3,53.1],[108.3,53.0],[108.2,53.0],[108.2,52.9],[107.9,52.9],[107.9,52.8],[107.8,52.8],[107.8,52.9],[107.6,52.9],[107.6,52.8],[107.2,52.8],[107.2,52.7],[107.1,52.7],[107.1,52.6],[107.0,52.6],[107.0,52.5],[106.9,52.5],[106.9,52.4],[106.8,52.4],[106.8,52.3],[106.7,52.3],[106.7,52.2],[106.4,52.2],[106.4,52.1],[106.2,52.1],[106.2,52.0],[105.9,52.0],[105.9,51.9],[105.7,51.9],[105.7,51.8],[105.6,51.8],[105.6,51.7],[105.1,51.7],[105.1,51.6],[104.7,51.6],[104.7,51.5],[104.4,51.5],[104.4,51.6],[104.3,51.6],[104.3,51.7],[104.0,51.7],[104.0,51.8],[103.7,51.8],[103.7,51.9],[103.4,51.9],[103.4,52.0],[103.0,52.0],[103.0,52.1],[102.7,52.1],[102.7,52.2],[102.3,52.2],[102.3,52.3],[99.7,52.3],[99.7,52.2],[97.5,52.2],[97.5,52.1],[97.0,52.1],[97.0,52.0],[95.4,52.0],[95.4,51.9],[95.0,51.9],[95.0,51.8],[94.6,51.8],[94.6,51.7],[94.1,51.7],[94.1,51.6],[93.6,51.6],[93.6,51.5],[93.1,51.5],[93.1,51.4],[92.6,51.4],[92.6,51.3],[92.2,51.3],[92.2,51.2],[92.0,51.2],[92.0,51.1],[91.7,51.1],[91.7,51.0],[91.4,51.0],[91.4,50.9],[91.1,50.9],[91.1,50.8],[90.6,50.8],[90.6,50.7],[90.3,50.7],[90.3,50.6],[90.1,50.6],[90.1,50.5],[90.0,50.5],[90.0,50.4],[89.8,50.4],[89.8,50.3],[87.8,50.3],[87.8,50.2],[87.0,50.2],[87.0,50.1],[86.5,50.1],[86.5,50.0],[86.3,50.0],[86.3,49.9],[86.1,49.9],[86.1,49.8],[86.0,49.8],[86.0,49.7],[85.9,49.7],[85.9,49.6],[85.8,49.6],[85.8,49.5],[85.6,49.5],[85.6,49.4],[85.5,49.4],[85.5,49.3],[85.4,49.3],[85.4,49.2],[85.3,49.2],[85.3,49.1],[85.1,49.1],[85.1,49.0],[85.0,49.0],[85.0,48.9],[84.8,48.9],[84.8,48.8],[84.6,48.8],[84.6,48.6],[84.5,48.6],[84.5,48.5],[84.3,48.5],[84.3,48.4],[84.2,48.4],[84.2,48.3],[84.1,48.3],[84.1,48.2],[84.0,48.2],[84.0,48.0],[83.9,48.0],[83.9,47.9],[83.8,47.9],[83.8,47.8],[83.7,47.8],[83.7,47.7],[83.6,47.7],[83.6,47.6],[83.5,47.6],[83.5,47.5],[83.4,47.5],[83.4,47.4],[83.3,47.4],[83.3,47.3],[83.2,47.3],[83.2,47.2],[83.1,47.2],[83.1,47.0],[83.0,47.0],[83.0,46.9],[82.9,46.9],[82.9,46.8],[82.8,46.8],[82.8,46.6],[82.6,46.6],[82.6,46.4],[82.5,46.4],[82.5,46.3],[82.4,46.3],[82.4,46.1],[82.3,46.1],[82.3,46.0],[82.2,46.0],[82.2,45.7],[82.1,45.7],[82.1,45.5],[82.0,45.5],[82.0,45.2],[81.9,45.2],[81.9,45.0],[81.9,44.3],[82.3,44.3],[82.3,44.2],[82.5,44.2],[82.5,44.1],[82.7,44.1],[82.7,44.0],[82.9,44.0],[82.9,43.9],[83.2,43.9],[83.2,43.8],[83.3,43.8],[83.3,43.7],[83.7,43.7],[83.7,43.6],[84.0,43.6],[84.0,43.5],[84.6,43.5],[84.6,43.4],[85.0,43.4],[85.0,43.3],[85.2,43.3],[85.2,43.2],[85.5,43.2],[85.5,43.1],[85.9,43.1],[85.9,43.0],[86.2,43.0],[86.2,42.9],[86.4,42.9],[86.4,42.8],[86.6,42.8],[86.6,42.7],[86.9,42.7],[86.9,42.6],[87.0,42.6],[87.0,42.5],[87.3,42.5],[87.3,42.4],[87.5,42.4],[87.5,42.3],[87.8,42.3],[87.8,42.2],[88.0,42.2],[88.0,42.1],[88.3,42.1],[88.3,42.0],[88.6,42.0],[88.6,41.9],[89.0,41.9],[89.0,41.8],[89.4,41.8],[89.4,41.7],[89.7,41.7],[89.7,41.6],[90.0,41.6],[90.0,41.2],[90.1,41.2],[90.1,41.4],[90.3,41.4],[90.3,41.5],[90.6,41.5],[90.6,41.6],[91.1,41.6],[91.1,41.7],[91.6,41.7],[91.6,41.8],[93.9,41.8],[93.9,41.7],[95.2,41.7],[95.2,41.6],[95.8,41.6],[95.8,41.5],[96.1,41.5],[96.1,41.4],[97.0,41.4],[97.0,41.3],[97.5,41.3],[97.5,41.2],[97.9,41.2],[97.9,41.1],[98.4,41.1],[98.4,41.0],[98.7,41.0],[98.7,40.9],[99.0,40.9],[99.0,40.8],[99.5,40.8],[99.5,40.7],[99.7,40.7],[99.7,40.6],[100.0,40.6],[100.0,40.5],[100.4,40.5],[100.4,40.4],[100.8,40.4],[100.8,40.3],[101.2,40.3],[101.2,40.2],[101.4,40.2],[101.4,40.1],[101.8,40.1],[101.8,40.0],[102.0,40.0],[102.0,39.9],[102.4,39.9],[102.4,39.8],[102.6,39.8],[102.6,39.7],[103.0,39.7],[103.0,39.6],[103.3,39.6],[103.3,39.5],[103.6,39.5],[103.6,39.4],[103.8,39.4],[103.8,39.3],[104.1,39.3],[104.1,39.2],[104.4,39.2],[104.4,39.1],[104.7,39.1],[104.7,39.0],[104.9,39.0],[104.9,38.9],[105.2,38.9],[105.2,38.8],[105.5,38.8],[105.5,38.7],[106.0,38.7],[106.0,38.6],[106.7,38.6],[106.7,38.7],[107.3,38.7],[107.3,38.8],[107.9,38.8],[107.9,38.9],[108.3,38.9],[108.3,39.0],[108.7,39.0],[108.7,39.1],[108.9,39.1],[108.9,39.2],[109.1,39.2],[109.1,39.3],[109.2,39.3],[109.2,39.4],[109.4,39.4],[109.4,39.5],[109.7,39.5],[109.7,39.6],[109.8,39.6],[109.8,39.7],[110.0,39.7],[110.0,39.8],[110.1,39.8],[110.1,39.9],[110.3,39.9],[110.3,40.0],[110.4,40.0],[110.4,40.1],[110.6,40.1],[110.6,40.2],[110.7,40.2],[110.7,40.3],[110.9,40.3],[110.9,40.4],[111.0,40.4],[111.0,40.5],[111.1,40.5],[111.1,40.6],[111.4,40.6],[111.4,40.7],[111.6,40.7],[111.6,40.8],[111.7,40.8],[111.7,40.9],[111.9,40.9],[111.9,41.0],[112.0,41.0],[112.0,41.1],[112.3,41.1],[112.3,41.2],[112.5,41.2],[112.5,41.3],[112.8,41.3],[112.8,41.4],[112.9,41.4],[112.9,41.5],[113.3,41.5],[113.3,41.6],[113.5,41.6],[113.5,41.7],[113.7,41.7],[113.7,41.8],[113.9,41.8],[113.9,41.9],[114.1,41.9],[114.1,42.0],[114.6,42.0],[114.6,42.1],[115.0,42.1],[115.0,42.2],[115.4,42.2],[115.4,42.3],[115.8,42.3],[115.8,42.4],[116.3,42.4],[116.3,42.5],[117.3,42.5],[117.3,42.4],[119.3,42.4],[119.3,42.3],[120.0,42.3],[120.0,42.2],[120.3,42.2],[120.3,42.1],[120.8,42.1],[120.8,42.0],[121.2,42.0],[121.2,41.9],[121.7,41.9],[121.7,41.8],[122.1,41.8],[122.1,41.7],[122.4,41.7],[122.4,41.6],[122.9,41.6],[122.9,41.5],[123.2,41.5],[123.2,41.4],[123.6,41.4],[123.6,41.3],[123.8,41.3],[123.8,41.2],[124.0,41.2],[124.0,41.1],[124.2,41.1],[124.2,41.2],[124.3,41.2],[124.3,41.3],[124.4,41.3],[124.4,41.4],[124.5,41.4],[124.5,41.5],[124.6,41.5],[124.6,41.7],[124.7,41.7],[124.7,42.1],[124.8,42.1],[124.8,42.3],[124.9,42.3],[124.9,42.5],[125.0,42.5],[125.0,42.6],[125.1,42.6],[125.1,42.8],[125.2,42.8],[125.2,43.0],[125.3,43.0],[125.3,43.4],[125.4,43.4]]]]},"properties":{"start_year":1584,"end_year":1585,"source_color":"#993300","polity_id":null,"polity_assignment":"unverified","geometry_origin":"raster_color_trace_stitched","pixel_size_degrees":0.1,"sources":[{"feature_id":"50:1556:#993300","tile_id":"50","start_year":1556,"end_year":1598,"source_image":"data/raw/toolbay/t/50/1556.png","source_url":"https://www.toolbay.cc/history-map/t/50/1556.png"},{"feature_id":"51:1580:#993300","tile_id":"51","start_year":1580,"end_year":1594,"source_image":"data/raw/toolbay/t/51/1580.png","source_url":"https://www.toolbay.cc/history-map/t/51/1580.png"},{"feature_id":"60:1500:#993300","tile_id":"60","start_year":1500,"end_year":1616,"source_image":"data/raw/toolbay/t/60/1500.png","source_url":"https://www.toolbay.cc/history-map/t/60/1500.png"},{"feature_id":"61:1584:#993300","tile_id":"61","start_year":1584,"end_year":1585,"source_image":"data/raw/toolbay/t/61/1584.png","source_url":"https://www.toolbay.cc/history-map/t/61/1584.png"}]}},{"type":"Feature","id":"merged:1584:#999900","bbox":[79.0,6.0,138.2,44.6],"geometry":{"type":"MultiPolygon","coordinates":[[[[80.1,6.6],[80.1,7.6],[80.0,7.6],[80.0,8.4],[79.7,8.4],[79.7,7.9],[79.8,7.9],[79.8,6.9],[79.9,6.9],[79.9,6.7],[80.0,6.7],[80.0,6.3],[80.1,6.3],[80.1,6.1],[80.2,6.1],[80.2,6.0],[80.5,6.0],[80.5,6.2],[80.4,6.2],[80.4,6.3],[80.3,6.3],[80.3,6.4],[80.2,6.4],[80.2,6.6],[80.1,6.6]]],[[[99.7,22.5],[99.7,22.6],[99.5,22.6],[99.5,22.7],[99.3,22.7],[99.3,22.8],[98.7,22.8],[98.7,22.5],[98.6,22.5],[98.6,22.2],[98.5,22.2],[98.5,22.1],[98.4,22.1],[98.4,21.9],[98.3,21.9],[98.3,21.7],[98.2,21.7],[98.2,21.6],[98.1,21.6],[98.1,21.4],[98.0,21.4],[98.0,21.2],[97.9,21.2],[97.9,20.8],[98.0,20.8],[98.0,20.5],[98.1,20.5],[98.1,18.3],[98.0,18.3],[98.0,18.1],[97.9,18.1],[97.9,18.0],[97.6,18.0],[97.6,17.0],[97.5,17.0],[97.5,16.8],[97.4,16.8],[97.4,16.7],[97.3,16.7],[97.3,16.6],[97.4,16.6],[97.4,16.5],[97.5,16.5],[97.5,16.3],[97.6,16.3],[97.6,16.0],[97.7,16.0],[97.7,15.3],[97.8,15.3],[97.8,14.8],[97.9,14.8],[97.9,14.6],[98.0,14.6],[98.0,14.3],[98.1,14.3],[98.1,14.0],[98.0,14.0],[98.0,13.8],[98.1,13.8],[98.1,13.7],[98.3,13.7],[98.3,13.6],[98.4,13.6],[98.4,13.5],[98.5,13.5],[98.5,13.2],[98.6,13.2],[98.6,12.8],[98.5,12.8],[98.5,12.7],[98.2,12.7],[98.2,12.6],[98.1,12.6],[98.1,12.5],[98.0,12.5],[98.0,12.4],[98.1,12.4],[98.1,12.3],[98.3,12.3],[98.3,12.2],[98.4,12.2],[98.4,12.1],[98.3,12.1],[98.3,11.9],[98.2,11.9],[98.2,11.6],[98.5,11.6],[98.5,11.5],[98.6,11.5],[98.6,11.1],[98.5,11.1],[98.5,11.0],[98.4,11.0],[98.4,10.8],[98.5,10.8],[98.5,10.1],[98.4,10.1],[98.4,9.5],[98.3,9.5],[98.3,8.8],[98.2,8.8],[98.2,8.5],[98.3,8.5],[98.3,8.0],[98.4,8.0],[98.4,7.9],[98.6,7.9],[98.6,8.0],[98.9,8.0],[98.9,7.9],[99.0,7.9],[99.0,7.7],[99.1,7.7],[99.1,7.6],[99.2,7.6],[99.2,7.5],[99.3,7.5],[99.3,7.4],[99.4,7.4],[99.4,7.3],[99.5,7.3],[99.5,7.2],[99.6,7.2],[99.6,7.1],[99.7,7.1],[99.7,6.9],[99.8,6.9],[99.8,6.8],[99.9,6.8],[99.9,6.7],[100.5,6.7],[100.5,6.8],[100.7,6.8],[100.7,6.9],[100.8,6.9],[100.8,7.1],[100.7,7.1],[100.7,7.3],[100.6,7.3],[100.6,7.5],[100.5,7.5],[100.5,7.8],[100.4,7.8],[100.4,8.2],[100.3,8.2],[100.3,8.5],[100.2,8.5],[100.2,8.6],[100.1,8.6],[100.1,8.7],[100.0,8.7],[100.0,9.2],[99.9,9.2],[99.9,9.3],[99.8,9.3],[99.8,9.4],[99.4,9.4],[99.4,9.5],[99.3,9.5],[99.3,9.7],[99.2,9.7],[99.2,10.3],[99.3,10.3],[99.3,10.7],[99.4,10.7],[99.4,10.8],[99.5,10.8],[99.5,10.9],[99.6,10.9],[99.6,11.4],[99.7,11.4],[99.7,11.7],[99.8,11.7],[99.8,11.8],[99.9,11.8],[99.9,12.1],[100.0,12.1],[100.0,12.9],[100.1,12.9],[100.1,13.4],[100.2,13.4],[100.2,13.5],[100.6,13.5],[100.6,13.6],[100.8,13.6],[100.8,13.5],[100.9,13.5],[100.9,12.8],[101.0,12.8],[101.0,12.7],[101.9,12.7],[101.9,12.6],[102.0,12.6],[102.0,12.5],[102.2,12.5],[102.2,12.4],[102.3,12.4],[102.3,12.2],[102.7,12.2],[102.7,12.1],[102.8,12.1],[102.8,12.0],[103.1,12.0],[103.1,12.1],[103.3,12.1],[103.3,12.2],[103.5,12.2],[103.5,12.3],[103.7,12.3],[103.7,12.4],[103.8,12.4],[103.8,12.5],[104.0,12.5],[104.0,12.6],[104.2,12.6],[104.2,12.7],[104.3,12.7],[104.3,12.8],[104.5,12.8],[104.5,12.9],[104.7,12.9],[104.7,13.0],[104.8,13.0],[104.8,13.1],[104.9,13.1],[104.9,13.5],[104.8,13.5],[104.8,13.6],[104.7,13.6],[104.7,13.7],[104.6,13.7],[104.6,13.8],[104.5,13.8],[104.5,13.9],[104.4,13.9],[104.4,14.1],[104.3,14.1],[104.3,14.2],[104.2,14.2],[104.2,14.3],[104.1,14.3],[104.1,14.4],[104.0,14.4],[104.0,14.5],[103.9,14.5],[103.9,14.7],[103.8,14.7],[103.8,14.8],[103.7,14.8],[103.7,14.9],[103.5,14.9],[103.5,15.1],[103.4,15.1],[103.4,15.2],[103.3,15.2],[103.3,15.3],[103.2,15.3],[103.2,15.4],[103.1,15.4],[103.1,15.5],[102.8,15.5],[102.8,15.6],[102.6,15.6],[102.6,15.7],[102.5,15.7],[102.5,15.8],[102.4,15.8],[102.4,16.1],[102.3,16.1],[102.3,16.2],[102.2,16.2],[102.2,16.3],[102.1,16.3],[102.1,16.4],[101.9,16.4],[101.9,16.5],[101.8,16.5],[101.8,16.7],[101.7,16.7],[101.7,16.8],[101.6,16.8],[101.6,16.9],[101.5,16.9],[101.5,17.2],[101.4,17.2],[101.4,17.3],[101.3,17.3],[101.3,17.5],[101.2,17.5],[101.2,17.8],[101.1,17.8],[101.1,18.0],[101.0,18.0],[101.0,18.2],[100.9,18.2],[100.9,18.6],[100.8,18.6],[100.8,18.7],[100.7,18.7],[100.7,18.9],[100.6,18.9],[100.6,19.1],[100.5,19.1],[100.5,19.3],[100.4,19.3],[100.4,19.5],[100.3,19.5],[100.3,19.7],[100.2,19.7],[100.2,19.9],[100.1,19.9],[100.1,20.0],[100.0,20.0],[100.0,20.3],[99.9,20.3],[99.9,21.5],[100.0,21.5],[100.0,21.8],[99.9,21.8],[99.9,22.1],[100.0,22.1],[100.0,22.3],[100.1,22.3],[100.1,22.4],[99.9,22.4],[99.9,22.5],[99.7,22.5]]],[[[92.4,22.1],[92.4,22.2],[92.3,22.2],[92.3,22.3],[92.1,22.3],[92.1,22.4],[91.8,22.4],[91.8,21.8],[91.9,21.8],[91.9,21.5],[92.0,21.5],[92.0,21.3],[92.1,21.3],[92.1,21.1],[92.2,21.1],[92.2,21.0],[92.3,21.0],[92.3,20.8],[92.4,20.8],[92.4,20.7],[92.5,20.7],[92.5,20.6],[92.6,20.6],[92.6,20.5],[92.7,20.5],[92.7,20.3],[92.8,20.3],[92.8,20.2],[92.9,20.2],[92.9,20.0],[93.0,20.0],[93.0,19.9],[93.4,19.9],[93.4,19.8],[93.5,19.8],[93.5,19.7],[93.6,19.7],[93.6,19.5],[93.5,19.5],[93.5,19.3],[93.6,19.3],[93.6,18.9],[93.7,18.9],[93.7,18.8],[94.2,18.8],[94.2,19.8],[94.1,19.8],[94.1,20.1],[94.0,20.1],[94.0,20.3],[93.9,20.3],[93.9,20.5],[93.8,20.5],[93.8,20.8],[93.7,20.8],[93.7,21.0],[93.6,21.0],[93.6,21.1],[93.5,21.1],[93.5,21.2],[93.4,21.2],[93.4,21.3],[93.3,21.3],[93.3,21.4],[93.2,21.4],[93.2,21.5],[93.1,21.5],[93.1,21.6],[93.0,21.6],[93.0,21.7],[92.9,21.7],[92.9,21.8],[92.8,21.8],[92.8,21.9],[92.6,21.9],[92.6,22.0],[92.5,22.0],[92.5,22.1],[92.4,22.1]]],[[[131.9,33.3],[131.9,33.4],[131.8,33.4],[131.8,33.7],[131.7,33.7],[131.7,33.8],[131.5,33.8],[131.5,33.7],[131.1,33.7],[131.1,33.6],[130.8,33.6],[130.8,33.3],[130.9,33.3],[130.9,33.0],[131.0,33.0],[131.0,32.8],[131.1,32.8],[131.1,32.4],[131.7,32.4],[131.7,32.5],[131.8,32.5],[131.8,32.7],[131.9,32.7],[131.9,32.8],[132.0,32.8],[132.0,33.3],[131.9,33.3]]],[[[137.9,35.2],[137.9,35.3],[137.6,35.3],[137.6,35.4],[137.2,35.4],[137.2,35.3],[137.0,35.3],[137.0,35.1],[136.9,35.1],[136.9,35.0],[136.8,35.0],[136.8,34.9],[136.9,34.9],[136.9,34.8],[137.0,34.8],[137.0,34.7],[138.2,34.7],[138.2,35.1],[138.1,35.1],[138.1,35.2],[137.9,35.2]]],[[[90.2,40.5],[90.1,40.5],[90.1,40.7],[90.0,40.7],[90.0,41.6],[89.7,41.6],[89.7,41.7],[89.4,41.7],[89.4,41.8],[89.0,41.8],[89.0,41.9],[88.6,41.9],[88.6,42.0],[88.3,42.0],[88.3,42.1],[88.0,42.1],[88.0,42.2],[87.8,42.2],[87.8,42.3],[87.5,42.3],[87.5,42.4],[87.3,42.4],[87.3,42.5],[87.0,42.5],[87.0,42.6],[86.9,42.6],[86.9,42.7],[86.6,42.7],[86.6,42.8],[86.4,42.8],[86.4,42.9],[86.2,42.9],[86.2,43.0],[85.9,43.0],[85.9,43.1],[85.5,43.1],[85.5,43.2],[85.2,43.2],[85.2,43.3],[85.0,43.3],[85.0,43.4],[84.6,43.4],[84.6,43.5],[84.0,43.5],[84.0,43.6],[83.7,43.6],[83.7,43.7],[83.3,43.7],[83.3,43.8],[83.2,43.8],[83.2,43.9],[82.9,43.9],[82.9,44.0],[82.7,44.0],[82.7,44.1],[82.5,44.1],[82.5,44.2],[82.3,44.2],[82.3,44.3],[81.9,44.3],[81.9,44.4],[80.8,44.4],[80.8,44.5],[79.1,44.5],[79.1,44.6],[79.0,44.6],[79.0,44.0],[79.1,44.0],[79.1,43.5],[79.2,43.5],[79.2,43.2],[79.3,43.2],[79.3,43.1],[79.4,43.1],[79.4,42.9],[79.5,42.9],[79.5,42.8],[79.7,42.8],[79.7,42.7],[79.9,42.7],[79.9,42.5],[80.1,42.5],[80.1,42.3],[80.3,42.3],[80.3,42.2],[80.4,42.2],[80.4,42.1],[80.6,42.1],[80.6,42.0],[80.8,42.0],[80.8,41.9],[81.0,41.9],[81.0,41.8],[81.1,41.8],[81.1,41.7],[81.3,41.7],[81.3,41.6],[81.5,41.6],[81.5,41.5],[81.8,41.5],[81.8,41.4],[81.9,41.4],[81.9,41.3],[82.0,41.3],[82.0,41.2],[82.2,41.2],[82.2,41.1],[82.3,41.1],[82.3,41.0],[82.4,41.0],[82.4,40.9],[82.6,40.9],[82.6,40.7],[82.7,40.7],[82.7,40.6],[82.8,40.6],[82.8,40.5],[82.9,40.5],[82.9,40.4],[83.0,40.4],[83.0,40.3],[83.2,40.3],[83.2,40.2],[83.5,40.2],[83.5,40.1],[83.6,40.1],[83.6,39.9],[83.7,39.9],[83.7,39.8],[83.9,39.8],[83.9,39.7],[84.0,39.7],[84.0,39.6],[84.2,39.6],[84.2,39.5],[84.4,39.5],[84.4,39.4],[84.7,39.4],[84.7,39.3],[85.0,39.3],[85.0,39.2],[85.2,39.2],[85.2,39.1],[85.5,39.1],[85.5,39.0],[85.6,39.0],[85.6,38.9],[85.8,38.9],[85.8,38.7],[85.9,38.7],[85.9,38.6],[86.0,38.6],[86.0,38.5],[86.1,38.5],[86.1,38.4],[86.2,38.4],[86.2,38.3],[86.3,38.3],[86.3,38.1],[86.4,38.1],[86.4,37.8],[87.0,37.8],[87.0,37.9],[87.6,37.9],[87.6,38.0],[88.0,38.0],[88.0,38.1],[88.2,38.1],[88.2,38.2],[88.5,38.2],[88.5,38.3],[88.7,38.3],[88.7,38.4],[89.1,38.4],[89.1,38.5],[89.6,38.5],[89.6,38.4],[90.0,38.4],[90.1,38.4],[90.1,38.5],[90.2,38.5],[90.2,38.7],[90.1,38.7],[90.1,38.9],[90.2,38.9],[90.2,39.4],[90.3,39.4],[90.3,40.2],[90.2,40.2],[90.2,40.5]]]]},"properties":{"start_year":1584,"end_year":1585,"source_color":"#999900","polity_id":null,"polity_assignment":"unverified","geometry_origin":"raster_color_trace_stitched","pixel_size_degrees":0.1,"sources":[{"feature_id":"51:1580:#999900","tile_id":"51","start_year":1580,"end_year":1594,"source_image":"data/raw/toolbay/t/51/1580.png","source_url":"https://www.toolbay.cc/history-map/t/51/1580.png"},{"feature_id":"61:1584:#999900","tile_id":"61","start_year":1584,"end_year":1585,"source_image":"data/raw/toolbay/t/61/1584.png","source_url":"https://www.toolbay.cc/history-map/t/61/1584.png"},{"feature_id":"71:1582:#999900","tile_id":"71","start_year":1582,"end_year":1586,"source_image":"data/raw/toolbay/t/71/1582.png","source_url":"https://www.toolbay.cc/history-map/t/71/1582.png"}]}},{"type":"Feature","id":"merged:1584:#ff0000","bbox":[60.0,3.3,129.6,46.8],"geometry":{"type":"MultiPolygon","coordinates":[[[[101.5,3.4],[101.6,3.4],[101.6,4.1],[101.5,4.1],[101.5,4.2],[101.3,4.2],[101.3,4.3],[100.7,4.3],[100.7,3.9],[100.8,3.9],[100.8,3.8],[100.9,3.8],[100.9,3.7],[101.0,3.7],[101.0,3.6],[101.1,3.6],[101.1,3.5],[101.2,3.5],[101.2,3.4],[101.3,3.4],[101.3,3.3],[101.5,3.3],[101.5,3.4]]],[[[101.8,6.5],[101.8,6.7],[101.7,6.7],[101.7,6.8],[101.6,6.8],[101.6,6.9],[101.5,6.9],[101.5,7.0],[101.0,7.0],[101.0,6.6],[101.1,6.6],[101.1,6.1],[101.2,6.1],[101.2,5.8],[101.3,5.8],[101.3,5.6],[101.4,5.6],[101.4,5.5],[101.5,5.5],[101.5,5.4],[101.6,5.4],[101.6,5.3],[101.7,5.3],[101.7,5.2],[101.9,5.2],[101.9,5.1],[102.2,5.1],[102.2,5.0],[102.5,5.0],[102.5,4.9],[102.6,4.9],[102.6,4.8],[102.8,4.8],[102.8,4.7],[103.1,4.7],[103.1,4.6],[103.5,4.6],[103.5,4.9],[103.4,4.9],[103.4,5.1],[103.3,5.1],[103.3,5.3],[103.2,5.3],[103.2,5.5],[103.1,5.5],[103.1,5.6],[102.9,5.6],[102.9,5.7],[102.8,5.7],[102.8,5.8],[102.7,5.8],[102.7,5.9],[102.6,5.9],[102.6,6.0],[102.5,6.0],[102.5,6.1],[102.4,6.1],[102.4,6.2],[102.3,6.2],[102.3,6.3],[102.1,6.3],[102.1,6.4],[101.9,6.4],[101.9,6.5],[101.8,6.5]]],[[[73.9,16.5],[73.9,16.9],[73.8,16.9],[73.8,17.3],[73.7,17.3],[73.7,17.5],[73.2,17.5],[73.2,17.2],[73.3,17.2],[73.3,16.5],[73.4,16.5],[73.4,16.2],[73.5,16.2],[73.5,16.0],[73.6,16.0],[73.6,15.9],[73.7,15.9],[73.7,15.6],[73.8,15.6],[73.8,15.4],[74.2,15.4],[74.2,15.3],[74.3,15.3],[74.3,15.6],[74.2,15.6],[74.2,15.7],[74.1,15.7],[74.1,16.0],[74.0,16.0],[74.0,16.5],[73.9,16.5]]],[[[60.9,39.6],[60.9,39.7],[60.7,39.7],[60.7,39.8],[60.4,39.8],[60.4,39.9],[60.0,39.9],[60.0,25.4],[60.7,25.4],[60.7,25.3],[61.1,25.3],[61.1,25.2],[61.3,25.2],[61.3,25.1],[62.0,25.1],[62.0,25.2],[62.5,25.2],[62.5,25.3],[63.6,25.3],[63.6,25.4],[64.2,25.4],[64.2,25.3],[64.8,25.3],[64.8,25.4],[65.0,25.4],[65.0,25.3],[65.2,25.3],[65.2,25.4],[65.6,25.4],[65.6,25.7],[65.7,25.7],[65.7,26.0],[65.8,26.0],[65.8,26.2],[65.9,26.2],[65.9,26.4],[66.0,26.4],[66.0,26.8],[66.1,26.8],[66.1,27.1],[66.2,27.1],[66.2,27.4],[66.3,27.4],[66.3,27.7],[66.4,27.7],[66.4,28.1],[66.5,28.1],[66.5,28.3],[66.6,28.3],[66.6,28.7],[66.7,28.7],[66.7,28.8],[66.6,28.8],[66.6,28.9],[66.5,28.9],[66.5,30.2],[66.4,30.2],[66.4,30.5],[66.3,30.5],[66.3,30.7],[66.2,30.7],[66.2,31.0],[66.1,31.0],[66.1,31.3],[66.0,31.3],[66.0,31.4],[65.9,31.4],[65.9,31.7],[65.8,31.7],[65.8,31.9],[65.7,31.9],[65.7,32.1],[65.6,32.1],[65.6,32.3],[65.5,32.3],[65.5,32.5],[65.4,32.5],[65.4,32.8],[65.3,32.8],[65.3,33.3],[65.2,33.3],[65.2,33.7],[65.3,33.7],[65.3,34.2],[65.4,34.2],[65.4,34.6],[65.5,34.6],[65.5,34.9],[65.6,34.9],[65.6,35.1],[65.7,35.1],[65.7,35.4],[65.8,35.4],[65.8,35.8],[65.9,35.8],[65.9,36.2],[66.0,36.2],[66.0,36.6],[66.1,36.6],[66.1,36.7],[66.2,36.7],[66.2,36.9],[66.3,36.9],[66.3,37.1],[66.4,37.1],[66.4,37.3],[66.5,37.3],[66.5,37.4],[66.6,37.4],[66.6,37.5],[66.7,37.5],[66.7,37.7],[66.5,37.7],[66.5,37.8],[66.2,37.8],[66.2,37.9],[65.9,37.9],[65.9,38.0],[65.8,38.0],[65.8,38.1],[65.7,38.1],[65.7,38.0],[65.2,38.0],[65.2,37.9],[64.1,37.9],[64.1,37.8],[63.5,37.8],[63.5,37.9],[63.3,37.9],[63.3,38.0],[63.2,38.0],[63.2,38.1],[63.0,38.1],[63.0,38.2],[62.8,38.2],[62.8,38.3],[62.7,38.3],[62.7,38.4],[62.6,38.4],[62.6,38.5],[62.5,38.5],[62.5,38.6],[62.3,38.6],[62.3,38.7],[62.2,38.7],[62.2,38.8],[62.1,38.8],[62.1,38.9],[61.9,38.9],[61.9,39.0],[61.8,39.0],[61.8,39.1],[61.7,39.1],[61.7,39.2],[61.5,39.2],[61.5,39.3],[61.4,39.3],[61.4,39.4],[61.3,39.4],[61.3,39.5],[61.1,39.5],[61.1,39.6],[60.9,39.6]]],[[[73.9,44.8],[73.9,44.9],[73.8,44.9],[73.8,45.0],[73.7,45.0],[73.7,45.3],[73.5,45.3],[73.5,45.4],[73.4,45.4],[73.4,45.5],[73.3,45.5],[73.3,46.0],[73.2,46.0],[73.2,46.2],[73.1,46.2],[73.1,46.3],[72.9,46.3],[72.9,46.4],[72.6,46.4],[72.6,46.5],[72.3,46.5],[72.3,46.6],[72.1,46.6],[72.1,46.7],[71.6,46.7],[71.6,46.8],[67.8,46.8],[67.8,46.7],[67.3,46.7],[67.3,46.6],[66.7,46.6],[66.7,46.5],[66.6,46.5],[66.6,46.4],[66.1,46.4],[66.1,46.3],[64.7,46.3],[64.7,46.2],[64.6,46.2],[64.6,46.1],[64.4,46.1],[64.4,46.0],[64.0,46.0],[64.0,45.9],[63.9,45.9],[63.9,45.8],[63.8,45.8],[63.8,45.6],[63.7,45.6],[63.7,45.0],[63.8,45.0],[63.8,44.8],[63.9,44.8],[63.9,44.6],[64.0,44.6],[64.0,44.5],[64.1,44.5],[64.1,44.3],[64.2,44.3],[64.2,44.2],[64.3,44.2],[64.3,44.1],[64.4,44.1],[64.4,44.0],[64.5,44.0],[64.5,43.9],[64.7,43.9],[64.7,43.8],[64.8,43.8],[64.8,43.7],[65.0,43.7],[65.0,43.6],[65.2,43.6],[65.2,43.5],[65.3,43.5],[65.3,43.4],[65.6,43.4],[65.6,43.3],[66.0,43.3],[66.0,43.2],[66.1,43.2],[66.1,43.1],[66.2,43.1],[66.2,43.0],[66.3,43.0],[66.3,42.9],[66.4,42.9],[66.4,42.7],[66.6,42.7],[66.6,42.6],[66.7,42.6],[66.7,42.4],[66.8,42.4],[66.8,42.3],[66.9,42.3],[66.9,42.2],[67.0,42.2],[67.0,42.1],[67.2,42.1],[67.2,42.0],[67.3,42.0],[67.3,41.9],[67.4,41.9],[67.4,41.8],[67.5,41.8],[67.5,41.7],[67.7,41.7],[67.7,41.6],[67.8,41.6],[67.8,41.5],[68.0,41.5],[68.0,41.4],[68.1,41.4],[68.1,41.3],[68.2,41.3],[68.2,41.2],[68.3,41.2],[68.3,41.0],[68.4,41.0],[68.4,40.8],[68.5,40.8],[68.5,40.7],[68.6,40.7],[68.6,40.6],[68.7,40.6],[68.7,40.4],[68.8,40.4],[68.8,40.3],[69.1,40.3],[69.1,40.4],[69.5,40.4],[69.5,40.5],[69.7,40.5],[69.7,40.6],[69.9,40.6],[69.9,40.7],[70.1,40.7],[70.1,40.8],[70.3,40.8],[70.3,40.9],[70.4,40.9],[70.4,41.0],[70.6,41.0],[70.6,41.1],[70.7,41.1],[70.7,41.2],[70.9,41.2],[70.9,41.3],[71.1,41.3],[71.1,41.4],[71.4,41.4],[71.4,41.5],[71.7,41.5],[71.7,41.6],[72.0,41.6],[72.0,41.7],[72.4,41.7],[72.4,41.8],[72.8,41.8],[72.8,41.9],[73.2,41.9],[73.2,42.0],[73.6,42.0],[73.6,42.1],[73.8,42.1],[73.8,42.2],[74.0,42.2],[74.0,42.3],[74.1,42.3],[74.1,42.5],[74.3,42.5],[74.3,42.7],[74.4,42.7],[74.4,42.8],[74.5,42.8],[74.5,43.0],[74.6,43.0],[74.6,43.1],[74.7,43.1],[74.7,43.2],[74.8,43.2],[74.8,43.3],[74.9,43.3],[74.9,43.4],[75.0,43.4],[75.0,43.6],[75.1,43.6],[75.1,43.8],[75.2,43.8],[75.2,44.2],[74.6,44.2],[74.6,44.3],[74.4,44.3],[74.4,44.4],[74.2,44.4],[74.2,44.5],[74.1,44.5],[74.1,44.6],[74.0,44.6],[74.0,44.8],[73.9,44.8]]],[[[124.5,10.2],[124.4,10.2],[124.4,10.3],[124.1,10.3],[124.1,10.1],[124.0,10.1],[124.0,10.0],[123.9,10.0],[123.9,9.9],[123.8,9.9],[123.8,9.8],[123.9,9.8],[123.9,9.7],[124.4,9.7],[124.4,9.8],[124.5,9.8],[124.5,9.9],[124.6,9.9],[124.6,10.1],[124.5,10.1],[124.5,10.2]]],[[[122.9,11.6],[122.9,11.7],[122.5,11.7],[122.5,11.8],[122.3,11.8],[122.3,11.9],[122.2,11.9],[122.2,12.0],[122.0,12.0],[122.0,11.9],[121.9,11.9],[121.9,11.8],[122.0,11.8],[122.0,11.0],[121.9,11.0],[121.9,10.8],[122.0,10.8],[122.0,10.7],[122.4,10.7],[122.4,10.6],[122.5,10.6],[122.5,10.5],[122.7,10.5],[122.7,10.4],[122.8,10.4],[122.8,10.2],[122.7,10.2],[122.7,10.1],[122.5,10.1],[122.5,10.0],[122.4,10.0],[122.4,9.7],[122.5,9.7],[122.5,9.6],[122.6,9.6],[122.6,9.5],[122.7,9.5],[122.7,9.4],[122.8,9.4],[122.8,9.3],[122.9,9.3],[122.9,9.2],[123.0,9.2],[123.0,9.1],[123.2,9.1],[123.2,9.2],[123.3,9.2],[123.3,9.4],[123.4,9.4],[123.4,9.6],[123.5,9.6],[123.5,9.7],[123.6,9.7],[123.6,9.9],[123.7,9.9],[123.7,10.2],[123.8,10.2],[123.8,10.3],[124.1,10.3],[124.1,11.2],[123.9,11.2],[123.9,10.9],[123.8,10.9],[123.8,10.7],[123.7,10.7],[123.7,10.5],[123.6,10.5],[123.6,10.4],[123.4,10.4],[123.4,10.5],[123.5,10.5],[123.5,10.7],[123.6,10.7],[123.6,11.0],[123.5,11.0],[123.5,11.1],[123.3,11.1],[123.3,11.2],[123.2,11.2],[123.2,11.5],[123.1,11.5],[123.1,11.6],[122.9,11.6]]],[[[125.2,12.6],[125.2,12.7],[124.9,12.7],[124.9,12.6],[124.6,12.6],[124.6,12.7],[124.3,12.7],[124.3,12.8],[124.1,12.8],[124.1,12.5],[124.2,12.5],[124.2,12.4],[124.3,12.4],[124.3,12.3],[124.4,12.3],[124.4,12.2],[124.5,12.2],[124.5,12.1],[124.6,12.1],[124.6,12.0],[124.7,12.0],[124.7,11.8],[124.6,11.8],[124.6,11.7],[124.5,11.7],[124.5,11.8],[124.4,11.8],[124.4,11.7],[124.3,11.7],[124.3,11.4],[124.4,11.4],[124.4,10.9],[124.5,10.9],[124.5,10.8],[124.8,10.8],[124.8,10.6],[124.7,10.6],[124.7,10.4],[124.8,10.4],[124.8,10.2],[124.9,10.2],[124.9,10.1],[125.2,10.1],[125.2,10.2],[125.3,10.2],[125.3,10.5],[125.2,10.5],[125.2,10.8],[125.1,10.8],[125.1,11.0],[125.2,11.0],[125.2,11.1],[125.6,11.1],[125.6,11.2],[125.7,11.2],[125.7,11.5],[125.6,11.5],[125.6,11.6],[125.5,11.6],[125.5,12.1],[125.6,12.1],[125.6,12.3],[125.5,12.3],[125.5,12.4],[125.4,12.4],[125.4,12.5],[125.3,12.5],[125.3,12.6],[125.2,12.6]]],[[[124.0,12.3],[123.9,12.3],[123.9,12.4],[123.8,12.4],[123.8,12.5],[123.7,12.5],[123.7,12.6],[123.3,12.6],[123.3,12.5],[123.2,12.5],[123.2,12.3],[123.3,12.3],[123.3,12.2],[123.6,12.2],[123.6,12.1],[123.7,12.1],[123.7,12.0],[124.0,12.0],[124.0,12.3]]],[[[128.0,26.4],[128.0,26.6],[128.2,26.6],[128.2,26.7],[128.3,26.7],[128.3,26.8],[128.4,26.8],[128.4,27.0],[128.2,27.0],[128.2,26.9],[128.0,26.9],[128.0,26.8],[127.9,26.8],[127.9,26.9],[127.7,26.9],[127.7,26.8],[127.8,26.8],[127.8,26.6],[127.7,26.6],[127.7,26.4],[127.6,26.4],[127.6,26.3],[127.7,26.3],[127.7,26.2],[127.8,26.2],[127.8,26.3],[127.9,26.3],[127.9,26.4],[128.0,26.4]]],[[[129.2,28.4],[129.2,28.3],[129.3,28.3],[129.3,28.2],[129.5,28.2],[129.5,28.3],[129.6,28.3],[129.6,28.5],[129.3,28.5],[129.3,28.4],[129.2,28.4]]]]},"properties":{"start_year":1584,"end_year":1585,"source_color":"#ff0000","polity_id":null,"polity_assignment":"unverified","geometry_origin":"raster_color_trace_stitched","pixel_size_degrees":0.1,"sources":[{"feature_id":"50:1556:#ff0000","tile_id":"50","start_year":1556,"end_year":1598,"source_image":"data/raw/toolbay/t/50/1556.png","source_url":"https://www.toolbay.cc/history-map/t/50/1556.png"},{"feature_id":"51:1580:#ff0000","tile_id":"51","start_year":1580,"end_year":1594,"source_image":"data/raw/toolbay/t/51/1580.png","source_url":"https://www.toolbay.cc/history-map/t/51/1580.png"},{"feature_id":"61:1584:#ff0000","tile_id":"61","start_year":1584,"end_year":1585,"source_image":"data/raw/toolbay/t/61/1584.png","source_url":"https://www.toolbay.cc/history-map/t/61/1584.png"}]}},{"type":"Feature","id":"merged:1584:#ff00ff","bbox":[70.2,0.7,140.8,65.0],"geometry":{"type":"MultiPolygon","coordinates":[[[[104.3,1.3],[104.3,1.8],[104.2,1.8],[104.2,2.1],[104.0,2.1],[104.0,2.0],[103.8,2.0],[103.8,1.9],[103.6,1.9],[103.6,1.8],[103.5,1.8],[103.5,1.7],[103.4,1.7],[103.4,1.5],[103.5,1.5],[103.5,1.4],[103.8,1.4],[103.8,1.3],[103.9,1.3],[103.9,1.1],[103.8,1.1],[103.8,1.0],[103.7,1.0],[103.7,0.8],[104.2,0.8],[104.2,0.7],[104.4,0.7],[104.4,0.8],[104.7,0.8],[104.7,0.9],[104.8,0.9],[104.8,1.1],[104.7,1.1],[104.7,1.2],[104.6,1.2],[104.6,1.3],[104.3,1.3]]],[[[90.0,38.4],[89.6,38.4],[89.6,38.5],[89.1,38.5],[89.1,38.4],[88.7,38.4],[88.7,38.3],[88.5,38.3],[88.5,38.2],[88.2,38.2],[88.2,38.1],[88.0,38.1],[88.0,38.0],[87.6,38.0],[87.6,37.9],[87.0,37.9],[87.0,37.8],[86.4,37.8],[86.4,37.7],[85.8,37.7],[85.8,37.6],[85.4,37.6],[85.4,37.5],[84.9,37.5],[84.9,37.4],[84.3,37.4],[84.3,37.3],[84.2,37.3],[84.2,37.2],[83.8,37.2],[83.8,37.1],[83.5,37.1],[83.5,37.0],[83.1,37.0],[83.1,36.9],[82.6,36.9],[82.6,36.8],[81.4,36.8],[81.4,36.7],[80.9,36.7],[80.9,36.6],[79.2,36.6],[79.2,36.7],[78.8,36.7],[78.8,36.8],[78.4,36.8],[78.4,36.9],[78.2,36.9],[78.2,37.0],[77.9,37.0],[77.9,37.1],[77.8,37.1],[77.8,37.2],[77.7,37.2],[77.7,37.1],[77.4,37.1],[77.4,37.2],[76.0,37.2],[76.0,37.1],[75.7,37.1],[75.7,37.0],[75.5,37.0],[75.5,36.9],[75.3,36.9],[75.3,36.8],[75.1,36.8],[75.1,36.7],[74.9,36.7],[74.9,36.6],[74.8,36.6],[74.8,36.5],[74.7,36.5],[74.7,36.4],[74.6,36.4],[74.6,35.8],[74.7,35.8],[74.7,35.6],[74.8,35.6],[74.8,35.4],[74.9,35.4],[74.9,35.3],[75.0,35.3],[75.0,35.2],[75.1,35.2],[75.1,35.1],[75.2,35.1],[75.2,35.0],[75.3,35.0],[75.3,34.8],[75.4,34.8],[75.4,34.7],[75.5,34.7],[75.5,34.6],[75.6,34.6],[75.6,34.5],[75.7,34.5],[75.7,34.4],[75.8,34.4],[75.8,34.3],[76.0,34.3],[76.0,34.2],[76.1,34.2],[76.1,34.1],[76.2,34.1],[76.2,34.0],[76.3,34.0],[76.3,33.9],[76.4,33.9],[76.4,33.8],[76.5,33.8],[76.5,33.7],[76.7,33.7],[76.7,33.6],[76.8,33.6],[76.8,33.5],[77.0,33.5],[77.0,33.4],[77.1,33.4],[77.1,33.3],[77.3,33.3],[77.3,33.2],[77.4,33.2],[77.4,33.1],[77.5,33.1],[77.5,33.0],[77.6,33.0],[77.6,32.7],[77.7,32.7],[77.7,32.4],[77.8,32.4],[77.8,32.1],[77.9,32.1],[77.9,32.0],[78.0,32.0],[78.0,31.8],[78.1,31.8],[78.1,31.6],[78.2,31.6],[78.2,31.5],[78.3,31.5],[78.3,31.4],[79.7,31.4],[79.7,31.3],[80.1,31.3],[80.1,31.2],[80.3,31.2],[80.3,31.1],[80.4,31.1],[80.4,31.0],[80.6,31.0],[80.6,30.9],[80.7,30.9],[80.7,30.8],[80.8,30.8],[80.8,30.7],[81.0,30.7],[81.0,30.6],[81.1,30.6],[81.1,30.5],[81.4,30.5],[81.4,30.4],[81.5,30.4],[81.5,30.3],[81.7,30.3],[81.7,30.2],[81.8,30.2],[81.8,30.1],[82.0,30.1],[82.0,30.0],[82.2,30.0],[82.2,29.9],[82.5,29.9],[82.5,29.8],[82.8,29.8],[82.8,29.7],[83.2,29.7],[83.2,29.6],[83.8,29.6],[83.8,29.5],[84.1,29.5],[84.1,29.4],[84.4,29.4],[84.4,29.3],[84.9,29.3],[84.9,29.2],[85.1,29.2],[85.1,29.1],[85.3,29.1],[85.3,29.0],[85.5,29.0],[85.5,28.9],[85.7,28.9],[85.7,28.8],[85.9,28.8],[85.9,28.7],[86.3,28.7],[86.3,28.6],[86.6,28.6],[86.6,28.5],[87.0,28.5],[87.0,28.4],[87.3,28.4],[87.3,28.3],[87.6,28.3],[87.6,28.2],[88.0,28.2],[88.0,28.1],[88.3,28.1],[88.3,28.0],[88.6,28.0],[88.6,27.9],[88.8,27.9],[88.8,27.8],[89.0,27.8],[89.0,27.7],[89.3,27.7],[89.3,27.6],[90.0,27.6],[90.8,27.6],[90.8,27.7],[91.0,27.7],[91.0,27.8],[91.4,27.8],[91.4,27.9],[91.7,27.9],[91.7,28.0],[91.9,28.0],[91.9,28.1],[92.4,28.1],[92.4,28.2],[93.3,28.2],[93.3,28.3],[94.1,28.3],[94.1,28.4],[95.5,28.4],[95.5,28.5],[96.6,28.5],[96.6,28.4],[96.8,28.4],[96.8,28.3],[98.1,28.3],[98.1,28.4],[98.3,28.4],[98.3,28.5],[98.7,28.5],[98.7,28.6],[98.8,28.6],[98.8,28.7],[99.0,28.7],[99.0,28.8],[99.3,28.8],[99.3,28.9],[99.5,28.9],[99.5,29.0],[99.8,29.0],[99.8,29.1],[100.0,29.1],[100.0,29.2],[100.2,29.2],[100.2,29.3],[100.4,29.3],[100.4,29.4],[100.5,29.4],[100.5,29.5],[100.7,29.5],[100.7,29.6],[100.9,29.6],[100.9,29.7],[101.1,29.7],[101.1,29.8],[101.2,29.8],[101.2,29.9],[101.3,29.9],[101.3,30.0],[101.4,30.0],[101.4,30.1],[101.5,30.1],[101.5,30.2],[101.6,30.2],[101.6,30.4],[101.7,30.4],[101.7,30.5],[101.8,30.5],[101.8,30.7],[101.9,30.7],[101.9,31.0],[102.0,31.0],[102.0,31.1],[102.1,31.1],[102.1,31.5],[102.2,31.5],[102.2,31.7],[102.3,31.7],[102.3,31.9],[102.4,31.9],[102.4,32.4],[102.5,32.4],[102.5,32.9],[102.6,32.9],[102.6,33.4],[102.7,33.4],[102.7,34.2],[102.8,34.2],[102.8,36.0],[102.7,36.0],[102.7,36.1],[102.1,36.1],[102.1,36.2],[101.5,36.2],[101.5,36.3],[100.5,36.3],[100.5,36.4],[100.1,36.4],[100.1,36.5],[99.4,36.5],[99.4,36.6],[98.8,36.6],[98.8,36.5],[98.6,36.5],[98.6,36.4],[98.2,36.4],[98.2,36.5],[97.5,36.5],[97.5,36.6],[97.2,36.6],[97.2,36.7],[96.6,36.7],[96.6,36.8],[96.2,36.8],[96.2,36.9],[96.1,36.9],[96.1,37.0],[95.8,37.0],[95.8,37.1],[95.2,37.1],[95.2,37.2],[94.8,37.2],[94.8,37.3],[94.4,37.3],[94.4,37.4],[94.2,37.4],[94.2,37.5],[93.9,37.5],[93.9,37.6],[93.1,37.6],[93.1,37.7],[92.6,37.7],[92.6,37.8],[92.2,37.8],[92.2,37.9],[91.9,37.9],[91.9,38.0],[91.6,38.0],[91.6,38.1],[91.3,38.1],[91.3,38.2],[91.0,38.2],[91.0,38.3],[90.7,38.3],[90.7,38.4],[90.4,38.4],[90.4,38.5],[90.1,38.5],[90.1,38.4],[90.0,38.4]],[[95.2,29.8],[95.1,29.8],[95.1,29.7],[95.0,29.7],[95.0,29.9],[95.2,29.9],[95.2,29.8]]],[[[139.8,36.8],[139.8,36.9],[139.5,36.9],[139.5,37.0],[139.0,37.0],[139.0,36.8],[138.9,36.8],[138.9,35.8],[139.0,35.8],[139.0,35.6],[138.8,35.6],[138.8,35.5],[138.7,35.5],[138.7,35.4],[138.6,35.4],[138.6,35.1],[138.7,35.1],[138.7,35.0],[138.8,35.0],[138.8,34.8],[139.1,34.8],[139.1,34.9],[139.2,34.9],[139.2,35.3],[139.3,35.3],[139.3,35.4],[139.5,35.4],[139.5,35.3],[139.8,35.3],[139.8,35.4],[139.7,35.4],[139.7,35.5],[139.8,35.5],[139.8,35.7],[140.1,35.7],[140.1,35.6],[140.0,35.6],[140.0,35.5],[140.1,35.5],[140.1,35.4],[140.4,35.4],[140.4,35.5],[140.5,35.5],[140.5,35.6],[140.6,35.6],[140.6,35.7],[140.7,35.7],[140.7,35.8],[140.8,35.8],[140.8,36.0],[140.5,36.0],[140.5,36.1],[140.3,36.1],[140.3,36.2],[140.2,36.2],[140.2,36.3],[140.0,36.3],[140.0,36.7],[139.9,36.7],[139.9,36.8],[139.8,36.8]]],[[[80.4,63.6],[80.5,63.6],[80.5,64.4],[80.6,64.4],[80.6,65.0],[70.2,65.0],[70.2,64.8],[70.3,64.8],[70.3,64.6],[70.4,64.6],[70.4,64.3],[70.5,64.3],[70.5,64.0],[70.6,64.0],[70.6,63.9],[70.7,63.9],[70.7,62.9],[70.8,62.9],[70.8,62.4],[70.9,62.4],[70.9,62.1],[70.8,62.1],[70.8,60.5],[70.9,60.5],[70.9,60.1],[71.0,60.1],[71.0,59.8],[71.1,59.8],[71.1,59.6],[71.2,59.6],[71.2,59.2],[71.4,59.2],[71.4,59.1],[71.6,59.1],[71.6,59.0],[72.1,59.0],[72.1,58.9],[72.5,58.9],[72.5,58.8],[72.9,58.8],[72.9,58.7],[73.5,58.7],[73.5,58.6],[73.7,58.6],[73.7,58.5],[74.0,58.5],[74.0,58.4],[74.2,58.4],[74.2,58.3],[75.2,58.3],[75.2,58.4],[75.5,58.4],[75.5,58.5],[75.7,58.5],[75.7,58.6],[75.9,58.6],[75.9,58.7],[76.1,58.7],[76.1,58.8],[76.3,58.8],[76.3,58.9],[76.7,58.9],[76.7,59.0],[77.0,59.0],[77.0,59.1],[77.4,59.1],[77.4,59.2],[77.8,59.2],[77.8,59.3],[78.0,59.3],[78.0,59.4],[78.1,59.4],[78.1,59.5],[78.2,59.5],[78.2,59.6],[78.3,59.6],[78.3,59.7],[78.4,59.7],[78.4,59.8],[78.5,59.8],[78.5,59.9],[78.6,59.9],[78.6,60.0],[78.7,60.0],[78.7,60.3],[79.0,60.3],[79.0,60.4],[79.2,60.4],[79.2,60.5],[79.3,60.5],[79.3,60.7],[79.4,60.7],[79.4,60.9],[79.5,60.9],[79.5,61.0],[79.6,61.0],[79.6,61.2],[79.7,61.2],[79.7,61.6],[79.8,61.6],[79.8,61.8],[79.9,61.8],[79.9,62.1],[80.0,62.1],[80.0,62.3],[80.1,62.3],[80.1,62.5],[80.2,62.5],[80.2,62.9],[80.3,62.9],[80.3,63.2],[80.4,63.2],[80.4,63.6]]]]},"properties":{"start_year":1584,"end_year":1585,"source_color":"#ff00ff","polity_id":null,"polity_assignment":"unverified","geometry_origin":"raster_color_trace_stitched","pixel_size_degrees":0.1,"sources":[{"feature_id":"50:1556:#ff00ff","tile_id":"50","start_year":1556,"end_year":1598,"source_image":"data/raw/toolbay/t/50/1556.png","source_url":"https://www.toolbay.cc/history-map/t/50/1556.png"},{"feature_id":"51:1580:#ff00ff","tile_id":"51","start_year":1580,"end_year":1594,"source_image":"data/raw/toolbay/t/51/1580.png","source_url":"https://www.toolbay.cc/history-map/t/51/1580.png"},{"feature_id":"61:1584:#ff00ff","tile_id":"61","start_year":1584,"end_year":1585,"source_image":"data/raw/toolbay/t/61/1584.png","source_url":"https://www.toolbay.cc/history-map/t/61/1584.png"},{"feature_id":"71:1582:#ff00ff","tile_id":"71","start_year":1582,"end_year":1586,"source_image":"data/raw/toolbay/t/71/1582.png","source_url":"https://www.toolbay.cc/history-map/t/71/1582.png"}]}},{"type":"Feature","id":"merged:1584:#ff66ff","bbox":[60.0,46.2,71.2,65.0],"geometry":{"type":"Polygon","coordinates":[[[70.2,64.8],[70.2,65.0],[70.1,65.0],[60.0,65.0],[60.0,46.2],[60.5,46.2],[60.5,46.3],[60.6,46.3],[60.6,46.4],[60.5,46.4],[60.5,46.6],[60.6,46.6],[60.6,46.7],[60.7,46.7],[60.7,46.9],[60.8,46.9],[60.8,47.0],[60.9,47.0],[60.9,47.2],[61.0,47.2],[61.0,47.4],[61.1,47.4],[61.1,47.6],[61.2,47.6],[61.2,47.8],[61.3,47.8],[61.3,48.1],[61.4,48.1],[61.4,48.4],[61.5,48.4],[61.5,48.6],[61.6,48.6],[61.6,48.7],[61.7,48.7],[61.7,48.8],[61.6,48.8],[61.6,49.2],[61.5,49.2],[61.5,49.5],[61.4,49.5],[61.4,49.9],[61.3,49.9],[61.3,50.5],[61.2,50.5],[61.2,50.8],[61.1,50.8],[61.1,51.1],[61.0,51.1],[61.0,51.4],[60.9,51.4],[60.9,51.6],[60.8,51.6],[60.8,51.7],[60.6,51.7],[60.6,51.8],[60.5,51.8],[60.5,52.1],[60.4,52.1],[60.4,52.3],[60.3,52.3],[60.3,52.7],[60.4,52.7],[60.4,53.6],[60.5,53.6],[60.5,55.1],[60.4,55.1],[60.4,55.7],[60.5,55.7],[60.5,56.0],[60.6,56.0],[60.6,56.1],[60.7,56.1],[60.7,56.2],[60.8,56.2],[60.8,56.4],[61.0,56.4],[61.0,56.5],[61.1,56.5],[61.1,56.6],[61.4,56.6],[61.4,56.8],[61.7,56.8],[61.7,56.9],[62.0,56.9],[62.0,57.0],[62.7,57.0],[62.7,57.1],[63.0,57.1],[63.0,57.2],[63.2,57.2],[63.2,57.4],[63.7,57.4],[63.7,57.5],[64.1,57.5],[64.1,57.6],[64.4,57.6],[64.4,57.7],[64.7,57.7],[64.7,57.8],[65.1,57.8],[65.1,57.9],[65.5,57.9],[65.5,58.0],[66.0,58.0],[66.0,58.1],[66.5,58.1],[66.5,58.2],[67.1,58.2],[67.1,58.3],[67.5,58.3],[67.5,58.4],[67.7,58.4],[67.7,58.5],[68.1,58.5],[68.1,58.6],[68.5,58.6],[68.5,58.7],[69.0,58.7],[69.0,58.8],[69.3,58.8],[69.3,58.9],[70.1,58.9],[70.1,59.0],[70.5,59.0],[70.5,59.1],[71.1,59.1],[71.1,59.2],[71.2,59.2],[71.2,59.6],[71.1,59.6],[71.1,59.8],[71.0,59.8],[71.0,60.1],[70.9,60.1],[70.9,60.5],[70.8,60.5],[70.8,62.1],[70.9,62.1],[70.9,62.4],[70.8,62.4],[70.8,62.9],[70.7,62.9],[70.7,63.9],[70.6,63.9],[70.6,64.0],[70.5,64.0],[70.5,64.3],[70.4,64.3],[70.4,64.6],[70.3,64.6],[70.3,64.8],[70.2,64.8]]]},"properties":{"start_year":1584,"end_year":1585,"source_color":"#ff66ff","polity_id":null,"polity_assignment":"unverified","geometry_origin":"raster_color_trace_stitched","pixel_size_degrees":0.1,"sources":[{"feature_id":"50:1556:#ff66ff","tile_id":"50","start_year":1556,"end_year":1598,"source_image":"data/raw/toolbay/t/50/1556.png","source_url":"https://www.toolbay.cc/history-map/t/50/1556.png"}]}},{"type":"Feature","id":"merged:1584:#ff9933","bbox":[65.2,8.4,134.2,37.6],"geometry":{"type":"MultiPolygon","coordinates":[[[[80.4,9.7],[80.4,9.8],[80.3,9.8],[80.3,9.9],[80.0,9.9],[80.0,9.5],[80.1,9.5],[80.1,9.2],[80.0,9.2],[80.0,9.1],[79.9,9.1],[79.9,8.5],[79.8,8.5],[79.8,8.4],[80.5,8.4],[80.5,8.5],[80.6,8.5],[80.6,8.6],[80.8,8.6],[80.8,8.7],[81.2,8.7],[81.2,8.9],[81.1,8.9],[81.1,9.0],[81.0,9.0],[81.0,9.2],[80.9,9.2],[80.9,9.4],[80.8,9.4],[80.8,9.5],[80.7,9.5],[80.7,9.6],[80.6,9.6],[80.6,9.7],[80.4,9.7]]],[[[90.8,25.7],[90.8,25.8],[90.7,25.8],[90.7,25.9],[90.0,25.9],[90.0,25.8],[89.9,25.8],[89.9,26.1],[89.1,26.1],[89.1,26.2],[89.0,26.2],[89.0,26.3],[88.9,26.3],[88.9,26.4],[88.8,26.4],[88.8,26.5],[88.5,26.5],[88.5,26.6],[88.2,26.6],[88.2,26.7],[88.0,26.7],[88.0,26.8],[87.8,26.8],[87.8,26.9],[87.6,26.9],[87.6,27.0],[87.4,27.0],[87.4,27.1],[87.1,27.1],[87.1,27.2],[86.4,27.2],[86.4,27.3],[85.8,27.3],[85.8,27.4],[85.5,27.4],[85.5,27.5],[85.2,27.5],[85.2,27.6],[84.8,27.6],[84.8,27.7],[84.1,27.7],[84.1,27.8],[83.2,27.8],[83.2,27.9],[82.8,27.9],[82.8,28.0],[82.6,28.0],[82.6,28.1],[82.3,28.1],[82.3,28.2],[82.0,28.2],[82.0,28.3],[81.8,28.3],[81.8,28.4],[81.6,28.4],[81.6,28.5],[81.2,28.5],[81.2,28.6],[81.0,28.6],[81.0,28.7],[80.7,28.7],[80.7,28.8],[80.5,28.8],[80.5,28.9],[80.4,28.9],[80.4,29.0],[80.3,29.0],[80.3,29.1],[80.2,29.1],[80.2,29.2],[80.1,29.2],[80.1,29.3],[79.9,29.3],[79.9,29.4],[79.6,29.4],[79.6,29.5],[79.5,29.5],[79.5,29.6],[79.4,29.6],[79.4,29.8],[79.3,29.8],[79.3,29.9],[79.2,29.9],[79.2,30.1],[79.1,30.1],[79.1,30.2],[79.0,30.2],[79.0,30.3],[78.9,30.3],[78.9,30.5],[78.8,30.5],[78.8,30.6],[78.7,30.6],[78.7,30.7],[78.5,30.7],[78.5,31.1],[78.4,31.1],[78.4,31.4],[78.3,31.4],[78.3,31.5],[78.2,31.5],[78.2,31.6],[78.1,31.6],[78.1,31.8],[78.0,31.8],[78.0,32.0],[77.9,32.0],[77.9,32.1],[77.8,32.1],[77.8,32.4],[77.7,32.4],[77.7,32.7],[77.6,32.7],[77.6,33.0],[77.5,33.0],[77.5,33.1],[77.4,33.1],[77.4,33.2],[77.3,33.2],[77.3,33.3],[77.1,33.3],[77.1,33.4],[77.0,33.4],[77.0,33.5],[76.8,33.5],[76.8,33.6],[76.7,33.6],[76.7,33.7],[76.5,33.7],[76.5,33.8],[76.4,33.8],[76.4,33.9],[76.3,33.9],[76.3,34.0],[76.2,34.0],[76.2,34.1],[76.1,34.1],[76.1,34.2],[76.0,34.2],[76.0,34.3],[75.8,34.3],[75.8,34.4],[75.7,34.4],[75.7,34.5],[75.6,34.5],[75.6,34.6],[75.5,34.6],[75.5,34.7],[75.4,34.7],[75.4,34.8],[75.3,34.8],[75.3,35.0],[75.2,35.0],[75.2,35.1],[75.1,35.1],[75.1,35.2],[75.0,35.2],[75.0,35.3],[74.9,35.3],[74.9,35.4],[74.8,35.4],[74.8,35.6],[74.7,35.6],[74.7,35.8],[74.6,35.8],[74.6,36.3],[74.0,36.3],[74.0,36.4],[73.1,36.4],[73.1,36.3],[73.0,36.3],[73.0,36.1],[72.9,36.1],[72.9,36.0],[72.1,36.0],[72.1,36.1],[71.9,36.1],[71.9,36.2],[71.7,36.2],[71.7,36.4],[71.6,36.4],[71.6,36.6],[71.1,36.6],[71.1,36.7],[71.0,36.7],[71.0,36.8],[70.8,36.8],[70.8,36.9],[70.6,36.9],[70.6,37.0],[70.4,37.0],[70.4,37.1],[70.3,37.1],[70.3,37.2],[69.6,37.2],[69.6,37.1],[69.2,37.1],[69.2,37.0],[68.7,37.0],[68.7,37.1],[67.8,37.1],[67.8,37.2],[67.6,37.2],[67.6,37.3],[67.5,37.3],[67.5,37.4],[67.2,37.4],[67.2,37.5],[67.0,37.5],[67.0,37.6],[66.7,37.6],[66.7,37.5],[66.6,37.5],[66.6,37.4],[66.5,37.4],[66.5,37.3],[66.4,37.3],[66.4,37.1],[66.3,37.1],[66.3,36.9],[66.2,36.9],[66.2,36.7],[66.1,36.7],[66.1,36.6],[66.0,36.6],[66.0,36.2],[65.9,36.2],[65.9,35.8],[65.8,35.8],[65.8,35.4],[65.7,35.4],[65.7,35.1],[65.6,35.1],[65.6,34.9],[65.5,34.9],[65.5,34.6],[65.4,34.6],[65.4,34.2],[65.3,34.2],[65.3,33.7],[65.2,33.7],[65.2,33.3],[65.3,33.3],[65.3,32.8],[65.4,32.8],[65.4,32.5],[65.5,32.5],[65.5,32.3],[65.6,32.3],[65.6,32.1],[65.7,32.1],[65.7,31.9],[65.8,31.9],[65.8,31.7],[65.9,31.7],[65.9,31.4],[66.0,31.4],[66.0,31.3],[66.1,31.3],[66.1,31.0],[66.2,31.0],[66.2,30.7],[66.3,30.7],[66.3,30.5],[66.4,30.5],[66.4,30.2],[66.5,30.2],[66.5,28.9],[66.6,28.9],[66.6,28.8],[66.7,28.8],[66.7,28.7],[66.6,28.7],[66.6,28.3],[66.5,28.3],[66.5,28.1],[66.4,28.1],[66.4,27.7],[66.3,27.7],[66.3,27.4],[66.2,27.4],[66.2,27.1],[66.1,27.1],[66.1,26.8],[66.0,26.8],[66.0,26.4],[65.9,26.4],[65.9,26.2],[65.8,26.2],[65.8,26.0],[65.7,26.0],[65.7,25.7],[65.6,25.7],[65.6,25.4],[66.1,25.4],[66.1,25.5],[66.5,25.5],[66.5,25.4],[66.6,25.4],[66.6,25.3],[66.7,25.3],[66.7,25.0],[66.8,25.0],[66.8,24.9],[67.0,24.9],[67.0,24.8],[67.1,24.8],[67.1,24.7],[67.2,24.7],[67.2,24.5],[67.3,24.5],[67.3,24.2],[67.4,24.2],[67.4,24.1],[67.5,24.1],[67.5,23.9],[67.6,23.9],[67.6,23.8],[68.1,23.8],[68.1,23.7],[68.2,23.7],[68.2,23.6],[68.3,23.6],[68.3,23.5],[68.4,23.5],[68.4,23.4],[68.5,23.4],[68.5,23.3],[68.6,23.3],[68.6,23.2],[68.7,23.2],[68.7,23.1],[68.9,23.1],[68.9,23.0],[69.1,23.0],[69.1,22.9],[69.5,22.9],[69.5,22.8],[69.8,22.8],[69.8,22.9],[70.1,22.9],[70.1,22.8],[70.2,22.8],[70.2,22.7],[70.1,22.7],[70.1,22.6],[69.6,22.6],[69.6,22.5],[69.1,22.5],[69.1,22.4],[69.0,22.4],[69.0,22.2],[69.1,22.2],[69.1,22.1],[69.2,22.1],[69.2,22.0],[69.3,22.0],[69.3,21.9],[69.4,21.9],[69.4,21.8],[69.5,21.8],[69.5,21.7],[69.6,21.7],[69.6,21.6],[69.7,21.6],[69.7,21.5],[69.8,21.5],[69.8,21.4],[69.9,21.4],[69.9,21.3],[70.0,21.3],[70.0,21.2],[70.1,21.2],[70.1,21.1],[70.2,21.1],[70.2,21.0],[70.4,21.0],[70.4,20.9],[70.5,20.9],[70.5,20.8],[70.8,20.8],[70.8,20.7],[71.0,20.7],[71.0,20.8],[71.3,20.8],[71.3,20.9],[71.5,20.9],[71.5,21.0],[71.7,21.0],[71.7,21.1],[71.9,21.1],[71.9,21.2],[72.1,21.2],[72.1,21.3],[72.2,21.3],[72.2,21.5],[72.3,21.5],[72.3,22.0],[72.5,22.0],[72.5,21.8],[72.6,21.8],[72.6,21.6],[72.7,21.6],[72.7,21.7],[73.0,21.7],[73.0,21.8],[75.2,21.8],[75.2,21.7],[75.6,21.7],[75.6,21.6],[76.6,21.6],[76.6,21.7],[77.0,21.7],[77.0,22.3],[77.1,22.3],[77.1,22.8],[77.2,22.8],[77.2,22.9],[77.3,22.9],[77.3,23.0],[78.3,23.0],[78.3,23.1],[79.5,23.1],[79.5,23.0],[79.8,23.0],[79.8,23.1],[80.2,23.1],[80.2,23.2],[80.7,23.2],[80.7,23.3],[81.1,23.3],[81.1,23.4],[81.6,23.4],[81.6,23.5],[81.9,23.5],[81.9,23.6],[82.8,23.6],[82.8,23.7],[83.1,23.7],[83.1,23.8],[83.4,23.8],[83.4,23.7],[83.6,23.7],[83.6,23.6],[83.7,23.6],[83.7,23.5],[83.8,23.5],[83.8,23.4],[83.9,23.4],[83.9,23.3],[84.1,23.3],[84.1,23.2],[84.4,23.2],[84.4,23.1],[84.6,23.1],[84.6,23.0],[84.7,23.0],[84.7,22.9],[84.9,22.9],[84.9,22.8],[85.0,22.8],[85.0,22.7],[85.1,22.7],[85.1,22.6],[85.3,22.6],[85.3,22.5],[85.4,22.5],[85.4,22.4],[85.6,22.4],[85.6,22.3],[85.7,22.3],[85.7,22.2],[85.8,22.2],[85.8,22.1],[85.9,22.1],[85.9,22.0],[86.0,22.0],[86.0,21.8],[85.9,21.8],[85.9,21.7],[85.8,21.7],[85.8,21.6],[85.6,21.6],[85.6,21.5],[85.4,21.5],[85.4,21.4],[85.3,21.4],[85.3,21.3],[85.2,21.3],[85.2,21.1],[85.1,21.1],[85.1,20.9],[85.0,20.9],[85.0,20.8],[84.9,20.8],[84.9,20.7],[84.8,20.7],[84.8,20.6],[84.7,20.6],[84.7,20.5],[84.6,20.5],[84.6,20.4],[84.5,20.4],[84.5,20.3],[84.4,20.3],[84.4,20.2],[84.2,20.2],[84.2,20.0],[84.1,20.0],[84.1,19.9],[84.0,19.9],[84.0,19.7],[83.9,19.7],[83.9,19.6],[83.7,19.6],[83.7,19.4],[83.5,19.4],[83.5,19.3],[83.4,19.3],[83.4,19.2],[83.6,19.2],[83.6,19.1],[83.7,19.1],[83.7,19.0],[83.8,19.0],[83.8,18.9],[83.9,18.9],[83.9,18.8],[84.0,18.8],[84.0,18.6],[84.2,18.6],[84.2,18.5],[84.3,18.5],[84.3,18.6],[84.4,18.6],[84.4,18.7],[84.5,18.7],[84.5,18.8],[84.6,18.8],[84.6,18.9],[84.7,18.9],[84.7,19.1],[84.8,19.1],[84.8,19.2],[84.9,19.2],[84.9,19.3],[85.0,19.3],[85.0,19.4],[85.1,19.4],[85.1,19.5],[85.2,19.5],[85.2,19.6],[85.4,19.6],[85.4,19.7],[85.6,19.7],[85.6,19.8],[85.9,19.8],[85.9,19.9],[86.3,19.9],[86.3,20.0],[86.4,20.0],[86.4,20.1],[86.5,20.1],[86.5,20.2],[86.6,20.2],[86.6,20.3],[86.8,20.3],[86.8,20.4],[86.9,20.4],[86.9,20.6],[87.0,20.6],[87.0,21.0],[86.9,21.0],[86.9,21.4],[87.0,21.4],[87.0,21.5],[87.1,21.5],[87.1,21.6],[87.5,21.6],[87.5,21.7],[87.8,21.7],[87.8,21.8],[88.1,21.8],[88.1,21.7],[88.2,21.7],[88.2,21.6],[89.0,21.6],[89.0,21.7],[89.4,21.7],[89.4,21.8],[89.7,21.8],[89.7,21.9],[89.9,21.9],[89.9,22.0],[90.0,22.0],[90.0,21.9],[90.7,21.9],[90.7,22.0],[90.8,22.0],[90.8,22.1],[91.0,22.1],[91.0,22.2],[91.1,22.2],[91.1,22.5],[91.2,22.5],[91.2,22.8],[91.1,22.8],[91.1,23.0],[91.0,23.0],[91.0,23.3],[90.9,23.3],[90.9,23.7],[90.8,23.7],[90.8,24.9],[90.9,24.9],[90.9,25.7],[90.8,25.7]],[[89.7,24.7],[89.9,24.7],[89.9,24.3],[89.7,24.3],[89.7,24.7]],[[67.7,24.1],[67.6,24.1],[67.6,24.2],[67.7,24.2],[67.7,24.3],[67.9,24.3],[67.9,24.0],[67.7,24.0],[67.7,24.1]]],[[[134.1,35.4],[134.1,35.6],[133.4,35.6],[133.4,35.7],[133.0,35.7],[133.0,35.6],[132.8,35.6],[132.8,35.5],[132.7,35.5],[132.7,35.4],[132.6,35.4],[132.6,35.3],[132.4,35.3],[132.4,35.2],[132.3,35.2],[132.3,35.1],[132.2,35.1],[132.2,35.0],[132.0,35.0],[132.0,34.9],[131.9,34.9],[131.9,34.8],[131.6,34.8],[131.6,34.7],[131.5,34.7],[131.5,34.6],[131.4,34.6],[131.4,34.5],[131.0,34.5],[131.0,34.4],[130.9,34.4],[130.9,34.0],[130.5,34.0],[130.5,33.9],[130.6,33.9],[130.6,33.8],[130.7,33.8],[130.7,33.7],[130.8,33.7],[130.8,33.6],[131.1,33.6],[131.1,33.7],[131.2,33.7],[131.2,33.9],[131.1,33.9],[131.1,34.0],[131.9,34.0],[131.9,33.9],[132.0,33.9],[132.0,33.8],[132.3,33.8],[132.3,33.9],[132.4,33.9],[132.4,34.0],[132.6,34.0],[132.6,34.2],[132.9,34.2],[132.9,34.3],[133.3,34.3],[133.3,34.4],[133.8,34.4],[133.8,34.5],[134.2,34.5],[134.2,34.6],[134.1,34.6],[134.1,34.8],[134.0,34.8],[134.0,35.4],[134.1,35.4]]]]},"properties":{"start_year":1584,"end_year":1585,"source_color":"#ff9933","polity_id":null,"polity_assignment":"unverified","geometry_origin":"raster_color_trace_stitched","pixel_size_degrees":0.1,"sources":[{"feature_id":"51:1580:#ff9933","tile_id":"51","start_year":1580,"end_year":1594,"source_image":"data/raw/toolbay/t/51/1580.png","source_url":"https://www.toolbay.cc/history-map/t/51/1580.png"},{"feature_id":"61:1584:#ff9933","tile_id":"61","start_year":1584,"end_year":1585,"source_image":"data/raw/toolbay/t/61/1584.png","source_url":"https://www.toolbay.cc/history-map/t/61/1584.png"}]}},{"type":"Feature","id":"merged:1584:#ff9999","bbox":[93.1,15.8,99.6,28.5],"geometry":{"type":"Polygon","coordinates":[[[98.4,28.5],[98.3,28.5],[98.3,28.4],[98.1,28.4],[98.1,28.3],[97.2,28.3],[97.2,28.2],[97.1,28.2],[97.1,28.1],[97.0,28.1],[97.0,27.9],[96.9,27.9],[96.9,27.7],[96.8,27.7],[96.8,27.6],[96.6,27.6],[96.6,27.5],[96.5,27.5],[96.5,27.4],[96.4,27.4],[96.4,27.3],[96.3,27.3],[96.3,27.2],[96.2,27.2],[96.2,27.0],[96.0,27.0],[96.0,26.8],[95.9,26.8],[95.9,26.7],[95.8,26.7],[95.8,26.6],[95.6,26.6],[95.6,26.5],[95.5,26.5],[95.5,26.4],[95.4,26.4],[95.4,26.3],[95.3,26.3],[95.3,26.1],[95.2,26.1],[95.2,26.0],[95.1,26.0],[95.1,25.9],[95.0,25.9],[95.0,25.8],[94.9,25.8],[94.9,25.6],[94.7,25.6],[94.7,25.5],[94.6,25.5],[94.6,25.3],[94.4,25.3],[94.4,25.2],[94.3,25.2],[94.3,25.1],[94.2,25.1],[94.2,24.9],[94.1,24.9],[94.1,24.8],[93.9,24.8],[93.9,24.6],[93.8,24.6],[93.8,24.5],[93.7,24.5],[93.7,24.4],[93.6,24.4],[93.6,24.3],[93.5,24.3],[93.5,23.7],[93.4,23.7],[93.4,23.5],[93.3,23.5],[93.3,22.6],[93.2,22.6],[93.2,21.8],[93.1,21.8],[93.1,21.5],[93.2,21.5],[93.2,21.4],[93.3,21.4],[93.3,21.3],[93.4,21.3],[93.4,21.2],[93.5,21.2],[93.5,21.1],[93.6,21.1],[93.6,21.0],[93.7,21.0],[93.7,20.8],[93.8,20.8],[93.8,20.5],[93.9,20.5],[93.9,20.3],[94.0,20.3],[94.0,20.1],[94.1,20.1],[94.1,19.8],[94.2,19.8],[94.2,18.8],[94.1,18.8],[94.1,18.7],[94.2,18.7],[94.2,18.5],[94.3,18.5],[94.3,18.3],[94.4,18.3],[94.4,18.1],[94.5,18.1],[94.5,17.7],[94.6,17.7],[94.6,17.4],[94.5,17.4],[94.5,17.3],[94.4,17.3],[94.4,16.7],[94.3,16.7],[94.3,16.5],[94.2,16.5],[94.2,16.1],[94.3,16.1],[94.3,16.0],[94.5,16.0],[94.5,15.9],[94.7,15.9],[94.7,15.8],[95.5,15.8],[95.5,15.9],[95.6,15.9],[95.6,16.0],[95.7,16.0],[95.7,16.1],[95.8,16.1],[95.8,16.2],[95.9,16.2],[95.9,16.3],[96.0,16.3],[96.0,16.4],[96.4,16.4],[96.4,16.5],[96.5,16.5],[96.5,16.6],[96.7,16.6],[96.7,16.7],[96.8,16.7],[96.8,16.8],[96.9,16.8],[96.9,16.9],[97.0,16.9],[97.0,17.0],[97.2,17.0],[97.2,16.9],[97.3,16.9],[97.3,16.7],[97.4,16.7],[97.4,16.8],[97.5,16.8],[97.5,17.0],[97.6,17.0],[97.6,18.0],[97.9,18.0],[97.9,18.1],[98.0,18.1],[98.0,18.3],[98.1,18.3],[98.1,20.5],[98.0,20.5],[98.0,20.8],[97.9,20.8],[97.9,21.2],[98.0,21.2],[98.0,21.4],[98.1,21.4],[98.1,21.6],[98.2,21.6],[98.2,21.7],[98.3,21.7],[98.3,21.9],[98.4,21.9],[98.4,22.1],[98.5,22.1],[98.5,22.2],[98.6,22.2],[98.6,22.5],[98.7,22.5],[98.7,22.8],[98.8,22.8],[98.8,23.0],[98.9,23.0],[98.9,23.1],[99.0,23.1],[99.0,23.3],[99.1,23.3],[99.1,24.2],[99.2,24.2],[99.2,24.4],[99.3,24.4],[99.3,24.8],[99.4,24.8],[99.4,25.1],[99.5,25.1],[99.5,25.2],[99.6,25.2],[99.6,25.3],[99.5,25.3],[99.5,25.6],[99.4,25.6],[99.4,25.8],[99.3,25.8],[99.3,26.1],[99.2,26.1],[99.2,26.4],[99.1,26.4],[99.1,26.6],[99.0,26.6],[99.0,27.0],[98.9,27.0],[98.9,27.3],[98.8,27.3],[98.8,27.5],[98.7,27.5],[98.7,27.8],[98.6,27.8],[98.6,28.0],[98.5,28.0],[98.5,28.2],[98.4,28.2],[98.4,28.5]]]},"properties":{"start_year":1584,"end_year":1585,"source_color":"#ff9999","polity_id":null,"polity_assignment":"unverified","geometry_origin":"raster_color_trace_stitched","pixel_size_degrees":0.1,"sources":[{"feature_id":"61:1584:#ff9999","tile_id":"61","start_year":1584,"end_year":1585,"source_image":"data/raw/toolbay/t/61/1584.png","source_url":"https://www.toolbay.cc/history-map/t/61/1584.png"}]}},{"type":"Feature","id":"merged:1584:#ffff00","bbox":[60.3,8.2,80.4,59.2],"geometry":{"type":"MultiPolygon","coordinates":[[[[80.0,15.4],[80.0,15.5],[79.2,15.5],[79.2,15.4],[78.3,15.4],[78.3,15.3],[76.1,15.3],[76.1,15.2],[74.4,15.2],[74.4,15.3],[74.2,15.3],[74.2,15.4],[73.9,15.4],[73.9,15.1],[74.0,15.1],[74.0,15.0],[74.1,15.0],[74.1,14.9],[74.2,14.9],[74.2,14.7],[74.3,14.7],[74.3,14.5],[74.4,14.5],[74.4,14.3],[74.5,14.3],[74.5,14.0],[74.6,14.0],[74.6,13.7],[74.7,13.7],[74.7,13.3],[74.8,13.3],[74.8,12.8],[74.9,12.8],[74.9,12.6],[75.0,12.6],[75.0,12.4],[75.1,12.4],[75.1,12.2],[75.2,12.2],[75.2,12.0],[75.3,12.0],[75.3,11.9],[75.4,11.9],[75.4,11.8],[75.5,11.8],[75.5,11.7],[75.6,11.7],[75.6,11.5],[75.7,11.5],[75.7,11.3],[75.8,11.3],[75.8,11.1],[75.9,11.1],[75.9,10.8],[76.0,10.8],[76.0,10.5],[76.1,10.5],[76.1,10.3],[76.2,10.3],[76.2,9.9],[76.3,9.9],[76.3,9.5],[76.4,9.5],[76.4,9.2],[76.5,9.2],[76.5,9.0],[76.6,9.0],[76.6,8.9],[76.7,8.9],[76.7,8.8],[76.8,8.8],[76.8,8.7],[76.9,8.7],[76.9,8.5],[77.0,8.5],[77.0,8.4],[77.1,8.4],[77.1,8.3],[77.2,8.3],[77.2,8.2],[77.8,8.2],[77.8,8.3],[78.0,8.3],[78.0,8.4],[78.1,8.4],[78.1,8.5],[78.2,8.5],[78.2,8.9],[78.3,8.9],[78.3,9.1],[78.4,9.1],[78.4,9.2],[78.8,9.2],[78.8,9.3],[78.9,9.3],[78.9,9.4],[79.0,9.4],[79.0,9.8],[79.1,9.8],[79.1,9.9],[79.2,9.9],[79.2,10.0],[79.3,10.0],[79.3,10.3],[79.4,10.3],[79.4,10.4],[79.6,10.4],[79.6,10.3],[79.8,10.3],[79.8,10.4],[79.9,10.4],[79.9,11.5],[79.8,11.5],[79.8,11.9],[79.9,11.9],[79.9,12.2],[80.0,12.2],[80.0,12.3],[80.1,12.3],[80.1,12.5],[80.2,12.5],[80.2,12.7],[80.3,12.7],[80.3,13.1],[80.4,13.1],[80.4,13.6],[80.3,13.6],[80.3,14.0],[80.2,14.0],[80.2,14.9],[80.1,14.9],[80.1,15.4],[80.0,15.4]]],[[[71.4,59.1],[71.4,59.2],[71.1,59.2],[71.1,59.1],[70.5,59.1],[70.5,59.0],[70.1,59.0],[70.1,58.9],[69.3,58.9],[69.3,58.8],[69.0,58.8],[69.0,58.7],[68.5,58.7],[68.5,58.6],[68.1,58.6],[68.1,58.5],[67.7,58.5],[67.7,58.4],[67.5,58.4],[67.5,58.3],[67.1,58.3],[67.1,58.2],[66.5,58.2],[66.5,58.1],[66.0,58.1],[66.0,58.0],[65.5,58.0],[65.5,57.9],[65.1,57.9],[65.1,57.8],[64.7,57.8],[64.7,57.7],[64.4,57.7],[64.4,57.6],[64.1,57.6],[64.1,57.5],[63.7,57.5],[63.7,57.4],[63.2,57.4],[63.2,57.2],[63.0,57.2],[63.0,57.1],[62.7,57.1],[62.7,57.0],[62.0,57.0],[62.0,56.9],[61.7,56.9],[61.7,56.8],[61.4,56.8],[61.4,56.6],[61.1,56.6],[61.1,56.5],[61.0,56.5],[61.0,56.4],[60.8,56.4],[60.8,56.2],[60.7,56.2],[60.7,56.1],[60.6,56.1],[60.6,56.0],[60.5,56.0],[60.5,55.7],[60.4,55.7],[60.4,55.1],[60.5,55.1],[60.5,53.6],[60.4,53.6],[60.4,52.7],[60.3,52.7],[60.3,52.3],[60.4,52.3],[60.4,52.1],[60.5,52.1],[60.5,51.8],[60.6,51.8],[60.6,51.7],[60.8,51.7],[60.8,51.6],[60.9,51.6],[60.9,51.4],[61.0,51.4],[61.0,51.1],[61.1,51.1],[61.1,50.8],[61.2,50.8],[61.2,50.5],[61.3,50.5],[61.3,49.9],[61.4,49.9],[61.4,49.5],[61.5,49.5],[61.5,49.2],[61.6,49.2],[61.6,48.8],[61.7,48.8],[61.7,48.7],[61.6,48.7],[61.6,48.6],[61.5,48.6],[61.5,48.4],[61.4,48.4],[61.4,48.1],[61.3,48.1],[61.3,47.8],[61.2,47.8],[61.2,47.6],[61.1,47.6],[61.1,47.4],[61.0,47.4],[61.0,47.2],[60.9,47.2],[60.9,47.0],[60.8,47.0],[60.8,46.9],[60.7,46.9],[60.7,46.7],[60.8,46.7],[60.8,46.6],[60.9,46.6],[60.9,46.5],[61.2,46.5],[61.2,46.6],[61.3,46.6],[61.3,46.4],[61.2,46.4],[61.2,46.3],[61.4,46.3],[61.4,46.2],[61.8,46.2],[61.8,46.1],[62.2,46.1],[62.2,46.0],[62.6,46.0],[62.6,45.9],[64.0,45.9],[64.0,46.0],[64.4,46.0],[64.4,46.1],[64.6,46.1],[64.6,46.2],[64.7,46.2],[64.7,46.3],[66.1,46.3],[66.1,46.4],[66.6,46.4],[66.6,46.5],[66.7,46.5],[66.7,46.6],[67.3,46.6],[67.3,46.7],[67.8,46.7],[67.8,46.8],[71.6,46.8],[71.6,46.7],[72.1,46.7],[72.1,46.6],[72.3,46.6],[72.3,46.5],[72.6,46.5],[72.6,46.4],[72.9,46.4],[72.9,46.3],[73.1,46.3],[73.1,46.2],[73.2,46.2],[73.2,46.0],[73.3,46.0],[73.3,46.1],[73.4,46.1],[73.4,46.2],[73.5,46.2],[73.5,46.4],[73.7,46.4],[73.7,46.5],[73.9,46.5],[73.9,46.6],[74.1,46.6],[74.1,46.7],[74.4,46.7],[74.4,46.8],[74.5,46.8],[74.5,46.9],[75.7,46.9],[75.7,47.0],[75.8,47.0],[75.8,47.2],[75.9,47.2],[75.9,48.2],[76.0,48.2],[76.0,49.1],[76.1,49.1],[76.1,49.4],[76.2,49.4],[76.2,49.8],[76.3,49.8],[76.3,50.2],[76.4,50.2],[76.4,50.5],[76.5,50.5],[76.5,52.0],[76.4,52.0],[76.4,53.7],[76.3,53.7],[76.3,54.4],[76.2,54.4],[76.2,55.3],[76.1,55.3],[76.1,55.8],[76.0,55.8],[76.0,56.1],[75.9,56.1],[75.9,56.3],[75.8,56.3],[75.8,56.5],[75.7,56.5],[75.7,56.7],[75.6,56.7],[75.6,56.9],[75.5,56.9],[75.5,57.1],[75.4,57.1],[75.4,57.2],[75.3,57.2],[75.3,57.4],[75.2,57.4],[75.2,57.5],[75.1,57.5],[75.1,57.6],[75.0,57.6],[75.0,57.7],[74.9,57.7],[74.9,57.8],[74.8,57.8],[74.8,58.0],[74.7,58.0],[74.7,58.1],[74.5,58.1],[74.5,58.2],[74.3,58.2],[74.3,58.3],[74.2,58.3],[74.2,58.4],[74.0,58.4],[74.0,58.5],[73.7,58.5],[73.7,58.6],[73.5,58.6],[73.5,58.7],[72.9,58.7],[72.9,58.8],[72.5,58.8],[72.5,58.9],[72.1,58.9],[72.1,59.0],[71.6,59.0],[71.6,59.1],[71.4,59.1]]]]},"properties":{"start_year":1584,"end_year":1585,"source_color":"#ffff00","polity_id":null,"polity_assignment":"unverified","geometry_origin":"raster_color_trace_stitched","pixel_size_degrees":0.1,"sources":[{"feature_id":"50:1556:#ffff00","tile_id":"50","start_year":1556,"end_year":1598,"source_image":"data/raw/toolbay/t/50/1556.png","source_url":"https://www.toolbay.cc/history-map/t/50/1556.png"},{"feature_id":"51:1580:#ffff00","tile_id":"51","start_year":1580,"end_year":1594,"source_image":"data/raw/toolbay/t/51/1580.png","source_url":"https://www.toolbay.cc/history-map/t/51/1580.png"}]}}]}
