id,entity_id,name_zh,name_en,role_zh,start_year,end_year
toolbay-region-0014-ruler-0006,toolbay-region-0014,武王,Wu-wang,王,-1023,-1021
toolbay-region-0014-ruler-0007,toolbay-region-0014,成王,Cheng-wang,王,-1021,-1002
toolbay-region-0014-ruler-0008,toolbay-region-0014,康王,Kang-wang,王,-1002,-993
toolbay-region-0014-ruler-0009,toolbay-region-0014,昭王,Zhao-wang,王,-993,-985
toolbay-region-0014-ruler-0010,toolbay-region-0014,穆王,Mu-wang,王,-985,-940
toolbay-region-0014-ruler-0011,toolbay-region-0014,恭王,Gong-wang,王,-940,-903
toolbay-region-0014-ruler-0012,toolbay-region-0014,懿王,Yi-wang,王,-903,-892
toolbay-region-0014-ruler-0013,toolbay-region-0014,孝王,Xiao-wang,王,-892,-886
toolbay-region-0014-ruler-0014,toolbay-region-0014,夷王,Yi-wang,王,-886,-877
toolbay-region-0014-ruler-0015,toolbay-region-0014,厉王,Li-wang,王,-857,-841
toolbay-region-0014-ruler-0017,toolbay-region-0014,周定公,Duke of Zhou,领导,-841,-828
toolbay-region-0014-ruler-0018,toolbay-region-0014,召穆公,Duke of Zhao,领导,-841,-828
toolbay-region-0014-ruler-0020,toolbay-region-0014,宣王,Xuan-wang,王,-828,-781
toolbay-region-0014-ruler-0021,toolbay-region-0014,幽王,You-wang,王,-781,-772
toolbay-region-0014-ruler-0022,toolbay-region-0014,平王,Ping-wang,王,-772,-719
toolbay-region-0014-ruler-0023,toolbay-region-0014,桓王,Huan-wang,王,-719,-696
toolbay-region-0014-ruler-0024,toolbay-region-0014,荘王,Zhuang-wang,王,-696,-681
toolbay-region-0014-ruler-0025,toolbay-region-0014,釐王,Xi-wang,王,-681,-677
toolbay-region-0014-ruler-0026,toolbay-region-0014,惠王,Hui-wang,王,-676,-652
toolbay-region-0014-ruler-0027,toolbay-region-0014,襄王,Xiang-wang,王,-652,-619
toolbay-region-0014-ruler-0028,toolbay-region-0014,顷王,Qing-wang,王,-618,-612
toolbay-region-0014-ruler-0029,toolbay-region-0014,匡王,Kuang-wang,王,-612,-606
toolbay-region-0014-ruler-0030,toolbay-region-0014,定王,Ding-wang,王,-606,-585
toolbay-region-0014-ruler-0031,toolbay-region-0014,简王,Jian-wang,王,-585,-571
toolbay-region-0014-ruler-0032,toolbay-region-0014,灵王,Ling-wang,王,-571,-544
toolbay-region-0014-ruler-0033,toolbay-region-0014,景王,Jin-wang,王,-544,-519
toolbay-region-0014-ruler-0034,toolbay-region-0014,敬王,Jing-wang,王,-519,-500
toolbay-region-0023-ruler-0005,toolbay-region-0023,釐公,Li,公,-858,-830
toolbay-region-0023-ruler-0006,toolbay-region-0023,惠公,Hui,公,-830,-800
toolbay-region-0023-ruler-0007,toolbay-region-0023,哀公,Ai,公,-800,-799
toolbay-region-0023-ruler-0008,toolbay-region-0023,戴公,Dai,公,-799,-765
toolbay-region-0023-ruler-0009,toolbay-region-0023,武公,Wu,公,-765,-747
toolbay-region-0023-ruler-0010,toolbay-region-0023,宣公,Xuan,公,-747,-728
toolbay-region-0023-ruler-0011,toolbay-region-0023,穆公,Mu,公,-728,-719
toolbay-region-0023-ruler-0012,toolbay-region-0023,殇公,Shang,公,-719,-710
toolbay-region-0023-ruler-0013,toolbay-region-0023,庄公,Zhuang,公,-710,-691
toolbay-region-0023-ruler-0014,toolbay-region-0023,愍公,Man,公,-691,-682
toolbay-region-0023-ruler-0015,toolbay-region-0023,前废公,Fei,公,-682,-681
toolbay-region-0023-ruler-0016,toolbay-region-0023,桓公,Huan,公,-681,-650
toolbay-region-0023-ruler-0017,toolbay-region-0023,襄公,Xiang,公,-650,-636
toolbay-region-0023-ruler-0018,toolbay-region-0023,成公,Cheng,公,-636,-620
toolbay-region-0023-ruler-0019,toolbay-region-0023,后废公,Fei,公,-620,-619
toolbay-region-0023-ruler-0020,toolbay-region-0023,昭公,Zhao,公,-619,-610
toolbay-region-0023-ruler-0021,toolbay-region-0023,文公,Wen,公,-610,-588
toolbay-region-0023-ruler-0022,toolbay-region-0023,共公,Gong,公,-588,-575
toolbay-region-0023-ruler-0023,toolbay-region-0023,平公,Ping,公,-575,-531
toolbay-region-0023-ruler-0024,toolbay-region-0023,元公,Yuan,公,-531,-516
toolbay-region-0023-ruler-0025,toolbay-region-0023,景公,Jing,公,-516,-468
toolbay-region-0023-ruler-0026,toolbay-region-0023,昭公,Zhao,公,-468,-403
toolbay-region-0023-ruler-0027,toolbay-region-0023,悼公,Dao,公,-403,-385
toolbay-region-0023-ruler-0028,toolbay-region-0023,休公,Xiu,公,-385,-363
toolbay-region-0023-ruler-0029,toolbay-region-0023,桓公,Huan,公,-363,-355
toolbay-region-0023-ruler-0030,toolbay-region-0023,剔成君,Ti-cheng-jun,公,-355,-328
toolbay-region-0023-ruler-0032,toolbay-region-0023,康王,Kang,王,-328,-286
toolbay-region-0025-ruler-0005,toolbay-region-0025,无壬,Wu Ren,侯,-621,-591
toolbay-region-0025-ruler-0006,toolbay-region-0025,无译,Wu Yi,侯,-591,-565
toolbay-region-0025-ruler-0007,toolbay-region-0025,夫谭,Fu Tan,侯,-565,-538
toolbay-region-0025-ruler-0008,toolbay-region-0025,允常,Yun Chang,侯,-538,-496
toolbay-region-0025-ruler-0009,toolbay-region-0025,勾践,Gou Jian,侯,-496,-494
toolbay-region-0025-ruler-0011,toolbay-region-0025,勾践,Gou Jian,王,-491,-465
toolbay-region-0025-ruler-0012,toolbay-region-0025,鹿郢,Lu Ying,王,-465,-459
toolbay-region-0025-ruler-0013,toolbay-region-0025,不寿,Bu Shou,王,-459,-449
toolbay-region-0025-ruler-0014,toolbay-region-0025,翁,Weng,王,-449,-412
toolbay-region-0025-ruler-0015,toolbay-region-0025,翳,Yi,王,-412,-376
toolbay-region-0025-ruler-0016,toolbay-region-0025,错枝,Cuo Zhi,王,-376,-375
toolbay-region-0025-ruler-0017,toolbay-region-0025,无余,Wu Yu,王,-375,-363
toolbay-region-0025-ruler-0018,toolbay-region-0025,无颛,Wu Zhuan,王,-363,-355
toolbay-region-0025-ruler-0019,toolbay-region-0025,无疆,Wu Qiang,王,-355,-334
toolbay-region-0026-ruler-0005,toolbay-region-0026,寿梦,Shou Meng,王,-585,-560
toolbay-region-0026-ruler-0006,toolbay-region-0026,诸樊,Chu Fan,王,-560,-547
toolbay-region-0026-ruler-0007,toolbay-region-0026,馀祭,Yi Ji,王,-547,-543
toolbay-region-0026-ruler-0008,toolbay-region-0026,馀眛,Yi Wei,王,-543,-526
toolbay-region-0026-ruler-0009,toolbay-region-0026,僚,Liao,王,-526,-514
toolbay-region-0026-ruler-0010,toolbay-region-0026,阖闾,He Lü,王,-514,-495
toolbay-region-0026-ruler-0011,toolbay-region-0026,夫差,Fu Chai,王,-495,-473
toolbay-region-0028-ruler-0006,toolbay-region-0028,胡公,Hu,公,-862,-859
toolbay-region-0028-ruler-0007,toolbay-region-0028,献公,Xian,公,-859,-850
toolbay-region-0028-ruler-0008,toolbay-region-0028,武公,Wu,公,-850,-824
toolbay-region-0028-ruler-0009,toolbay-region-0028,厉公,Li,公,-824,-815
toolbay-region-0028-ruler-0010,toolbay-region-0028,文公,Wen,公,-815,-803
toolbay-region-0028-ruler-0011,toolbay-region-0028,成公,Cheng,公,-803,-794
toolbay-region-0028-ruler-0012,toolbay-region-0028,庄公,Zhuang,公,-794,-730
toolbay-region-0028-ruler-0013,toolbay-region-0028,釐公,Li,公,-730,-697
toolbay-region-0028-ruler-0014,toolbay-region-0028,襄公,Xiang,公,-697,-686
toolbay-region-0028-ruler-0015,toolbay-region-0028,公孙无知,Wu-zhi,公,-686,-685
toolbay-region-0028-ruler-0016,toolbay-region-0028,桓公,Huan,公,-685,-643
toolbay-region-0028-ruler-0017,toolbay-region-0028,齐侯无诡,Wu-gui,公,-643,-642
toolbay-region-0028-ruler-0018,toolbay-region-0028,孝公,Xiao,公,-642,-632
toolbay-region-0028-ruler-0019,toolbay-region-0028,昭公,Zhao,公,-632,-613
toolbay-region-0028-ruler-0020,toolbay-region-0028,齐君舍,She,公,-613,-612
toolbay-region-0028-ruler-0021,toolbay-region-0028,懿公,Yi,公,-612,-608
toolbay-region-0028-ruler-0022,toolbay-region-0028,恵公,Hui,公,-608,-598
toolbay-region-0028-ruler-0023,toolbay-region-0028,顷公,Qing,公,-598,-581
toolbay-region-0028-ruler-0024,toolbay-region-0028,灵公,Ling,公,-581,-553
toolbay-region-0028-ruler-0025,toolbay-region-0028,庄公,Zhuang,公,-553,-547
toolbay-region-0028-ruler-0026,toolbay-region-0028,景公,Jing,公,-547,-490
toolbay-region-0028-ruler-0027,toolbay-region-0028,晏孺子荼,Tu,公,-490,-488
toolbay-region-0028-ruler-0028,toolbay-region-0028,悼公,Dao,公,-488,-484
toolbay-region-0028-ruler-0029,toolbay-region-0028,简公,Jian,公,-484,-480
toolbay-region-0028-ruler-0030,toolbay-region-0028,平公,Ping,公,-480,-455
toolbay-region-0028-ruler-0031,toolbay-region-0028,宣公,Xuan,公,-455,-404
toolbay-region-0028-ruler-0032,toolbay-region-0028,康公,Kang,公,-404,-386
toolbay-region-0028-ruler-0033,toolbay-region-0028,太公,Tai,公,-386,-385
toolbay-region-0028-ruler-0034,toolbay-region-0028,桓公,Huan,公,-385,-379
toolbay-region-0028-ruler-0036,toolbay-region-0028,威王,Wei,王,-379,-346
toolbay-region-0028-ruler-0037,toolbay-region-0028,宣王,Xuan,王,-346,-324
toolbay-region-0028-ruler-0038,toolbay-region-0028,愍王,Man,王,-324,-284
toolbay-region-0028-ruler-0039,toolbay-region-0028,襄王,Xiang,王,-284,-265
toolbay-region-0028-ruler-0040,toolbay-region-0028,王建,Wang Jian,王,-265,-221
toolbay-region-0030-ruler-0006,toolbay-region-0030,熊勇,Xiong Yong,王,-847,-837
toolbay-region-0030-ruler-0007,toolbay-region-0030,熊厳,Xiong Yan,王,-837,-827
toolbay-region-0030-ruler-0008,toolbay-region-0030,熊霜,Xiong Chuang,王,-827,-821
toolbay-region-0030-ruler-0009,toolbay-region-0030,熊徇,Xiong Xun,王,-821,-799
toolbay-region-0030-ruler-0010,toolbay-region-0030,熊咢,Xiong E,王,-799,-790
toolbay-region-0030-ruler-0011,toolbay-region-0030,若敖,Ruo Ao,王,-790,-765
toolbay-region-0030-ruler-0012,toolbay-region-0030,霄敖,Xiao Ao,王,-763,-757
toolbay-region-0030-ruler-0013,toolbay-region-0030,蚡冒,Fen Mao,王,-757,-741
toolbay-region-0030-ruler-0014,toolbay-region-0030,武王,Wu Wang,王,-740,-689
toolbay-region-0030-ruler-0015,toolbay-region-0030,文王,Wen Wang,王,-689,-674
toolbay-region-0030-ruler-0016,toolbay-region-0030,庄敖,Zhuang Ao,王,-674,-671
toolbay-region-0030-ruler-0017,toolbay-region-0030,成王,Cheng Wang,王,-671,-625
toolbay-region-0030-ruler-0018,toolbay-region-0030,穆王,Mu Wang,王,-625,-613
toolbay-region-0030-ruler-0019,toolbay-region-0030,庄王,Zhuang Wang,王,-613,-590
toolbay-region-0030-ruler-0020,toolbay-region-0030,共王,Gong Wang,王,-590,-559
toolbay-region-0030-ruler-0021,toolbay-region-0030,康王,Kang Wang,王,-559,-544
toolbay-region-0030-ruler-0022,toolbay-region-0030,郏敖,Jia Ao,王,-544,-540
toolbay-region-0030-ruler-0023,toolbay-region-0030,霊王,Ling Wang,王,-540,-528
toolbay-region-0030-ruler-0024,toolbay-region-0030,平王,Ping Wang,王,-528,-515
toolbay-region-0030-ruler-0025,toolbay-region-0030,昭王,Zhao Wang,王,-515,-488
toolbay-region-0030-ruler-0026,toolbay-region-0030,惠王,Hui Wang,王,-488,-431
toolbay-region-0030-ruler-0027,toolbay-region-0030,简王,Jian Wang,王,-431,-407
toolbay-region-0030-ruler-0028,toolbay-region-0030,声王,Sheng Wang,王,-407,-401
toolbay-region-0030-ruler-0029,toolbay-region-0030,悼王,Dao Wang,王,-401,-380
toolbay-region-0030-ruler-0030,toolbay-region-0030,肃王,Su Wang,王,-380,-369
toolbay-region-0030-ruler-0031,toolbay-region-0030,宣王,Xuan Wang,王,-369,-339
toolbay-region-0030-ruler-0032,toolbay-region-0030,威王,Wei Wang,王,-329,-328
toolbay-region-0030-ruler-0033,toolbay-region-0030,怀王,Huai Wang,王,-328,-298
toolbay-region-0030-ruler-0034,toolbay-region-0030,顷襄王,Qing-xiang Wang,王,-298,-262
toolbay-region-0030-ruler-0035,toolbay-region-0030,考烈王,Kao-lie Wang,王,-262,-237
toolbay-region-0030-ruler-0036,toolbay-region-0030,哀王,Ai Wang,王,-237,-228
toolbay-region-0030-ruler-0037,toolbay-region-0030,幽王,You Wang,王,-228,-227
toolbay-region-0030-ruler-0038,toolbay-region-0030,负刍,Fu Chu,王,-227,-223
toolbay-region-0033-ruler-0007,toolbay-region-0033,头曼单于,Tu-Man,单于,-240,-209
toolbay-region-0033-ruler-0008,toolbay-region-0033,冒顿单于,Mo-Du,单于,-209,-174
toolbay-region-0033-ruler-0009,toolbay-region-0033,老上单于,Ki-Ok,单于,-174,-161
toolbay-region-0033-ruler-0010,toolbay-region-0033,军臣单于,Chun-Chin,单于,-161,-126
toolbay-region-0033-ruler-0011,toolbay-region-0033,伊稚斜单于,I-Tsin-Xien,单于,-126,-114
toolbay-region-0033-ruler-0012,toolbay-region-0033,乌维单于,Wu-Wei,单于,-114,-105
toolbay-region-0033-ruler-0013,toolbay-region-0033,乌师庐儿单于,Wu-Si-Lu-Er,单于,-105,-102
toolbay-region-0033-ruler-0014,toolbay-region-0033,句犁湖儿单于,Xu-Li-Hu-Er,单于,-102,-101
toolbay-region-0033-ruler-0015,toolbay-region-0033,且鞮侯单于,Chu-Ti-Qu,单于,-101,-96
toolbay-region-0033-ruler-0016,toolbay-region-0033,狐鹿姑单于,Hu-Lu-Ku,单于,-96,-85
toolbay-region-0033-ruler-0017,toolbay-region-0033,壶衍鞮单于,Chu-Yan-Ti,单于,-85,-68
toolbay-region-0033-ruler-0018,toolbay-region-0033,虚闾权渠单于,Hsu-Lu-Chuan-Chou,单于,-68,-60
toolbay-region-0033-ruler-0019,toolbay-region-0033,握衍胸鞮单于,Ang-Yan-Ti,单于,-60,-58
toolbay-region-0033-ruler-0020,toolbay-region-0033,呼韩邪单于,Hu-Han-Xie,单于,-58,-31
toolbay-region-0033-ruler-0021,toolbay-region-0033,复株累若鞮单于,Fu-Chu-Ley-Ju-Ti,单于,-31,-20
toolbay-region-0033-ruler-0022,toolbay-region-0033,搜谐若鞮单于,Su-Xie-Ju-Ti,单于,-20,-12
toolbay-region-0033-ruler-0023,toolbay-region-0033,车牙若鞮单于,Che-Ya-Ju-Ti,单于,-12,-8
toolbay-region-0033-ruler-0024,toolbay-region-0033,乌珠留若鞮单于,Wu-Zhou-Liu-Ju-Ti,单于,-8,13
toolbay-region-0033-ruler-0025,toolbay-region-0033,乌累若鞮单于,Wu-Ley-Ju-Ti,单于,13,18
toolbay-region-0033-ruler-0026,toolbay-region-0033,呼都而尸道皋若鞮单于,Hu-Du-Er-Shi-Tao-Gao-Ji-Ti,单于,18,46
toolbay-region-0037-ruler-0011,toolbay-region-0037,Shishunaga,Shishunaga,王,-684,-644
toolbay-region-0037-ruler-0012,toolbay-region-0037,Kakavarna,Kakavarna,王,-644,-618
toolbay-region-0037-ruler-0013,toolbay-region-0037,Kshemadharman,Kshemadharman,王,-618,-582
toolbay-region-0037-ruler-0014,toolbay-region-0037,Kshatraujas,Kshatraujas,王,-582,-558
toolbay-region-0037-ruler-0015,toolbay-region-0037,Bimbisara,Bimbisara,王,-544,-491
toolbay-region-0037-ruler-0016,toolbay-region-0037,Ajatashatru,Ajatashatru,王,-491,-461
toolbay-region-0037-ruler-0017,toolbay-region-0037,Mahanandin,Mahanandin,王,-400,-424
toolbay-region-0037-ruler-0018,toolbay-region-0037,旃陀罗笈多,Chandragupta,王,-321,-298
toolbay-region-0037-ruler-0019,toolbay-region-0037,Bindusara,Bindusara,王,-298,-272
toolbay-region-0037-ruler-0020,toolbay-region-0037,阿育,Ashoka,王,-272,-232
toolbay-region-0037-ruler-0021,toolbay-region-0037,Dasaratha,Dasaratha,王,-232,-224
toolbay-region-0037-ruler-0022,toolbay-region-0037,Samprati,Samprati,王,-224,-215
toolbay-region-0037-ruler-0023,toolbay-region-0037,Salisuka,Salisuka,王,-215,-202
toolbay-region-0037-ruler-0024,toolbay-region-0037,Devavarman,Devavarman,王,-202,-195
toolbay-region-0037-ruler-0025,toolbay-region-0037,Satadhanvan,Satadhanvan,王,-195,-187
toolbay-region-0037-ruler-0026,toolbay-region-0037,Brhadrata,Brhadrata,王,-187,-185
toolbay-region-0037-ruler-0027,toolbay-region-0037,Pusyamitra Sunga,Pusyamitra Sunga,王,-180,-149
toolbay-region-0037-ruler-0028,toolbay-region-0037,Agnimitra,Agnimitra,王,-149,-141
toolbay-region-0037-ruler-0029,toolbay-region-0037,Vasujyeshtha,Vasujyeshtha,王,-141,-131
toolbay-region-0037-ruler-0030,toolbay-region-0037,Vasumitra,Vasumitra,王,-131,-124
toolbay-region-0037-ruler-0031,toolbay-region-0037,Andhraka,Andhraka,王,-124,-122
toolbay-region-0037-ruler-0032,toolbay-region-0037,Pulindaka,Pulindaka,王,-124,-122
toolbay-region-0037-ruler-0033,toolbay-region-0037,Devabhuti,Devabhuti,王,-83,-73
toolbay-region-0037-ruler-0034,toolbay-region-0037,Vasudeva,Vasudeva,王,-71,-66
toolbay-region-0037-ruler-0035,toolbay-region-0037,Bhumimitra,Bhumimitra,王,-66,-52
toolbay-region-0037-ruler-0036,toolbay-region-0037,Narayana,Narayana,王,-52,-40
toolbay-region-0037-ruler-0037,toolbay-region-0037,Susarman,Susarman,王,-40,-36
toolbay-region-0048-ruler-0009,toolbay-region-0048,穆公,Mu,公,-650,-621
toolbay-region-0048-ruler-0010,toolbay-region-0048,康公,Kang,公,-621,-609
toolbay-region-0048-ruler-0011,toolbay-region-0048,共公,Gong,公,-609,-605
toolbay-region-0048-ruler-0012,toolbay-region-0048,桓公,Huan,公,-605,-577
toolbay-region-0048-ruler-0013,toolbay-region-0048,鍼景公,鍼景公,公,-577,-537
toolbay-region-0048-ruler-0014,toolbay-region-0048,哀公,Ai,公,-537,-501
toolbay-region-0048-ruler-0015,toolbay-region-0048,恵公,Hui,公,-501,-492
toolbay-region-0048-ruler-0016,toolbay-region-0048,悼公,Dao,公,-492,-477
toolbay-region-0048-ruler-0017,toolbay-region-0048,厉共公,Lai-gong,公,-477,-443
toolbay-region-0048-ruler-0018,toolbay-region-0048,躁公,Zao,公,-443,-429
toolbay-region-0048-ruler-0019,toolbay-region-0048,怀公,Huai,公,-429,-425
toolbay-region-0048-ruler-0020,toolbay-region-0048,霊公,Ling,公,-425,-415
toolbay-region-0048-ruler-0021,toolbay-region-0048,简公,Jian,公,-415,-387
toolbay-region-0048-ruler-0022,toolbay-region-0048,出公,Chu,公,-387,-385
toolbay-region-0048-ruler-0023,toolbay-region-0048,献公,Xian,公,-385,-361
toolbay-region-0048-ruler-0024,toolbay-region-0048,孝公,Xiao,公,-361,-338
toolbay-region-0048-ruler-0026,toolbay-region-0048,恵文王,Hui-wen,王,-338,-311
toolbay-region-0048-ruler-0027,toolbay-region-0048,武王,Wu,王,-311,-306
toolbay-region-0048-ruler-0028,toolbay-region-0048,昭襄王,Zhao-xiang,王,-306,-251
toolbay-region-0048-ruler-0029,toolbay-region-0048,孝文王,Xiao-wen,王,-251,-250
toolbay-region-0048-ruler-0030,toolbay-region-0048,荘襄王,Zhuang-xiang,王,-250,-247
toolbay-region-0048-ruler-0031,toolbay-region-0048,嬴政（始皇帝）,Ying Zheng,王,-247,-221
toolbay-region-0048-ruler-0033,toolbay-region-0048,始皇帝,Shi Huangdi (Commencing emperor),皇帝,-221,-210
toolbay-region-0048-ruler-0034,toolbay-region-0048,二世皇帝,Er Shi Huangdi (Second emperor),皇帝,-210,-207
toolbay-region-0048-ruler-0035,toolbay-region-0048,子婴,Zi-ying,皇帝,-207,-206
toolbay-region-0048-ruler-0036,toolbay-region-0048,高祖（刘邦）,Gaozu (Liu Bang),皇帝,-206,-195
toolbay-region-0048-ruler-0037,toolbay-region-0048,恵帝,Hui,皇帝,-195,-188
toolbay-region-0048-ruler-0038,toolbay-region-0048,少帝恭,Liu-gong,皇帝,-188,-184
toolbay-region-0048-ruler-0039,toolbay-region-0048,少帝弘,Hou-shao,皇帝,-184,-180
toolbay-region-0048-ruler-0040,toolbay-region-0048,文帝,Wen,皇帝,-180,-157
toolbay-region-0048-ruler-0041,toolbay-region-0048,景帝,Jing,皇帝,-157,-141
toolbay-region-0048-ruler-0042,toolbay-region-0048,武帝,Wu,皇帝,-141,-87
toolbay-region-0048-ruler-0043,toolbay-region-0048,昭帝,Zhao,皇帝,-87,-74
toolbay-region-0048-ruler-0044,toolbay-region-0048,宣帝,Xuan,皇帝,-74,-49
toolbay-region-0048-ruler-0045,toolbay-region-0048,元帝,Yuan,皇帝,-49,-33
toolbay-region-0048-ruler-0046,toolbay-region-0048,成帝,Cheng,皇帝,-33,-7
toolbay-region-0048-ruler-0047,toolbay-region-0048,哀帝,Ai,皇帝,-7,1
toolbay-region-0048-ruler-0048,toolbay-region-0048,平帝,Ping,皇帝,1,6
toolbay-region-0048-ruler-0049,toolbay-region-0048,孺子婴,Ruzi-ying,皇帝,6,8
toolbay-region-0048-ruler-0050,toolbay-region-0048,王莽,Wang Mang,皇帝,8,23
toolbay-region-0048-ruler-0052,toolbay-region-0048,吕稚（吕后）,Empress Lü Zhi,(实际统治者),-195,-180
toolbay-region-0048-ruler-0053,toolbay-region-0048,霍光,Huo Guang,(实际统治者),-87,-68
toolbay-region-0077-ruler-0006,toolbay-region-0077,献侯,Xian,候,-424,-409
toolbay-region-0077-ruler-0007,toolbay-region-0077,武侯,Wu,候,-409,-399
toolbay-region-0077-ruler-0008,toolbay-region-0077,烈侯,Lie,候,-399,-387
toolbay-region-0077-ruler-0009,toolbay-region-0077,敬侯,Jing,候,-387,-375
toolbay-region-0077-ruler-0010,toolbay-region-0077,成侯,Cheng,候,-375,-350
toolbay-region-0077-ruler-0011,toolbay-region-0077,肃侯,Su,候,-350,-325
toolbay-region-0077-ruler-0013,toolbay-region-0077,武灵王,Wu-ling,王,-325,-298
toolbay-region-0077-ruler-0014,toolbay-region-0077,惠文王,Hui-wen,王,-298,-265
toolbay-region-0077-ruler-0015,toolbay-region-0077,孝成王,Xiao-cheng,王,-265,-244
toolbay-region-0077-ruler-0016,toolbay-region-0077,悼襄王,Dao-xiang,王,-244,-235
toolbay-region-0077-ruler-0017,toolbay-region-0077,幽缪王,You-miu,王,-235,-227
toolbay-region-0077-ruler-0018,toolbay-region-0077,代王,Dai,王,-227,-222
toolbay-region-0093-ruler-0005,toolbay-region-0093,Diodotus I,Diodotus I,王,-250,-240
toolbay-region-0093-ruler-0006,toolbay-region-0093,Diodotus II,Diodotus II,王,-240,-223
toolbay-region-0093-ruler-0007,toolbay-region-0093,Euthydemus I,Euthydemus I,王,-223,-200
toolbay-region-0093-ruler-0008,toolbay-region-0093,Demetrius I,Demetrius I,王,-200,-180
toolbay-region-0093-ruler-0009,toolbay-region-0093,Antimachus I,Antimachus I,王,-180,-165
toolbay-region-0093-ruler-0010,toolbay-region-0093,Eucratides I,Eucratides I,王,-170,-145
toolbay-region-0093-ruler-0011,toolbay-region-0093,Eucratides II,Eucratides II,王,-145,-140
toolbay-region-0093-ruler-0012,toolbay-region-0093,Heliocles,Heliocles,王,-145,-130
toolbay-region-0119-ruler-0005,toolbay-region-0119,尝羌,Chang-qiang,王,-123,-85
toolbay-region-0122-ruler-0020,toolbay-region-0122,帅升?,Suishou?,王,100,120
toolbay-region-0122-ruler-0022,toolbay-region-0122,卑弥呼?,Himiko / Pimifo?,女王,180,248
toolbay-region-0122-ruler-0023,toolbay-region-0122,台与?,Toyo / Iyo?,女王,248,260
toolbay-region-0122-ruler-0025,toolbay-region-0122,履中天皇,Richu tenno,大王,400,406
toolbay-region-0122-ruler-0026,toolbay-region-0122,反正天皇,Hanzei tenno,大王,406,412
toolbay-region-0122-ruler-0027,toolbay-region-0122,允恭天皇（倭王済）,Ingyou tenno,大王,412,453
toolbay-region-0122-ruler-0028,toolbay-region-0122,安康天皇（倭王兴）,Ankou tenno (Anaho),大王,453,456
toolbay-region-0122-ruler-0029,toolbay-region-0122,雄略天皇（倭王武）,Yuuryaku tenno,大王,456,480
toolbay-region-0122-ruler-0030,toolbay-region-0122,清宁天皇（白髪皇子）,Seinei tenno (Shiraka),大王,480,485
toolbay-region-0122-ruler-0031,toolbay-region-0122,顕宗天皇,Kenzou tenno,大王,485,488
toolbay-region-0122-ruler-0032,toolbay-region-0122,仁贤天皇（亿计天皇）,Ninken (Oke) tenno,大王,488,498
toolbay-region-0122-ruler-0033,toolbay-region-0122,武烈天皇,Buretsu tenno,大王,498,507
toolbay-region-0122-ruler-0034,toolbay-region-0122,継体天皇（男大迹王）,Keitai tenno (Oodo),大王,507,531
toolbay-region-0122-ruler-0035,toolbay-region-0122,安闲天皇,Ankan tenno,大王,531,535
toolbay-region-0122-ruler-0036,toolbay-region-0122,宣化天皇,Senka tenno,大王,535,539
toolbay-region-0122-ruler-0037,toolbay-region-0122,钦明天皇,Kimmei tenno,大王,539,572
toolbay-region-0122-ruler-0038,toolbay-region-0122,敏达天皇,Bidatsu tenno,大王,572,585
toolbay-region-0122-ruler-0039,toolbay-region-0122,用明天皇（橘豊日命）,Youmei tenno (Tachibana no toyohi),大王,585,587
toolbay-region-0122-ruler-0040,toolbay-region-0122,崇峻天皇,Sushun tenno,大王,587,592
toolbay-region-0122-ruler-0041,toolbay-region-0122,推古天皇（额田部皇女）,Suiko tenno (Nukatabe),大王,592,629
toolbay-region-0122-ruler-0042,toolbay-region-0122,舒明天皇（田村皇子）,Jomei tenno (Tamura),大王,629,642
toolbay-region-0122-ruler-0043,toolbay-region-0122,皇极天皇（宝女王）,Kougyoku tenno (Takara),大王,642,645
toolbay-region-0122-ruler-0044,toolbay-region-0122,孝德天皇（軽皇子）,Koutoku tenno (Karu),大王,645,655
toolbay-region-0122-ruler-0045,toolbay-region-0122,齐明天皇（宝女王）,Saimei tenno (Takara),大王,655,662
toolbay-region-0122-ruler-0047,toolbay-region-0122,天智天皇,Tenchi tenno,天皇,662,672
toolbay-region-0122-ruler-0048,toolbay-region-0122,弘文天皇,Koubun tenno,天皇,672,673
toolbay-region-0122-ruler-0049,toolbay-region-0122,天武天皇,Temmu tenno,天皇,673,686
toolbay-region-0122-ruler-0051,toolbay-region-0122,持统天皇,Jitou tenno,天皇,690,697
toolbay-region-0122-ruler-0053,toolbay-region-0122,文武天皇,Mommu tenno,天皇,697,707
toolbay-region-0122-ruler-0055,toolbay-region-0122,元明天皇,Genmei tenno,天皇,707,715
toolbay-region-0122-ruler-0056,toolbay-region-0122,元正天皇,Genshou tenno,天皇,715,724
toolbay-region-0122-ruler-0058,toolbay-region-0122,圣武天皇,Shoumu tenno,天皇,724,749
toolbay-region-0122-ruler-0060,toolbay-region-0122,孝谦天皇,Kouken tenno,天皇,749,758
toolbay-region-0122-ruler-0062,toolbay-region-0122,淳仁天皇,Jun-na tenno,天皇,758,764
toolbay-region-0122-ruler-0064,toolbay-region-0122,称德天皇,Shoutoku tenno,天皇,764,770
toolbay-region-0122-ruler-0066,toolbay-region-0122,光仁天皇,Kounin tenno,天皇,770,781
toolbay-region-0122-ruler-0067,toolbay-region-0122,桓武天皇,Kammu tenno,天皇,781,806
toolbay-region-0122-ruler-0068,toolbay-region-0122,平城天皇,Heizei tenno,天皇,806,810
toolbay-region-0122-ruler-0069,toolbay-region-0122,嵯峨天皇,Saga tenno,天皇,810,823
toolbay-region-0122-ruler-0070,toolbay-region-0122,淳和天皇,Jun-na tenno,天皇,823,833
toolbay-region-0122-ruler-0071,toolbay-region-0122,仁明天皇,Ninmyou tenno,天皇,833,850
toolbay-region-0122-ruler-0072,toolbay-region-0122,文德天皇,Montoku tenno,天皇,850,858
toolbay-region-0122-ruler-0073,toolbay-region-0122,清和天皇,Seiwa tenno,天皇,858,877
toolbay-region-0122-ruler-0074,toolbay-region-0122,阳成天皇,Youzei tenno,天皇,877,884
toolbay-region-0122-ruler-0075,toolbay-region-0122,光孝天皇,Koukou tenno,天皇,884,887
toolbay-region-0122-ruler-0076,toolbay-region-0122,宇多天皇,Uda tenno,天皇,887,897
toolbay-region-0122-ruler-0077,toolbay-region-0122,醍醐天皇,Daigo tenno,天皇,897,930
toolbay-region-0122-ruler-0078,toolbay-region-0122,朱雀天皇,Suzaku tenno,天皇,930,946
toolbay-region-0122-ruler-0079,toolbay-region-0122,村上天皇,Murakami tenno,天皇,946,967
toolbay-region-0122-ruler-0080,toolbay-region-0122,冷泉天皇,Reizei tenno,天皇,967,969
toolbay-region-0122-ruler-0081,toolbay-region-0122,円融天皇,En'yuu tenno,天皇,969,984
toolbay-region-0122-ruler-0082,toolbay-region-0122,花山天皇,Kazan tenno,天皇,984,986
toolbay-region-0122-ruler-0083,toolbay-region-0122,一条天皇,Ichijo tenno,天皇,986,1011
toolbay-region-0122-ruler-0084,toolbay-region-0122,三条天皇,Sanjo tenno,天皇,1011,1016
toolbay-region-0122-ruler-0085,toolbay-region-0122,后一条天皇,Go-ichijo tenno,天皇,1016,1036
toolbay-region-0122-ruler-0086,toolbay-region-0122,后朱雀天皇,Go-suzaku tenno,天皇,1036,1045
toolbay-region-0122-ruler-0087,toolbay-region-0122,后冷泉天皇,Go-reizei tenno,天皇,1045,1068
toolbay-region-0122-ruler-0088,toolbay-region-0122,后三条天皇,Go-sanjo tenno,天皇,1068,1072
toolbay-region-0122-ruler-0089,toolbay-region-0122,白河天皇,Shirakawa tenno,天皇,1072,1086
toolbay-region-0122-ruler-0091,toolbay-region-0122,白河院,Shirakawa in,治天,1086,1129
toolbay-region-0122-ruler-0092,toolbay-region-0122,鸟羽院,Toba in,治天,1129,1156
toolbay-region-0122-ruler-0093,toolbay-region-0122,后白河院,Go-shirakawa in,治天,1158,1192
toolbay-region-0122-ruler-0094,toolbay-region-0122,后鸟羽院,Go-toba in,治天,1198,1221
toolbay-region-0122-ruler-0096,toolbay-region-0122,堀河天皇,Horikawa tenno,天皇,1086,1107
toolbay-region-0122-ruler-0097,toolbay-region-0122,鸟羽天皇,Toba tenno,天皇,1107,1123
toolbay-region-0122-ruler-0098,toolbay-region-0122,崇德天皇,Sutoku tenno,天皇,1123,1141
toolbay-region-0122-ruler-0099,toolbay-region-0122,近卫天皇,Konoe tenno,天皇,1141,1155
toolbay-region-0122-ruler-0100,toolbay-region-0122,后白河天皇,Go-shirakwa tenno,天皇,1155,1158
toolbay-region-0122-ruler-0101,toolbay-region-0122,二条天皇,Nijo tenno,天皇,1158,1165
toolbay-region-0122-ruler-0102,toolbay-region-0122,六条天皇,Rokujo tenno,天皇,1165,1168
toolbay-region-0122-ruler-0103,toolbay-region-0122,高仓天皇,Takakura tenno,天皇,1168,1180
toolbay-region-0122-ruler-0104,toolbay-region-0122,安德天皇,Antoku tenno,天皇,1180,1185
toolbay-region-0122-ruler-0105,toolbay-region-0122,后鸟羽天皇,Go-toba tenno,天皇,1185,1198
toolbay-region-0122-ruler-0106,toolbay-region-0122,土御门天皇,Tsuchimikado tenno,天皇,1198,1210
toolbay-region-0122-ruler-0107,toolbay-region-0122,顺德天皇,Juntoku tenno,天皇,1210,1221
toolbay-region-0122-ruler-0108,toolbay-region-0122,后堀河天皇,Go-horikawa tenno,天皇,1221,1232
toolbay-region-0122-ruler-0109,toolbay-region-0122,四条天皇,Shijo tenno,天皇,1232,1242
toolbay-region-0122-ruler-0110,toolbay-region-0122,后嵯峨天皇,Go-saga tenno,天皇,1242,1246
toolbay-region-0122-ruler-0111,toolbay-region-0122,后深草天皇,Go-fukakusa tenno,天皇,1246,1259
toolbay-region-0122-ruler-0112,toolbay-region-0122,龟山天皇,Kameyama tenno,天皇,1259,1274
toolbay-region-0122-ruler-0113,toolbay-region-0122,后宇多天皇,Go-uda tenno,天皇,1274,1287
toolbay-region-0122-ruler-0114,toolbay-region-0122,伏见天皇,Fushimi tenno,天皇,1287,1298
toolbay-region-0122-ruler-0115,toolbay-region-0122,后伏见天皇,Go-fushimi tenno,天皇,1298,1301
toolbay-region-0122-ruler-0116,toolbay-region-0122,后二条天皇,Go-nijo tenno,天皇,1301,1308
toolbay-region-0122-ruler-0117,toolbay-region-0122,花园天皇,Hanazono tenno,天皇,1308,1318
toolbay-region-0122-ruler-0118,toolbay-region-0122,后醍醐天皇,Go-daigo tenno,天皇,1318,1331
toolbay-region-0122-ruler-0119,toolbay-region-0122,光厳天皇,Kougon tenno,天皇,1332,1333
toolbay-region-0122-ruler-0120,toolbay-region-0122,后醍醐天皇,Go-daigo tenno,天皇,1333,1336
toolbay-region-0122-ruler-0121,toolbay-region-0122,光明天皇,Koumyou tenno,天皇,1337,1349
toolbay-region-0122-ruler-0122,toolbay-region-0122,崇光天皇,Sukou tenno,天皇,1349,1351
toolbay-region-0122-ruler-0124,toolbay-region-0122,西园寺宁子（广义门院）,Saionji Yasuko (Kougimon-in),治天,1351,1357
toolbay-region-0122-ruler-0126,toolbay-region-0122,后光厳天皇,Go-kougen tenno,天皇,1352,1372
toolbay-region-0122-ruler-0127,toolbay-region-0122,后円融天皇,Go-en-yuu tenno,天皇,1374,1382
toolbay-region-0122-ruler-0128,toolbay-region-0122,后小松天皇,Go-komatsu tenno,天皇,1382,1412
toolbay-region-0122-ruler-0129,toolbay-region-0122,称光天皇,Shoukou tenno,天皇,1412,1429
toolbay-region-0122-ruler-0130,toolbay-region-0122,后花园天皇,Go-hanazono tenno,天皇,1429,1464
toolbay-region-0122-ruler-0131,toolbay-region-0122,后土御门天皇,Go-tsuchimikado tenno,天皇,1464,1500
toolbay-region-0122-ruler-0132,toolbay-region-0122,后柏原天皇,Go-kashiwabara tenno,天皇,1500,1526
toolbay-region-0122-ruler-0133,toolbay-region-0122,后奈良天皇,Go-nara tenno,天皇,1526,1557
toolbay-region-0122-ruler-0134,toolbay-region-0122,正亲钉天皇,Oogimachi tenno,天皇,1557,1586
toolbay-region-0122-ruler-0135,toolbay-region-0122,后阳成天皇,Go-youzei tenno,天皇,1586,1611
toolbay-region-0122-ruler-0136,toolbay-region-0122,后水尾天皇,Go-mizunoo tenno,天皇,1611,1629
toolbay-region-0122-ruler-0138,toolbay-region-0122,明正天皇,Meishou tenno,天皇,1629,1643
toolbay-region-0122-ruler-0140,toolbay-region-0122,后光明天皇,Go-koumei tenno,天皇,1643,1656
toolbay-region-0122-ruler-0141,toolbay-region-0122,后西天皇,Gosai tenno,天皇,1656,1663
toolbay-region-0122-ruler-0142,toolbay-region-0122,霊元天皇,Reigen tenno,天皇,1663,1687
toolbay-region-0122-ruler-0143,toolbay-region-0122,东山天皇,Higashiyama tenno,天皇,1687,1710
toolbay-region-0122-ruler-0144,toolbay-region-0122,中御门天皇,Nakamikado tenno,天皇,1710,1735
toolbay-region-0122-ruler-0145,toolbay-region-0122,桜钉天皇,Sakuramachi tenno,天皇,1735,1747
toolbay-region-0122-ruler-0146,toolbay-region-0122,桃园天皇,Momozono tenno,天皇,1747,1763
toolbay-region-0122-ruler-0148,toolbay-region-0122,后桜钉天皇,Go-sakuramachi tenno,天皇,1763,1770
toolbay-region-0122-ruler-0150,toolbay-region-0122,后桃园天皇,Go-momozono tenno,天皇,1770,1780
toolbay-region-0122-ruler-0151,toolbay-region-0122,光格天皇,Koukaku tenno,天皇,1780,1817
toolbay-region-0122-ruler-0152,toolbay-region-0122,仁孝天皇,Ninkou tenno,天皇,1817,1846
toolbay-region-0122-ruler-0153,toolbay-region-0122,孝明天皇,Koumei tenno,天皇,1846,1868
toolbay-region-0122-ruler-0154,toolbay-region-0122,明治天皇,Meiji tenno,天皇,1868,1912
toolbay-region-0122-ruler-0155,toolbay-region-0122,大正天皇,Taisho tenno,天皇,1912,1926
toolbay-region-0122-ruler-0157,toolbay-region-0122,道格拉斯・麦克阿瑟,Douglas MacArthur,连合军最高司令官,1945,1951
toolbay-region-0122-ruler-0158,toolbay-region-0122,马修・李奇微,Matthew Bunker Ridgway,连合军最高司令官,1951,1952
toolbay-region-0122-ruler-0160,toolbay-region-0122,昭和天皇,Showa tenno,天皇,1926,1960
toolbay-region-0122-ruler-0161,toolbay-region-0122,昭和天皇,Showa tenno,天皇,1960,1989
toolbay-region-0122-ruler-0162,toolbay-region-0122,今上天皇,Akihito,天皇,1989,9999
toolbay-region-0122-ruler-0164,toolbay-region-0122,厩戸皇子（圣德太子）,Umayado (Prince Shotoku),摄政,593,622
toolbay-region-0122-ruler-0165,toolbay-region-0122,藤原良房,Fujiwara no Yoshifusa,摄政,858,872
toolbay-region-0122-ruler-0166,toolbay-region-0122,藤原基経,Fujiwara no Mototsune,摄政,872,880
toolbay-region-0122-ruler-0167,toolbay-region-0122,藤原忠平,Fujiwara no Tadahira,摄政,930,941
toolbay-region-0122-ruler-0168,toolbay-region-0122,藤原実頼,Fujiwara no Saneyori,摄政,969,970
toolbay-region-0122-ruler-0169,toolbay-region-0122,藤原伊尹,Fujiwara no Koretada,摄政,970,972
toolbay-region-0122-ruler-0170,toolbay-region-0122,藤原兼家,Fujiwara no Kaneie,摄政,986,990
toolbay-region-0122-ruler-0171,toolbay-region-0122,藤原道隆,Fujiwara no Michitaka,摄政,990,993
toolbay-region-0122-ruler-0173,toolbay-region-0122,藤原道长,Fujiwara no Michinaga,右大臣,995,1016
toolbay-region-0122-ruler-0175,toolbay-region-0122,藤原道长,Fujiwara no Michinaga,摄政,1016,1017
toolbay-region-0122-ruler-0176,toolbay-region-0122,藤原頼通,Fujiwara no Yorimichi,摄政,1017,1019
toolbay-region-0122-ruler-0177,toolbay-region-0122,裕仁亲王,Prince Hirohito,摄政,1921,1926
toolbay-region-0122-ruler-0179,toolbay-region-0122,藤原基経,Fujiwara no Mototsune,关白,880,890
toolbay-region-0122-ruler-0180,toolbay-region-0122,藤原忠平,Fujiwara no Tadahira,关白,941,949
toolbay-region-0122-ruler-0181,toolbay-region-0122,藤原実頼,Fujiwara no Saneyori,关白,967,969
toolbay-region-0122-ruler-0182,toolbay-region-0122,藤原兼通,Fujiwara no Kanemichi,关白,972,977
toolbay-region-0122-ruler-0183,toolbay-region-0122,藤原頼忠,Fujiwara no Yoritada,关白,977,986
toolbay-region-0122-ruler-0184,toolbay-region-0122,藤原道隆,Fujiwara no Michitaka,关白,993,995
toolbay-region-0122-ruler-0185,toolbay-region-0122,藤原頼通,Fujiwara no Yorimichi,关白,1019,1068
toolbay-region-0122-ruler-0186,toolbay-region-0122,藤原教通,Fujiwara no Norimichi,关白,1068,1075
toolbay-region-0122-ruler-0187,toolbay-region-0122,藤原师実,Fujiwara no Morozane,关白,1075,1086
toolbay-region-0122-ruler-0189,toolbay-region-0122,大伴弟麻吕,Ootomo no Otomaro,征东大使,793,794
toolbay-region-0122-ruler-0190,toolbay-region-0122,坂上田村麻吕,Sakanoue no Tamuramaro,征东大使,797,811
toolbay-region-0122-ruler-0192,toolbay-region-0122,平清盛,Taira no Kiyomori,(实际统治者),1153,1181
toolbay-region-0122-ruler-0193,toolbay-region-0122,平宗盛,Taira no Munemori,(实际统治者),1181,1185
toolbay-region-0122-ruler-0195,toolbay-region-0122,北条泰时,Hojo Yasutoki,六波罗探题（北方）,1221,1224
toolbay-region-0122-ruler-0196,toolbay-region-0122,北条时氏,Hojo Tokiuji,六波罗探题（北方）,1224,1230
toolbay-region-0122-ruler-0197,toolbay-region-0122,北条重时,Hojo Shigetoki,六波罗探题（北方）,1230,1247
toolbay-region-0122-ruler-0198,toolbay-region-0122,北条长时,Hojo Nagatoki,六波罗探题（北方）,1247,1256
toolbay-region-0122-ruler-0199,toolbay-region-0122,北条时茂,Hojo Tokishige,六波罗探题（北方）,1256,1270
toolbay-region-0122-ruler-0200,toolbay-region-0122,北条义宗,Hojo Yoshimune,六波罗探题（北方）,1270,1276
toolbay-region-0122-ruler-0201,toolbay-region-0122,北条时村,Hojo Tokimura,六波罗探题（北方）,1276,1287
toolbay-region-0122-ruler-0202,toolbay-region-0122,北条兼时,Hojo Kanetoki,六波罗探题（北方）,1287,1293
toolbay-region-0122-ruler-0203,toolbay-region-0122,北条久时,Hojo Hisatoki,六波罗探题（北方）,1293,1297
toolbay-region-0122-ruler-0204,toolbay-region-0122,北条宗方,Hojo Munekata,六波罗探题（北方）,1297,1301
toolbay-region-0122-ruler-0205,toolbay-region-0122,北条基时,Hojo Mototoki,六波罗探题（北方）,1301,1303
toolbay-region-0122-ruler-0206,toolbay-region-0122,北条时范,Hojo Tokinori,六波罗探题（北方）,1303,1307
toolbay-region-0122-ruler-0207,toolbay-region-0122,北条贞顕,Hojo Sadaaki,六波罗探题（北方）,1307,1314
toolbay-region-0122-ruler-0208,toolbay-region-0122,北条时敦,Hojo Tokiatsu,六波罗探题（北方）,1315,1320
toolbay-region-0122-ruler-0209,toolbay-region-0122,北条范贞,Hojo Norisada,六波罗探题（北方）,1320,1330
toolbay-region-0122-ruler-0210,toolbay-region-0122,北条仲时,Hojo Nakatoki,六波罗探题（北方）,1330,1333
toolbay-region-0122-ruler-0212,toolbay-region-0122,北条时房,Hojo Tokifusa,六波罗探题（南方）,1221,1224
toolbay-region-0122-ruler-0213,toolbay-region-0122,北条时盛,Hojo Tokimori,六波罗探题（南方）,1224,1243
toolbay-region-0122-ruler-0214,toolbay-region-0122,北条时辅,Hojo Tokisuke,六波罗探题（南方）,1264,1273
toolbay-region-0122-ruler-0215,toolbay-region-0122,北条时国,Hojo Tokikuni,六波罗探题（南方）,1277,1284
toolbay-region-0122-ruler-0216,toolbay-region-0122,北条兼时,Hojo Kanetoki,六波罗探题（南方）,1284,1288
toolbay-region-0122-ruler-0217,toolbay-region-0122,北条盛房,Hojo Morifusa,六波罗探题（南方）,1288,1297
toolbay-region-0122-ruler-0218,toolbay-region-0122,北条宗宣,Hojo Munenobu,六波罗探题（南方）,1297,1302
toolbay-region-0122-ruler-0219,toolbay-region-0122,北条贞顕,Hojo Sadaaki,六波罗探题（南方）,1302,1308
toolbay-region-0122-ruler-0220,toolbay-region-0122,北条贞房,Hojo Sadafusa,六波罗探题（南方）,1308,1310
toolbay-region-0122-ruler-0221,toolbay-region-0122,北条时敦,Hojo Tokiatsu,六波罗探题（南方）,1311,1315
toolbay-region-0122-ruler-0222,toolbay-region-0122,北条维贞,Hojo Koresada,六波罗探题（南方）,1315,1324
toolbay-region-0122-ruler-0223,toolbay-region-0122,北条贞将,Hojo Sadayuki,六波罗探题（南方）,1324,1330
toolbay-region-0122-ruler-0224,toolbay-region-0122,北条时益,Hojo Tokimasu,六波罗探题（南方）,1330,1333
toolbay-region-0122-ruler-0226,toolbay-region-0122,护良亲王,Prince Moriyoshi (Morinaga),征夷大将军,1333,1334
toolbay-region-0122-ruler-0227,toolbay-region-0122,成良亲王,Prince Shigeyoshi,征夷大将军,1335,1336
toolbay-region-0122-ruler-0229,toolbay-region-0122,足利尊氏,Ashikaga Takauji,领导,1336,1338
toolbay-region-0122-ruler-0231,toolbay-region-0122,足利尊氏,Ashikaga Takauji,征夷大将军,1338,1358
toolbay-region-0122-ruler-0232,toolbay-region-0122,足利义诠,Ashikaga Yoshiakira,征夷大将军,1358,1367
toolbay-region-0122-ruler-0233,toolbay-region-0122,足利义満,Ashikaga Yoshimitsu,征夷大将军,1367,1394
toolbay-region-0122-ruler-0235,toolbay-region-0122,足利义満,Ashikaga Yoshimitsu,(实际统治者),1394,1408
toolbay-region-0122-ruler-0237,toolbay-region-0122,足利义持,Ashikaga Yoshimochi,征夷大将军,1394,1423
toolbay-region-0122-ruler-0238,toolbay-region-0122,足利义量,Ashikaga Yoshikazu,征夷大将军,1423,1425
toolbay-region-0122-ruler-0239,toolbay-region-0122,足利义教,Ashikaga Yoshinori,征夷大将军,1429,1442
toolbay-region-0122-ruler-0240,toolbay-region-0122,足利义胜,Ashikaga Yosikatu,征夷大将军,1442,1443
toolbay-region-0122-ruler-0241,toolbay-region-0122,足利义政,Ashikaga Yoshimasa,征夷大将军,1449,1473
toolbay-region-0122-ruler-0242,toolbay-region-0122,足利义尚,Ashikaga Yoshihisa,征夷大将军,1473,1490
toolbay-region-0122-ruler-0243,toolbay-region-0122,足利义材（义稙）,Ashikaga Yoshiki (after Yoshitane),征夷大将军,1490,1493
toolbay-region-0122-ruler-0244,toolbay-region-0122,足利义澄,Ashikaga Yoshizumi,征夷大将军,1494,1508
toolbay-region-0122-ruler-0245,toolbay-region-0122,足利义稙,Ashikaga Yoshitane,征夷大将军,1508,1521
toolbay-region-0122-ruler-0246,toolbay-region-0122,足利义晴,Ashikaga Yoshiharu,征夷大将军,1521,1546
toolbay-region-0122-ruler-0247,toolbay-region-0122,足利义辉,Ashikaga Yoshiteru,征夷大将军,1546,1565
toolbay-region-0122-ruler-0248,toolbay-region-0122,足利义昭,Ashikaga Yoshiaki,征夷大将军,1568,1573
toolbay-region-0122-ruler-0250,toolbay-region-0122,豊臣秀吉,Toyotomi Hideyoshi,关白,1585,1591
toolbay-region-0122-ruler-0251,toolbay-region-0122,豊臣秀次,Toyotomi Hidetsugu,关白,1591,1595
toolbay-region-0122-ruler-0253,toolbay-region-0122,豊臣秀吉,Toyotomi Hideyoshi,(实际统治者),1591,1598
toolbay-region-0122-ruler-0255,toolbay-region-0122,德川家康,Tokugawa Ieyasu,大御所,1605,1616
toolbay-region-0122-ruler-0256,toolbay-region-0122,德川吉宗,Tokugawa Yoshimune,大御所,1745,1751
toolbay-region-0122-ruler-0257,toolbay-region-0122,德川家齐,Tokugawa Ienari,大御所,1837,1841
toolbay-region-0122-ruler-0259,toolbay-region-0122,德川家康,Tokugawa Ieyasu,征夷大将军,1603,1605
toolbay-region-0122-ruler-0260,toolbay-region-0122,德川秀忠,Tokugawa Hidetada,征夷大将军,1605,1616
toolbay-region-0122-ruler-0261,toolbay-region-0122,德川秀忠,Tokugawa Hidetada,征夷大将军,1616,1623
toolbay-region-0122-ruler-0262,toolbay-region-0122,德川家光,Tokugawa Iemitsu,征夷大将军,1623,1651
toolbay-region-0122-ruler-0263,toolbay-region-0122,德川家纲,Tokugawa Ietsuna,征夷大将军,1651,1680
toolbay-region-0122-ruler-0264,toolbay-region-0122,德川纲吉,Tokugawa Tsunayoshi,征夷大将军,1680,1709
toolbay-region-0122-ruler-0265,toolbay-region-0122,德川家宣,Tokugawa Ienobu,征夷大将军,1709,1713
toolbay-region-0122-ruler-0266,toolbay-region-0122,德川家継,Tokugawa Ietsugu,征夷大将军,1713,1716
toolbay-region-0122-ruler-0267,toolbay-region-0122,德川吉宗,Tokugawa Yoshimune,征夷大将军,1716,1745
toolbay-region-0122-ruler-0268,toolbay-region-0122,德川家重,Tokugawa Ieshige,征夷大将军,1745,1760
toolbay-region-0122-ruler-0269,toolbay-region-0122,德川家治,Tokugawa Ieharu,征夷大将军,1760,1787
toolbay-region-0122-ruler-0270,toolbay-region-0122,德川家齐,Tokugawa Ienari,征夷大将军,1787,1837
toolbay-region-0122-ruler-0271,toolbay-region-0122,德川家庆,Tokugawa Ieyoshi,征夷大将军,1837,1853
toolbay-region-0122-ruler-0272,toolbay-region-0122,德川家定,Tokugawa Iesada,征夷大将军,1853,1858
toolbay-region-0122-ruler-0273,toolbay-region-0122,德川家茂,Tokugawa Iemochi,征夷大将军,1858,1867
toolbay-region-0122-ruler-0274,toolbay-region-0122,德川庆喜,Tokugawa Yoshinobu,征夷大将军,1867,1868
toolbay-region-0122-ruler-0276,toolbay-region-0122,大友皇子,Prince Ootomo,太政大臣,671,672
toolbay-region-0122-ruler-0277,toolbay-region-0122,高市皇子,Prince Takaichi,太政大臣,690,697
toolbay-region-0122-ruler-0278,toolbay-region-0122,忍壁亲王,Prince Osakabe,太政大臣,703,705
toolbay-region-0122-ruler-0279,toolbay-region-0122,穂积亲王,Prince Hozumi,太政大臣,705,715
toolbay-region-0122-ruler-0280,toolbay-region-0122,舍人亲王,Prince Toneri,太政大臣,720,735
toolbay-region-0122-ruler-0281,toolbay-region-0122,铃鹿王,Prince Suzuka,太政大臣,737,745
toolbay-region-0122-ruler-0282,toolbay-region-0122,恵美押胜（藤原仲麻吕）,Emi Oshikatsu (Fujiwara no Nakamaro),太政大臣,760,765
toolbay-region-0122-ruler-0283,toolbay-region-0122,弓削道镜,Yuge no Doukyou,太政大臣,765,767
toolbay-region-0122-ruler-0285,toolbay-region-0122,木戸孝允 / 桂小五郎,Kido Takayoshi / Katsura Kogoro,宰相,1868,1871
toolbay-region-0122-ruler-0286,toolbay-region-0122,西郷隆盛,Saigou Takamori,宰相,1871,1873
toolbay-region-0122-ruler-0287,toolbay-region-0122,大久保利通,Ookubo Toshimichi,宰相,1873,1878
toolbay-region-0122-ruler-0288,toolbay-region-0122,大隈重信,Ookuma Shigenobu,宰相,1878,1881
toolbay-region-0122-ruler-0289,toolbay-region-0122,伊藤博文,Itou Hirobumi,宰相,1881,1885
toolbay-region-0122-ruler-0291,toolbay-region-0122,伊藤博文,Itou Hirobumi,内阁総理大臣,1885,1888
toolbay-region-0122-ruler-0292,toolbay-region-0122,黒田清隆,Kuroda Kiyotaka,内阁総理大臣,1888,1889
toolbay-region-0122-ruler-0293,toolbay-region-0122,山县有朋,Yamagata Aritomo,内阁総理大臣,1889,1891
toolbay-region-0122-ruler-0294,toolbay-region-0122,松方正义,Matsukata Masayoshi,内阁総理大臣,1891,1892
toolbay-region-0122-ruler-0295,toolbay-region-0122,伊藤博文,Itou Hirobumi,内阁総理大臣,1892,1896
toolbay-region-0122-ruler-0296,toolbay-region-0122,松方正义,Matsukata Masayoshi,内阁総理大臣,1896,1898
toolbay-region-0122-ruler-0297,toolbay-region-0122,山县有朋,Yamagata Aritomo,内阁総理大臣,1898,1900
toolbay-region-0122-ruler-0298,toolbay-region-0122,伊藤博文,Itou Hirobumi,内阁総理大臣,1900,1901
toolbay-region-0122-ruler-0299,toolbay-region-0122,桂太郎,Katsura Taro,内阁総理大臣,1901,1906
toolbay-region-0122-ruler-0300,toolbay-region-0122,西园寺公望,Saionji Kimmochi,内阁総理大臣,1906,1908
toolbay-region-0122-ruler-0301,toolbay-region-0122,桂太郎,Katsura Taro,内阁総理大臣,1908,1911
toolbay-region-0122-ruler-0302,toolbay-region-0122,西园寺公望,Saionji Kimmochi,内阁総理大臣,1911,1912
toolbay-region-0122-ruler-0303,toolbay-region-0122,桂太郎,Katsura Taro,内阁総理大臣,1912,1913
toolbay-region-0122-ruler-0304,toolbay-region-0122,山本权兵卫,Yamamoto Gonbee (Gonnohyoue),内阁総理大臣,1913,1914
toolbay-region-0122-ruler-0305,toolbay-region-0122,大隈重信,Ookuma Shigenobu,内阁総理大臣,1914,1916
toolbay-region-0122-ruler-0306,toolbay-region-0122,寺内正毅,Terauchi Masatake,内阁総理大臣,1916,1918
toolbay-region-0122-ruler-0307,toolbay-region-0122,原敬,Hara Takashi,内阁総理大臣,1918,1921
toolbay-region-0122-ruler-0308,toolbay-region-0122,高桥是清,Takahashi Korekiyo,内阁総理大臣,1921,1922
toolbay-region-0122-ruler-0309,toolbay-region-0122,加藤友三郎,Katou Tomosaburo,内阁総理大臣,1922,1923
toolbay-region-0122-ruler-0310,toolbay-region-0122,山本权兵卫,Yamamoto Gonbee (Gonnohyoue),内阁総理大臣,1923,1924
toolbay-region-0122-ruler-0311,toolbay-region-0122,加藤高明,Katou Takaaki,内阁総理大臣,1924,1926
toolbay-region-0122-ruler-0312,toolbay-region-0122,若槻礼次郎,Wakatsuki Reijiro,内阁総理大臣,1926,1927
toolbay-region-0122-ruler-0313,toolbay-region-0122,田中义一,Tanaka Gi'ichi,内阁総理大臣,1927,1929
toolbay-region-0122-ruler-0314,toolbay-region-0122,滨口雄幸,Hamaguchi Osachi,内阁総理大臣,1929,1931
toolbay-region-0122-ruler-0315,toolbay-region-0122,犬养毅,Inukai Tsuyoshi,内阁総理大臣,1931,1932
toolbay-region-0122-ruler-0316,toolbay-region-0122,斋藤实,Saitou Makoto,内阁総理大臣,1932,1934
toolbay-region-0122-ruler-0317,toolbay-region-0122,冈田啓介,Okada Keisuke,内阁総理大臣,1934,1936
toolbay-region-0122-ruler-0318,toolbay-region-0122,广田弘毅,Hirota Kouki,内阁総理大臣,1936,1937
toolbay-region-0122-ruler-0319,toolbay-region-0122,近卫文麿,Konoe Fumimaro,内阁総理大臣,1937,1939
toolbay-region-0122-ruler-0320,toolbay-region-0122,阿部信行,Abe Nobuyuki,内阁総理大臣,1939,1940
toolbay-region-0122-ruler-0321,toolbay-region-0122,近卫文麿,Konoe Fumimaro,内阁総理大臣,1940,1941
toolbay-region-0122-ruler-0322,toolbay-region-0122,东条英机,Tojo Hideki,内阁総理大臣,1941,1944
toolbay-region-0122-ruler-0323,toolbay-region-0122,铃木贯太郎,Suzuki Kantaro,内阁総理大臣,1944,1945
toolbay-region-0122-ruler-0324,toolbay-region-0122,东久迩宫稔彦王,"Prince Naruhiko, Higashikuni",内阁総理大臣,1945,1946
toolbay-region-0122-ruler-0325,toolbay-region-0122,吉田茂,Yoshida Shigeru,内阁総理大臣,1946,1947
toolbay-region-0122-ruler-0326,toolbay-region-0122,片山哲,Katayama Tooru,内阁総理大臣,1947,1948
toolbay-region-0122-ruler-0327,toolbay-region-0122,吉田茂,Yoshida Shigeru,内阁総理大臣,1948,1954
toolbay-region-0122-ruler-0328,toolbay-region-0122,鸠山一郎,Hatoyama Ichiro,内阁総理大臣,1954,1956
toolbay-region-0122-ruler-0329,toolbay-region-0122,石桥湛山,Ishibashi Tanzan,内阁総理大臣,1956,1957
toolbay-region-0122-ruler-0330,toolbay-region-0122,岸信介,Kishi Nobusuke,内阁総理大臣,1957,1960
toolbay-region-0122-ruler-0331,toolbay-region-0122,池田勇人,Ikeda Hayato,内阁総理大臣,1960,1964
toolbay-region-0122-ruler-0332,toolbay-region-0122,佐藤荣作,Satou Eisaku,内阁総理大臣,1964,1972
toolbay-region-0122-ruler-0333,toolbay-region-0122,田中角荣,Tanaka Kakuei,内阁総理大臣,1972,1974
toolbay-region-0122-ruler-0334,toolbay-region-0122,三木武夫,Miki Takeo,内阁総理大臣,1974,1976
toolbay-region-0122-ruler-0335,toolbay-region-0122,福田赳夫,Fukuda Takeo,内阁総理大臣,1976,1978
toolbay-region-0122-ruler-0336,toolbay-region-0122,大平正芳,Oohira Masayoshi,内阁総理大臣,1978,1980
toolbay-region-0122-ruler-0337,toolbay-region-0122,铃木善幸,Suzuki Zenko,内阁総理大臣,1980,1982
toolbay-region-0122-ruler-0338,toolbay-region-0122,中曽根康弘,Nakasone Yasuhiro,内阁総理大臣,1982,1987
toolbay-region-0122-ruler-0339,toolbay-region-0122,竹下登,Takeshita Noboru,内阁総理大臣,1987,1989
toolbay-region-0122-ruler-0340,toolbay-region-0122,海部俊树,Kaifu Toshiki,内阁総理大臣,1989,1991
toolbay-region-0122-ruler-0341,toolbay-region-0122,宫沢喜一,Miyazawa Kiichi,内阁総理大臣,1991,1993
toolbay-region-0122-ruler-0342,toolbay-region-0122,细川护煕,Hosokawa Morihiro,内阁総理大臣,1993,1994
toolbay-region-0122-ruler-0343,toolbay-region-0122,村山富市,Murayama Tomiichi,内阁総理大臣,1994,1996
toolbay-region-0122-ruler-0344,toolbay-region-0122,桥本龙太郎,Hashimoto Ryutaro,内阁総理大臣,1996,1998
toolbay-region-0122-ruler-0345,toolbay-region-0122,小渕敬三,Obuchi Keizo,内阁総理大臣,1998,2000
toolbay-region-0122-ruler-0346,toolbay-region-0122,森善郎,Mori Yoshiro,内阁総理大臣,2000,2002
toolbay-region-0122-ruler-0347,toolbay-region-0122,小泉纯一郎,Koizumi Jun'ichiro,内阁総理大臣,2002,2006
toolbay-region-0122-ruler-0348,toolbay-region-0122,安倍晋三,Abe Shinzo,内阁総理大臣,2006,2007
toolbay-region-0122-ruler-0349,toolbay-region-0122,福田康夫,Fukuda Yasuo,内阁総理大臣,2007,2008
toolbay-region-0122-ruler-0350,toolbay-region-0122,麻生太郎,Asou Tarou,内阁総理大臣,2008,2009
toolbay-region-0122-ruler-0351,toolbay-region-0122,鸠山由纪夫,Hatoyama Yukio,内阁総理大臣,2009,2010
toolbay-region-0122-ruler-0352,toolbay-region-0122,棺直人,Kan Naoto,内阁総理大臣,2010,2011
toolbay-region-0122-ruler-0353,toolbay-region-0122,野田佳彦,Noda Yoshihiko,内阁総理大臣,2011,2012
toolbay-region-0122-ruler-0354,toolbay-region-0122,安倍晋三,Abe Shinzo,内阁総理大臣,2012,9999
toolbay-region-0125-ruler-0006,toolbay-region-0125,阿弓流爲,Aterui,领导,780,803
toolbay-region-0127-ruler-0005,toolbay-region-0127,藤原纯友,Fujiwara no Sumitomo,头领,936,941
toolbay-region-0128-ruler-0005,toolbay-region-0128,平将门,Taira no Masakado,新皇,939,940
toolbay-region-0128-ruler-0007,toolbay-region-0128,兴世王,Prince Okiyo,武藏権守,939,940
toolbay-region-0129-ruler-0005,toolbay-region-0129,平忠常,Taira no Tadatsune,领导,1028,1031
toolbay-region-0130-ruler-0005,toolbay-region-0130,安倍頼时,Abe no Yoritoki,俘囚长,1040,1057
toolbay-region-0130-ruler-0006,toolbay-region-0130,安倍贞任,Abe no Sadatou,俘囚长,1057,1062
toolbay-region-0131-ruler-0007,toolbay-region-0131,清原光頼,Kiyohara no Mitsuyori,当主,1040,1065
toolbay-region-0131-ruler-0008,toolbay-region-0131,清原真衡,Kiyohara no Sanehira,当主,1080,1083
toolbay-region-0131-ruler-0009,toolbay-region-0131,清原清衡（藤原清衡）,Kiyohara no Kiyohira,当主,1087,1089
toolbay-region-0131-ruler-0010,toolbay-region-0131,藤原清衡,Fujiwara no Kiyohira,当主,1089,1128
toolbay-region-0131-ruler-0011,toolbay-region-0131,藤原基衡,Fujiwara no Motohira,当主,1128,1157
toolbay-region-0131-ruler-0012,toolbay-region-0131,藤原秀衡,Fujiwara no Hidehira,当主,1157,1187
toolbay-region-0131-ruler-0013,toolbay-region-0131,藤原泰衡,Fujiwara no Yasuhira,当主,1187,1189
toolbay-region-0132-ruler-0007,toolbay-region-0132,源頼朝,Minamoto no Yoritomo,领导,1180,1185
toolbay-region-0132-ruler-0009,toolbay-region-0132,源頼朝,Minamoto no Yoritomo,惣守护・惣地头,1185,1192
toolbay-region-0132-ruler-0011,toolbay-region-0132,源頼朝,Minamoto no Yoritomo,征夷大将军,1192,1199
toolbay-region-0132-ruler-0012,toolbay-region-0132,源頼家,Minamoto no Yoriie,征夷大将军,1202,1203
toolbay-region-0132-ruler-0013,toolbay-region-0132,源実朝,Minamoto no Sanetomo,征夷大将军,1203,1219
toolbay-region-0132-ruler-0015,toolbay-region-0132,北条政子,Hojo Masako,(实际统治者),1219,1225
toolbay-region-0132-ruler-0017,toolbay-region-0132,九条頼経,Kujo Yoritsune,征夷大将军,1226,1244
toolbay-region-0132-ruler-0018,toolbay-region-0132,九条頼嗣,Kujo Yoritsugu,征夷大将军,1244,1252
toolbay-region-0132-ruler-0019,toolbay-region-0132,宗尊亲王,Prince Munetaka,征夷大将军,1252,1266
toolbay-region-0132-ruler-0020,toolbay-region-0132,惟康亲王,Prince Koreyasu,征夷大将军,1266,1289
toolbay-region-0132-ruler-0021,toolbay-region-0132,久明亲王,Prince Hisaaki,征夷大将军,1289,1308
toolbay-region-0132-ruler-0022,toolbay-region-0132,守邦亲王,Prince Morikuni,征夷大将军,1308,1333
toolbay-region-0132-ruler-0024,toolbay-region-0132,北条时政,Hojo Tokimasa,执権,1203,1205
toolbay-region-0132-ruler-0025,toolbay-region-0132,北条义时,Hojo Yoshitoki,执権,1205,1224
toolbay-region-0132-ruler-0026,toolbay-region-0132,北条泰时,Hojo Yasutoki,执権,1224,1242
toolbay-region-0132-ruler-0027,toolbay-region-0132,北条経时,Hojo Tsunetoki,执権,1242,1246
toolbay-region-0132-ruler-0028,toolbay-region-0132,北条时頼,Hojo Tokiyori,执権,1246,1256
toolbay-region-0132-ruler-0029,toolbay-region-0132,北条长时,Hojo Nagatoki,执権,1256,1264
toolbay-region-0132-ruler-0030,toolbay-region-0132,北条政村,Hojo Masamura,执権,1264,1268
toolbay-region-0132-ruler-0031,toolbay-region-0132,北条时宗,Hojo Tokimune,执権,1268,1284
toolbay-region-0132-ruler-0032,toolbay-region-0132,北条贞时,Hojo Sadatoki,执権,1284,1301
toolbay-region-0132-ruler-0033,toolbay-region-0132,北条师时,Hojo Morotoki,执権,1301,1311
toolbay-region-0132-ruler-0034,toolbay-region-0132,北条宗宣,Hojo Munenobu,执権,1311,1312
toolbay-region-0132-ruler-0035,toolbay-region-0132,北条煕时,Hojo Moritoki,执権,1312,1315
toolbay-region-0132-ruler-0036,toolbay-region-0132,北条基时,Hojo Mototoki,执権,1315,1316
toolbay-region-0132-ruler-0037,toolbay-region-0132,北条高时,Hojo Takatoki,执権,1316,1326
toolbay-region-0132-ruler-0038,toolbay-region-0132,北条贞顕,Hojo Sadaaki,执権,1326,1327
toolbay-region-0132-ruler-0039,toolbay-region-0132,北条守时,Hojo Moritoki,执権,1327,1333
toolbay-region-0133-ruler-0005,toolbay-region-0133,木曾义仲,Kiso Yoshinaka,领导,1181,1183
toolbay-region-0133-ruler-0007,toolbay-region-0133,木曾义仲,Kiso Yoshinaka,征夷大将军,1183,1184
toolbay-region-0134-ruler-0009,toolbay-region-0134,后醍醐天皇,Go-daigo tenno,天皇,1336,1339
toolbay-region-0134-ruler-0010,toolbay-region-0134,后村上天皇,Go-murakami tenno,天皇,1339,1368
toolbay-region-0134-ruler-0011,toolbay-region-0134,长庆天皇,Choukei tenno,天皇,1368,1383
toolbay-region-0134-ruler-0012,toolbay-region-0134,后龟山天皇,Go-kameyama tenno,天皇,1383,1392
toolbay-region-0134-ruler-0014,toolbay-region-0134,成良亲王,Prince Shigeyoshi(Shigenaga),征夷大将军,1336,1337
toolbay-region-0134-ruler-0015,toolbay-region-0134,宗良亲王,Prince Muneyoshi(Munenaga),征夷大将军,1352,1368
toolbay-region-0134-ruler-0017,toolbay-region-0134,北畠亲房,Kitabatake Chikafusa,领导,1339,1354
toolbay-region-0135-ruler-0005,toolbay-region-0135,北条时行,Hojo Tokiyuki,领导,1335,1336
toolbay-region-0136-ruler-0005,toolbay-region-0136,懐良亲王,Prince Kaneyoshi (Kanenaga),征西将军,1348,1368
toolbay-region-0137-ruler-0005,toolbay-region-0137,足利直冬,Ashikaga Tadafuyu,领导,1351,1358
toolbay-region-0138-ruler-0005,toolbay-region-0138,足利基氏,Ashikaga Motouji,鎌仓公方,1348,1367
toolbay-region-0138-ruler-0006,toolbay-region-0138,足利氏満,Ashikaga Ujimitsu,鎌仓公方,1367,1398
toolbay-region-0138-ruler-0007,toolbay-region-0138,足利満兼,Ashikaga Mitsukane,鎌仓公方,1398,1409
toolbay-region-0138-ruler-0008,toolbay-region-0138,足利持氏,Ashikaga Mochiuji,鎌仓公方,1409,1439
toolbay-region-0138-ruler-0009,toolbay-region-0138,足利成氏,Ashikaga Shigeuji,鎌仓公方,1439,1455
toolbay-region-0139-ruler-0005,toolbay-region-0139,细川胜元,Hosokawa Katsumoto,守护,1467,1477
toolbay-region-0140-ruler-0005,toolbay-region-0140,山名宗全（持豊）,Yamana Souzen (Mochitoyo),守护,1467,1477
toolbay-region-0141-ruler-0005,toolbay-region-0141,赤松政则,Akamatsu Masanori,守护,1467,1477
toolbay-region-0142-ruler-0005,toolbay-region-0142,畠山政长,Hatakeyama Masanaga,守护,1467,1477
toolbay-region-0144-ruler-0005,toolbay-region-0144,大内政弘,Oouchi Masahiro,守护,1467,1477
toolbay-region-0145-ruler-0005,toolbay-region-0145,大友亲繁,Ootomo Chikashige,守护,1467,1477
toolbay-region-0146-ruler-0005,toolbay-region-0146,岛津忠国,Shimazu Tadakuni,守护,1467,1477
toolbay-region-0147-ruler-0005,toolbay-region-0147,一色义直,Issiki Yoshinao,守护,1467,1477
toolbay-region-0148-ruler-0005,toolbay-region-0148,土岐成頼,Toki Shigeyori,守护,1467,1477
toolbay-region-0157-ruler-0005,toolbay-region-0157,小笠原清宗,Ogasawara Kiyomune,守护,1467,1477
toolbay-region-0158-ruler-0005,toolbay-region-0158,斯波义廉,Shiba Yoshikado,守护,1467,1477
toolbay-region-0159-ruler-0005,toolbay-region-0159,上杉顕定,Uesugi Akisada,守护,1467,1477
toolbay-region-0161-ruler-0008,toolbay-region-0161,大内政弘,Oouchi Masahiro,当主,1493,1494
toolbay-region-0161-ruler-0009,toolbay-region-0161,大内义兴,Oouchi Yoshioki,当主,1494,1528
toolbay-region-0161-ruler-0010,toolbay-region-0161,大内义隆,Oouchi Yoshitaka,当主,1528,1551
toolbay-region-0161-ruler-0012,toolbay-region-0161,陶晴贤,Sue Harutaka,(实际统治者),1551,1555
toolbay-region-0161-ruler-0014,toolbay-region-0161,毛利元就,Mouri Motonari,当主,1555,1557
toolbay-region-0161-ruler-0015,toolbay-region-0161,毛利隆元,Mouri Takamoto,当主,1557,1563
toolbay-region-0161-ruler-0016,toolbay-region-0161,毛利辉元,Mouri Terumoto,当主,1563,1623
toolbay-region-0162-ruler-0005,toolbay-region-0162,尼子経久,Amago Tsunehisa,当主,1477,1537
toolbay-region-0162-ruler-0006,toolbay-region-0162,尼子晴久,Amago Haruhisa,当主,1537,1560
toolbay-region-0162-ruler-0007,toolbay-region-0162,尼子义久,Amago Yoshihisa,当主,1560,1596
toolbay-region-0163-ruler-0005,toolbay-region-0163,大友义右,Ootomo Yoshisuke,当主,1484,1496
toolbay-region-0163-ruler-0006,toolbay-region-0163,大友亲治,Ootomo Chikaharu,当主,1496,1501
toolbay-region-0163-ruler-0007,toolbay-region-0163,大友义长,Ootomo Yoshinaga,当主,1501,1515
toolbay-region-0163-ruler-0008,toolbay-region-0163,大友义鑑,Ootomo Yoshiaki,当主,1515,1550
toolbay-region-0163-ruler-0009,toolbay-region-0163,大友宗麟（义镇）,Ootomo Sourin,当主,1550,1576
toolbay-region-0163-ruler-0010,toolbay-region-0163,大友义统,Ootomo Yoshimune,当主,1576,1593
toolbay-region-0164-ruler-0005,toolbay-region-0164,龙造寺家兼,Ryuuzouji Iekane,当主,1530,1544
toolbay-region-0165-ruler-0005,toolbay-region-0165,龙造寺胤栄,Ryuuzouji Tanemitsu,当主,1546,1548
toolbay-region-0165-ruler-0006,toolbay-region-0165,龙造寺隆信,Ryuuzouji Takanobu,当主,1548,1584
toolbay-region-0166-ruler-0005,toolbay-region-0166,斎藤道三（利政）,Saitou Douzan,当主,1541,1554
toolbay-region-0166-ruler-0006,toolbay-region-0166,斎藤义龙,Saitou Yoshitatsu,当主,1554,1561
toolbay-region-0166-ruler-0007,toolbay-region-0166,斎藤龙兴,Saitou Tatsuoki,当主,1561,1573
toolbay-region-0167-ruler-0005,toolbay-region-0167,畠山义统,Hatakeyama Yoshimune,当主,1463,1497
toolbay-region-0167-ruler-0006,toolbay-region-0167,畠山义元,Hatakeyama Yoshimoto,当主,1497,1500
toolbay-region-0167-ruler-0007,toolbay-region-0167,畠山庆致,Hatakeyama Yoshimune,当主,1500,1506
toolbay-region-0167-ruler-0008,toolbay-region-0167,畠山义元,Hatakeyama Yoshimoto,当主,1506,1515
toolbay-region-0167-ruler-0009,toolbay-region-0167,畠山义総,Hatakeyama Yoshifusa,当主,1515,1545
toolbay-region-0167-ruler-0010,toolbay-region-0167,畠山义続,Hatakeyama Yoshitsugu,当主,1545,1551
toolbay-region-0167-ruler-0011,toolbay-region-0167,畠山义纲,Hatakeyama Yoshitsuna,当主,1551,1566
toolbay-region-0167-ruler-0012,toolbay-region-0167,畠山义庆,Hatakeyama Yoshinori,当主,1566,1574
toolbay-region-0167-ruler-0013,toolbay-region-0167,畠山义隆,Hatakeyama Yoshitaka,当主,1574,1576
toolbay-region-0167-ruler-0014,toolbay-region-0167,畠山春王丸,Hatakeyama Haruoumaru,当主,1576,1577
toolbay-region-0168-ruler-0005,toolbay-region-0168,朝仓贞景,Asakura Sadakage,当主,1486,1512
toolbay-region-0168-ruler-0006,toolbay-region-0168,朝仓孝景,Asakura Takakage,当主,1512,1548
toolbay-region-0168-ruler-0007,toolbay-region-0168,朝仓义景,Asakura Yoshikage,当主,1548,1573
toolbay-region-0169-ruler-0005,toolbay-region-0169,伊势盛时（北条早云）,Ise Moritoki (Hojo Souun),当主,1487,1516
toolbay-region-0169-ruler-0006,toolbay-region-0169,北条氏纲,Hojo Ujitsuna,当主,1516,1541
toolbay-region-0169-ruler-0007,toolbay-region-0169,北条氏康,Hojo Ujiyasu,当主,1541,1559
toolbay-region-0169-ruler-0008,toolbay-region-0169,北条氏政,Hojo Ujimasa,当主,1559,1580
toolbay-region-0169-ruler-0009,toolbay-region-0169,北条氏直,Hojo Ujinao,当主,1580,1590
toolbay-region-0170-ruler-0006,toolbay-region-0170,长宗我部兼序,Chousokabe Kanetsugu,当主,1478,1508
toolbay-region-0170-ruler-0007,toolbay-region-0170,长宗我部国亲,Chousokabe Kunichika,当主,1518,1560
toolbay-region-0170-ruler-0008,toolbay-region-0170,长宗我部元亲,Chousokabe Motochika,当主,1560,1599
toolbay-region-0170-ruler-0009,toolbay-region-0170,长宗我部盛亲,Chousokabe Morichika,当主,1599,1600
toolbay-region-0170-ruler-0010,toolbay-region-0170,山内一豊,Yamauchi Katsutoyo,当主,1600,1605
toolbay-region-0171-ruler-0007,toolbay-region-0171,今川氏亲,Imagawa Ujichika,当主,1487,1526
toolbay-region-0171-ruler-0008,toolbay-region-0171,今川氏辉,Imagawa Ujiteru,当主,1526,1536
toolbay-region-0171-ruler-0009,toolbay-region-0171,今川义元,Imagawa Yoshimoto,当主,1536,1560
toolbay-region-0171-ruler-0010,toolbay-region-0171,今川氏真,Imagawa Ujizane,当主,1560,1568
toolbay-region-0171-ruler-0011,toolbay-region-0171,德川家康,Tokugawa Ieyasu,当主,1568,1605
toolbay-region-0173-ruler-0007,toolbay-region-0173,长尾能景,Nagao Yoshikage,当主,1482,1506
toolbay-region-0173-ruler-0008,toolbay-region-0173,长尾为景,Nagao Tamekage,当主,1506,1536
toolbay-region-0173-ruler-0009,toolbay-region-0173,长尾晴景,Nagao Harukage,当主,1536,1548
toolbay-region-0173-ruler-0010,toolbay-region-0173,上杉谦信（长尾景虎）,Uesugi Kenshin,当主,1548,1578
toolbay-region-0173-ruler-0011,toolbay-region-0173,上杉景胜,Uesugi Kagekatsu,当主,1580,1623
toolbay-region-0174-ruler-0005,toolbay-region-0174,佐竹义治,Satake Yoshikiyo,当主,1490,1517
toolbay-region-0174-ruler-0006,toolbay-region-0174,佐竹义笃,Satake Yoshiatsu,当主,1517,1545
toolbay-region-0174-ruler-0007,toolbay-region-0174,佐竹义昭,Satake Yoshiaki,当主,1545,1565
toolbay-region-0174-ruler-0008,toolbay-region-0174,佐竹义重,Satake Yoshishige,当主,1565,1612
toolbay-region-0175-ruler-0006,toolbay-region-0175,武田信虎,Takeda Nobutora,当主,1507,1541
toolbay-region-0175-ruler-0007,toolbay-region-0175,武田信玄（晴信）,Takeda Shingen,当主,1541,1573
toolbay-region-0175-ruler-0008,toolbay-region-0175,武田胜頼,Takeda Katsuyori,当主,1573,1582
toolbay-region-0176-ruler-0009,toolbay-region-0176,织田信秀,Oda Nobuhide,当主,1527,1551
toolbay-region-0176-ruler-0010,toolbay-region-0176,织田信长,Oda Nobunaga,当主,1551,1575
toolbay-region-0176-ruler-0011,toolbay-region-0176,织田信忠,Oda Nobutada,当主,1575,1582
toolbay-region-0176-ruler-0012,toolbay-region-0176,豊臣（羽柴）秀吉,Toyotomi(Hashiba) Hideyoshi,当主,1582,1595
toolbay-region-0176-ruler-0014,toolbay-region-0176,织田信长,Oda Nobunaga,(实际统治者),1575,1582
toolbay-region-0177-ruler-0005,toolbay-region-0177,豊臣秀頼,Toyotomi Hideyori,当主,1598,1615
toolbay-region-0178-ruler-0005,toolbay-region-0178,三好长庆,Miyoshi Nagayoshi,当主,1532,1564
toolbay-region-0178-ruler-0006,toolbay-region-0178,三好义継,Miyoshi Yoshitsugu,当主,1564,1573
toolbay-region-0179-ruler-0005,toolbay-region-0179,前田利家,Maeda Toshi'ie,当主,1581,1599
toolbay-region-0179-ruler-0006,toolbay-region-0179,前田利长,Maeda Toshinaga,当主,1599,1614
toolbay-region-0180-ruler-0005,toolbay-region-0180,岛津忠昌,Shimazu Tadamasa,当主,1474,1508
toolbay-region-0180-ruler-0006,toolbay-region-0180,岛津忠治,Shimazu Tadaharu,当主,1508,1515
toolbay-region-0180-ruler-0007,toolbay-region-0180,岛津忠隆,Shimazu Tadataka,当主,1515,1519
toolbay-region-0180-ruler-0008,toolbay-region-0180,岛津胜久,Shimazu Katsuhisa,当主,1519,1526
toolbay-region-0180-ruler-0009,toolbay-region-0180,岛津贵久,Shimazu Takahisa,当主,1526,1566
toolbay-region-0180-ruler-0010,toolbay-region-0180,岛津义久,Shimazu Yoshihisa,当主,1566,1587
toolbay-region-0180-ruler-0011,toolbay-region-0180,岛津义弘,Shimazu Yoshihiro,当主,1587,1602
toolbay-region-0180-ruler-0012,toolbay-region-0180,岛津忠恒,Shimazu Tadatsune,当主,1602,1638
toolbay-region-0181-ruler-0005,toolbay-region-0181,南部晴政,Nambu Harumasa,当主,1541,1582
toolbay-region-0181-ruler-0006,toolbay-region-0181,南部信直,Nambu Nobunao,当主,1582,1599
toolbay-region-0181-ruler-0007,toolbay-region-0181,南部利直,Nambu Toshinao,当主,1599,1632
toolbay-region-0182-ruler-0006,toolbay-region-0182,伊达尚宗,Date Naomune,当主,1490,1514
toolbay-region-0182-ruler-0007,toolbay-region-0182,伊达稙宗,Date Tanemune,当主,1514,1548
toolbay-region-0182-ruler-0008,toolbay-region-0182,伊达晴宗,Date Harumune,当主,1548,1564
toolbay-region-0182-ruler-0009,toolbay-region-0182,伊达辉宗,Date Terumune,当主,1564,1584
toolbay-region-0182-ruler-0010,toolbay-region-0182,伊达政宗,Date Masamune,当主,1584,1636
toolbay-region-0183-ruler-0006,toolbay-region-0183,蛎崎信广,Kakizaki Nobuhiro,当主,1493,1494
toolbay-region-0183-ruler-0007,toolbay-region-0183,蛎崎光广,Kakizaki Mitsuhiro,当主,1494,1518
toolbay-region-0183-ruler-0008,toolbay-region-0183,蛎崎义广,Kakizaki Yoshihiro,当主,1518,1545
toolbay-region-0183-ruler-0009,toolbay-region-0183,蛎崎季广,Kakizaki Suehiro,当主,1545,1583
toolbay-region-0183-ruler-0010,toolbay-region-0183,松前（蛎崎）庆广,Matsumae Yoshihiro,当主,1583,1616
toolbay-region-0184-ruler-0005,toolbay-region-0184,加藤清正,Katou Kiyomasa,当主,1587,1611
toolbay-region-0185-ruler-0005,toolbay-region-0185,黒田长政,Kuroda Nagamasa,当主,1589,1623
toolbay-region-0186-ruler-0005,toolbay-region-0186,小西行长,Konishi Yukinaga,一番队队长,1592,1594
toolbay-region-0186-ruler-0007,toolbay-region-0186,加藤清正,Katou Kiyomasa,二番队队长,1592,1594
toolbay-region-0188-ruler-0005,toolbay-region-0188,榎本武扬,Enomoto Takeaki,総裁,1868,1869
toolbay-region-0189-ruler-0005,toolbay-region-0189,西郷隆盛,Saigou Takamori,総大将,1877,1878
toolbay-region-0193-ruler-0005,toolbay-region-0193,武王,Wu,王,-203,-137
toolbay-region-0193-ruler-0006,toolbay-region-0193,文王,Wen,王,-137,-122
toolbay-region-0193-ruler-0007,toolbay-region-0193,明王,Min,王,-122,-115
toolbay-region-0193-ruler-0008,toolbay-region-0193,哀王,Ai,王,-115,-112
toolbay-region-0198-ruler-0007,toolbay-region-0198,丘就却,Kujula Kadphises,王,30,80
toolbay-region-0198-ruler-0008,toolbay-region-0198,Vima Taktu,Vima Taktu,王,80,105
toolbay-region-0198-ruler-0009,toolbay-region-0198,阎膏珍,Vima Kadphises,王,105,127
toolbay-region-0198-ruler-0010,toolbay-region-0198,迦腻色伽一世,Kanishka I,王,127,147
toolbay-region-0198-ruler-0011,toolbay-region-0198,Vasishka,Vasishka,王,151,155
toolbay-region-0198-ruler-0012,toolbay-region-0198,胡维什卡,Huvishka,王,155,187
toolbay-region-0198-ruler-0013,toolbay-region-0198,韦苏提婆一世,Vasudeva I,王,191,226
toolbay-region-0198-ruler-0014,toolbay-region-0198,迦腻色伽二世,Kanishka II,王,226,240
toolbay-region-0198-ruler-0015,toolbay-region-0198,Vashishka,Vashishka,王,240,250
toolbay-region-0198-ruler-0016,toolbay-region-0198,迦腻色伽三世,Kanishka III,王,255,275
toolbay-region-0198-ruler-0017,toolbay-region-0198,韦苏提婆二世,Vasudeva II,王,290,310
toolbay-region-0218-ruler-0006,toolbay-region-0218,东明圣王,Dongmyeong-seongwang,国王,-37,-19
toolbay-region-0218-ruler-0007,toolbay-region-0218,瑠璃明王,Yuri-myeongwang,国王,-19,18
toolbay-region-0218-ruler-0008,toolbay-region-0218,大武神王,Daemusin-wang,国王,18,44
toolbay-region-0218-ruler-0009,toolbay-region-0218,闵中王,Minjung-wang,国王,44,48
toolbay-region-0218-ruler-0010,toolbay-region-0218,慕本王,Mobon-wang,国王,48,53
toolbay-region-0218-ruler-0011,toolbay-region-0218,太祖大王,Taejo-daewang,国王,53,146
toolbay-region-0218-ruler-0012,toolbay-region-0218,次大王,Chadae-wang,国王,146,165
toolbay-region-0218-ruler-0013,toolbay-region-0218,新大王,Sindae-wang,国王,165,179
toolbay-region-0218-ruler-0014,toolbay-region-0218,故国川王,Gogukcheon-wang,国王,179,197
toolbay-region-0218-ruler-0015,toolbay-region-0218,山上王,Sansang-wang,国王,197,227
toolbay-region-0218-ruler-0016,toolbay-region-0218,东川王,Dongcheon-wang,国王,227,248
toolbay-region-0218-ruler-0017,toolbay-region-0218,中川王,Jungcheon-wang,国王,248,270
toolbay-region-0218-ruler-0018,toolbay-region-0218,西川王,Seocheon-wang,国王,270,292
toolbay-region-0218-ruler-0019,toolbay-region-0218,烽上王,Bongsang-wang,国王,292,300
toolbay-region-0218-ruler-0020,toolbay-region-0218,美川王,Micheon-wang,国王,300,331
toolbay-region-0218-ruler-0021,toolbay-region-0218,故国原王,Gogugwon-wang,国王,331,371
toolbay-region-0218-ruler-0022,toolbay-region-0218,小兽林王,Sosurim-wang,国王,371,384
toolbay-region-0218-ruler-0023,toolbay-region-0218,故国壌王,Kogugyang-wang,国王,384,392
toolbay-region-0218-ruler-0024,toolbay-region-0218,广开土王（好太王）,Gwanggaeto-wang,国王,392,413
toolbay-region-0218-ruler-0025,toolbay-region-0218,长寿王,Jangsu-wang,国王,413,491
toolbay-region-0218-ruler-0026,toolbay-region-0218,文咨明王,Munjamyeong-wang,国王,491,519
toolbay-region-0218-ruler-0027,toolbay-region-0218,安臧王,Anjang-wang,国王,519,531
toolbay-region-0218-ruler-0028,toolbay-region-0218,安原王,Anwon-wang,国王,531,545
toolbay-region-0218-ruler-0029,toolbay-region-0218,阳原王,Yangwon-wang,国王,545,559
toolbay-region-0218-ruler-0030,toolbay-region-0218,平原王,Pyeongwon-wang,国王,559,590
toolbay-region-0218-ruler-0031,toolbay-region-0218,婴阳王,Yeongyang-wang,国王,590,618
toolbay-region-0218-ruler-0032,toolbay-region-0218,栄留王,Yeongnyu-wang,国王,618,642
toolbay-region-0218-ruler-0033,toolbay-region-0218,宝藏王,Bojang-wang,国王,642,668
toolbay-region-0221-ruler-0008,toolbay-region-0221,刘縯,Liu Yan,司令官,22,23
toolbay-region-0221-ruler-0010,toolbay-region-0221,更始帝,Geng-shi,皇帝,23,25
toolbay-region-0221-ruler-0011,toolbay-region-0221,光武帝,Guang-wu,皇帝,25,57
toolbay-region-0221-ruler-0012,toolbay-region-0221,明帝,Ming,皇帝,57,75
toolbay-region-0221-ruler-0013,toolbay-region-0221,章帝,Zhang,皇帝,75,88
toolbay-region-0221-ruler-0014,toolbay-region-0221,和帝,He,皇帝,88,105
toolbay-region-0221-ruler-0015,toolbay-region-0221,殇帝,Shang,皇帝,105,106
toolbay-region-0221-ruler-0016,toolbay-region-0221,安帝,An,皇帝,106,125
toolbay-region-0221-ruler-0017,toolbay-region-0221,顺帝,Shun,皇帝,125,144
toolbay-region-0221-ruler-0018,toolbay-region-0221,冲帝,Chong,皇帝,144,145
toolbay-region-0221-ruler-0019,toolbay-region-0221,质帝,Zhi,皇帝,145,146
toolbay-region-0221-ruler-0020,toolbay-region-0221,桓帝,Huan,皇帝,146,167
toolbay-region-0221-ruler-0021,toolbay-region-0221,霊帝,Ling,皇帝,167,189
toolbay-region-0221-ruler-0022,toolbay-region-0221,献帝,Xian,皇帝,189,220
toolbay-region-0222-ruler-0005,toolbay-region-0222,王郎,Wang Long,皇帝,23,24
toolbay-region-0223-ruler-0005,toolbay-region-0223,秦豊,Qin Feng,王,24,28
toolbay-region-0224-ruler-0005,toolbay-region-0224,延岑,Yan Cen,王,24,26
toolbay-region-0225-ruler-0005,toolbay-region-0225,刘永,Liu Yong,王,24,25
toolbay-region-0225-ruler-0007,toolbay-region-0225,刘永,Liu Yong,皇帝,25,28
toolbay-region-0225-ruler-0008,toolbay-region-0225,刘纡,Liu Yu,皇帝,28,29
toolbay-region-0226-ruler-0006,toolbay-region-0226,公孙述,Gong Sun-shu,司令官,24,25
toolbay-region-0226-ruler-0008,toolbay-region-0226,公孙述,Gong Sun-shu,皇帝,25,36
toolbay-region-0227-ruler-0005,toolbay-region-0227,愧嚣,Wei Xiao,王,24,33
toolbay-region-0227-ruler-0006,toolbay-region-0227,愧纯,Wei Chun,王,33,34
toolbay-region-0228-ruler-0005,toolbay-region-0228,樊崇,Fan Chong,领导,25,26
toolbay-region-0229-ruler-0005,toolbay-region-0229,李宪,Li Xian,王,26,27
toolbay-region-0229-ruler-0007,toolbay-region-0229,李宪,Li Xian,皇帝,27,29
toolbay-region-0230-ruler-0005,toolbay-region-0230,卢芳,Lu Feng,皇帝,29,36
toolbay-region-0231-ruler-0005,toolbay-region-0231,徴侧,Trung Trac,领导,40,43
toolbay-region-0231-ruler-0006,toolbay-region-0231,徴贰,Trung Nhi,领导,40,43
toolbay-region-0232-ruler-0006,toolbay-region-0232,醢落尸逐鞮南单于（呼韩邪单于）,Hǎiluòshīzhúdī,单于,48,56
toolbay-region-0232-ruler-0007,toolbay-region-0232,丘浮尤鞮单于,Qiūfúyóudī,单于,56,57
toolbay-region-0232-ruler-0008,toolbay-region-0232,伊伐于虑鞮单于,Yīfáwūlǜdī,单于,57,59
toolbay-region-0232-ruler-0009,toolbay-region-0232,醢童尸逐侯鞮单于,Hǎitóngshīzhúhóudī,单于,59,63
toolbay-region-0232-ruler-0010,toolbay-region-0232,湖斜尸逐侯鞮单于,Qiūchúchēlíndī,单于,53,85
toolbay-region-0232-ruler-0011,toolbay-region-0232,伊屠于闾鞮单于,Yītúwūlǘdī,单于,85,88
toolbay-region-0232-ruler-0012,toolbay-region-0232,休兰尸逐侯鞮单于,Xiūlánshīzhúhóudī,单于,88,93
toolbay-region-0232-ruler-0013,toolbay-region-0232,安国单于,Ānguó,单于,93,84
toolbay-region-0232-ruler-0014,toolbay-region-0232,亭独尸逐侯鞮单于,Tíngdúshīzhúhóudī,单于,94,98
toolbay-region-0232-ruler-0015,toolbay-region-0232,万氏尸逐侯鞮单于,Wànshìshīzhúhóudī,单于,98,124
toolbay-region-0232-ruler-0016,toolbay-region-0232,乌稽侯尸逐鞮单于,Wūjīhóushīzhúdī,单于,124,128
toolbay-region-0232-ruler-0017,toolbay-region-0232,去特若尸逐就单于,Qùtèruòshīzhújiù,单于,128,140
toolbay-region-0232-ruler-0018,toolbay-region-0232,南庭虚位,南庭虚位,单于,140,143
toolbay-region-0232-ruler-0019,toolbay-region-0232,车钮单于,车钮单于,单于,140,143
toolbay-region-0232-ruler-0020,toolbay-region-0232,呼兰若尸逐就单于,Hūlánruòshīzhújiù,单于,143,147
toolbay-region-0232-ruler-0021,toolbay-region-0232,伊陵尸逐就单于,Yīlíngshīzhújiù,单于,147,172
toolbay-region-0232-ruler-0022,toolbay-region-0232,屠特若尸逐就单于,Tútèruòshīzhújiù,单于,172,178
toolbay-region-0232-ruler-0023,toolbay-region-0232,呼征单于,Hūzhēng,单于,178,179
toolbay-region-0232-ruler-0024,toolbay-region-0232,羌渠单于,Qiāngqú,单于,179,188
toolbay-region-0232-ruler-0025,toolbay-region-0232,于夫罗,Wūfúluó,单于,188,195
toolbay-region-0232-ruler-0026,toolbay-region-0232,呼厨泉,Hūchúquán,单于,216,279
toolbay-region-0236-ruler-0005,toolbay-region-0236,公孙度,Gongsun Du,领导,190,204
toolbay-region-0236-ruler-0006,toolbay-region-0236,公孙康,Gongsun Kang,领导,204,210
toolbay-region-0236-ruler-0007,toolbay-region-0236,公孙恭,Gongsun Gong,领导,210,228
toolbay-region-0236-ruler-0008,toolbay-region-0236,公孙渊,Gongsun Yuan,领导,228,238
toolbay-region-0237-ruler-0007,toolbay-region-0237,阿努律陀,Anawratha,王,1044,1077
toolbay-region-0237-ruler-0008,toolbay-region-0237,修罗,Sawlu,王,1077,1084
toolbay-region-0237-ruler-0009,toolbay-region-0237,江喜陀,Kyanzittha,王,1084,1113
toolbay-region-0237-ruler-0010,toolbay-region-0237,阿拿翁薛胡,Alaungsithu,王,1113,1167
toolbay-region-0237-ruler-0011,toolbay-region-0237,拿勒胡,Narathu,王,1167,1170
toolbay-region-0237-ruler-0012,toolbay-region-0237,拿勒地哈,Naratheinkha,王,1170,1174
toolbay-region-0237-ruler-0013,toolbay-region-0237,拿那拔地薛胡,Narapatisithu,王,1174,1211
toolbay-region-0237-ruler-0014,toolbay-region-0237,赫掉卢敏卢,Htilominlo,王,1211,1234
toolbay-region-0237-ruler-0015,toolbay-region-0237,基亚斯华,Kyaswa,王,1234,1250
toolbay-region-0237-ruler-0016,toolbay-region-0237,余山拿,Uzana,王,1250,1254
toolbay-region-0237-ruler-0017,toolbay-region-0237,那罗梯诃波帝,Narathihapati,王,1254,1287
toolbay-region-0237-ruler-0018,toolbay-region-0237,交斯华,Kyawswa,王,1287,1299
toolbay-region-0238-ruler-0005,toolbay-region-0238,袁绍,Yuan Shao,领导,191,202
toolbay-region-0239-ruler-0005,toolbay-region-0239,刘表,Liu Biao,领导,191,208
toolbay-region-0240-ruler-0007,toolbay-region-0240,刘备,Liu Bei,领导,209,221
toolbay-region-0240-ruler-0009,toolbay-region-0240,刘备（昭烈帝）,Liu Bei,皇帝,221,223
toolbay-region-0240-ruler-0010,toolbay-region-0240,刘禅,Liu Shan,皇帝,223,263
toolbay-region-0241-ruler-0006,toolbay-region-0241,刘焉,Liu Yan,领导,191,194
toolbay-region-0241-ruler-0007,toolbay-region-0241,刘璋,Liu Zhang,领导,194,214
toolbay-region-0242-ruler-0014,toolbay-region-0242,曹操,Cao cao,领导,200,220
toolbay-region-0242-ruler-0016,toolbay-region-0242,曹丕（文帝）,Cao Pi,皇帝,220,226
toolbay-region-0242-ruler-0017,toolbay-region-0242,曹叡（明帝）,Cao Rui,皇帝,226,239
toolbay-region-0242-ruler-0018,toolbay-region-0242,曹芳,Cao Fang,皇帝,239,254
toolbay-region-0242-ruler-0019,toolbay-region-0242,曹髦,Cao Mao,皇帝,254,260
toolbay-region-0242-ruler-0020,toolbay-region-0242,曹奂,Cao Huan,皇帝,260,265
toolbay-region-0242-ruler-0021,toolbay-region-0242,武帝（司马炎）,Wu (Sima Yan),皇帝,265,290
toolbay-region-0242-ruler-0022,toolbay-region-0242,恵帝（司马衷）,Hui,皇帝,290,306
toolbay-region-0242-ruler-0023,toolbay-region-0242,懐帝（司马炽）,Huai,皇帝,306,313
toolbay-region-0242-ruler-0024,toolbay-region-0242,愍帝（司马邺）,Min,皇帝,313,316
toolbay-region-0242-ruler-0025,toolbay-region-0242,元帝,Yuan,皇帝,317,322
toolbay-region-0242-ruler-0026,toolbay-region-0242,明帝,Ming,皇帝,322,325
toolbay-region-0242-ruler-0027,toolbay-region-0242,成帝,Cheng,皇帝,325,342
toolbay-region-0242-ruler-0028,toolbay-region-0242,康帝,Kang,皇帝,342,344
toolbay-region-0242-ruler-0029,toolbay-region-0242,穆帝,Mu,皇帝,344,361
toolbay-region-0242-ruler-0030,toolbay-region-0242,哀帝,Ai,皇帝,361,365
toolbay-region-0242-ruler-0031,toolbay-region-0242,廃帝（司马奕）,Sima Yi,皇帝,365,371
toolbay-region-0242-ruler-0032,toolbay-region-0242,简文帝,Jianwen,皇帝,371,372
toolbay-region-0242-ruler-0033,toolbay-region-0242,孝武帝,Xiaowu,皇帝,372,396
toolbay-region-0242-ruler-0034,toolbay-region-0242,安帝,An,皇帝,396,418
toolbay-region-0242-ruler-0035,toolbay-region-0242,恭帝,Gong,皇帝,418,420
toolbay-region-0242-ruler-0036,toolbay-region-0242,武帝,Wu,皇帝,420,422
toolbay-region-0242-ruler-0037,toolbay-region-0242,少帝,Shao,皇帝,422,424
toolbay-region-0242-ruler-0038,toolbay-region-0242,文帝,Wen,皇帝,424,453
toolbay-region-0242-ruler-0039,toolbay-region-0242,孝武帝,Xiaowu,皇帝,453,464
toolbay-region-0242-ruler-0040,toolbay-region-0242,前廃帝（刘子业）,Liu Zi-ye,皇帝,464,465
toolbay-region-0242-ruler-0041,toolbay-region-0242,明帝,Ming,皇帝,465,472
toolbay-region-0242-ruler-0042,toolbay-region-0242,后廃帝（刘昱）,Liu Yu,皇帝,472,476
toolbay-region-0242-ruler-0043,toolbay-region-0242,顺帝,Shun,皇帝,476,479
toolbay-region-0242-ruler-0044,toolbay-region-0242,高帝,Gao,皇帝,479,482
toolbay-region-0242-ruler-0045,toolbay-region-0242,武帝,Wu,皇帝,482,493
toolbay-region-0242-ruler-0046,toolbay-region-0242,廃帝（萧昭业）,Xiao Zhao-ye,皇帝,493,494
toolbay-region-0242-ruler-0047,toolbay-region-0242,明帝,Ming,皇帝,494,498
toolbay-region-0242-ruler-0048,toolbay-region-0242,萧宝巻,Xiao Bao-juan,皇帝,498,501
toolbay-region-0242-ruler-0049,toolbay-region-0242,和帝,He,皇帝,501,502
toolbay-region-0242-ruler-0050,toolbay-region-0242,武帝,Wu,皇帝,502,549
toolbay-region-0242-ruler-0051,toolbay-region-0242,简文帝,Jian-wen,皇帝,549,551
toolbay-region-0242-ruler-0052,toolbay-region-0242,廃帝（萧栋）,Xiao Dong,皇帝,551,552
toolbay-region-0242-ruler-0053,toolbay-region-0242,元帝,Yuan,皇帝,552,554
toolbay-region-0242-ruler-0054,toolbay-region-0242,敬帝,Jing,皇帝,554,557
toolbay-region-0242-ruler-0055,toolbay-region-0242,武帝,Wu,皇帝,557,559
toolbay-region-0242-ruler-0056,toolbay-region-0242,文帝,Wen,皇帝,559,566
toolbay-region-0242-ruler-0057,toolbay-region-0242,廃帝（陈伯宗）,Chen Bo-zong,皇帝,566,568
toolbay-region-0242-ruler-0058,toolbay-region-0242,宣帝,Xuan,皇帝,568,582
toolbay-region-0242-ruler-0059,toolbay-region-0242,后主（陈叔宝）,Chen Shu-bao,皇帝,582,589
toolbay-region-0243-ruler-0006,toolbay-region-0243,孙権,Sun Quan,领导,200,222
toolbay-region-0243-ruler-0008,toolbay-region-0243,孙権,Sun Quan,皇帝,222,252
toolbay-region-0243-ruler-0009,toolbay-region-0243,孙亮,Sun Liang,皇帝,252,258
toolbay-region-0243-ruler-0010,toolbay-region-0243,孙休,Son Xiu,皇帝,258,264
toolbay-region-0243-ruler-0011,toolbay-region-0243,孙皓,Son Hao,皇帝,264,280
toolbay-region-0244-ruler-0005,toolbay-region-0244,士燮,Shi Xie,领导,200,226
toolbay-region-0245-ruler-0008,toolbay-region-0245,范逸,Pham Dat,王,284,336
toolbay-region-0245-ruler-0009,toolbay-region-0245,范文,Pham Van,王,336,349
toolbay-region-0245-ruler-0010,toolbay-region-0245,范佛,Pham Phat,王,349,370
toolbay-region-0245-ruler-0011,toolbay-region-0245,范胡达,Pham Ho Dat,王,370,400
toolbay-region-0245-ruler-0012,toolbay-region-0245,范敌真,Pham Dich Chon,王,400,410
toolbay-region-0245-ruler-0013,toolbay-region-0245,范敌文,Pham Dich Van,王,410,420
toolbay-region-0245-ruler-0014,toolbay-region-0245,范阳迈一世,Pham Drong Mai I,王,420,431
toolbay-region-0245-ruler-0015,toolbay-region-0245,范阳迈二世,Pham Drong Mai II,王,431,446
toolbay-region-0245-ruler-0016,toolbay-region-0245,范神成,Pham Chut,王,446,470
toolbay-region-0245-ruler-0017,toolbay-region-0245,范当根顺,Pham Dang Can Thang,王,470,492
toolbay-region-0245-ruler-0018,toolbay-region-0245,范诸农,Pham Chu Nong,王,492,498
toolbay-region-0245-ruler-0019,toolbay-region-0245,范文款,Pham Van Ton,王,498,510
toolbay-region-0245-ruler-0020,toolbay-region-0245,范天凯,Pham Thien Khoi (Devavarman),王,510,520
toolbay-region-0245-ruler-0021,toolbay-region-0245,范弼撬跋摩,Pham Bat Toi Bat Ma (Vikrantavarman),王,520,530
toolbay-region-0245-ruler-0022,toolbay-region-0245,律陀罗跋摩一世,Rudravarman I,王,530,590
toolbay-region-0245-ruler-0023,toolbay-region-0245,范梵志,Pham Phan Chi (Sambuvarman),王,590,629
toolbay-region-0245-ruler-0024,toolbay-region-0245,范头黎,Kanharpadharma,王,629,640
toolbay-region-0245-ruler-0025,toolbay-region-0245,范镇龙,Bhasadharma,王,640,645
toolbay-region-0245-ruler-0026,toolbay-region-0245,婆罗门,Bhadresvaravarman,王,645,650
toolbay-region-0245-ruler-0027,toolbay-region-0245,Isanavarman,Isanavarman,王,650,660
toolbay-region-0245-ruler-0028,toolbay-region-0245,毗建陀跋摩一世（诸葛地）,Vikrantavarman I,王,660,680
toolbay-region-0245-ruler-0029,toolbay-region-0245,毗建陀跋摩二世,Vikrantavarman II,王,680,720
toolbay-region-0245-ruler-0030,toolbay-region-0245,律陀罗跋摩二世,Rudravarman II,王,720,758
toolbay-region-0245-ruler-0031,toolbay-region-0245,因陀罗跋摩二世,Indravarman II,王,860,880
toolbay-region-0245-ruler-0032,toolbay-region-0245,闍耶僧伽跋摩一世,Jaya simhavarman I,王,880,900
toolbay-region-0245-ruler-0033,toolbay-region-0245,诃罗跋摩二世,Bhadravarman II,王,900,910
toolbay-region-0245-ruler-0034,toolbay-region-0245,因陀罗跋摩三世,Indravarman III,王,910,960
toolbay-region-0245-ruler-0035,toolbay-region-0245,闍耶因陀罗跋摩一世,Jaya Indravarman I,王,960,970
toolbay-region-0245-ruler-0036,toolbay-region-0245,波罗密首罗跋摩一世,Paramesvaravarman I,王,970,975
toolbay-region-0245-ruler-0037,toolbay-region-0245,因陀罗跋摩四世,Indravarman IV,王,975,980
toolbay-region-0245-ruler-0038,toolbay-region-0245,刘継宗,Luu Ke Tong,王,980,986
toolbay-region-0245-ruler-0039,toolbay-region-0245,Harivarman II,Harivarman II,王,989,995
toolbay-region-0245-ruler-0040,toolbay-region-0245,Harivarman III,Harivarman III,王,1000,1010
toolbay-region-0245-ruler-0041,toolbay-region-0245,Patamesvaravarman II,Patamesvaravarman II,王,1010,1018
toolbay-region-0245-ruler-0042,toolbay-region-0245,毗建陀跋摩四世,Vikrantavarman IV,王,1020,1030
toolbay-region-0245-ruler-0043,toolbay-region-0245,闍耶僧伽跋摩二世,Jaya Sinhavarman II,王,1030,1044
toolbay-region-0245-ruler-0044,toolbay-region-0245,Jaya Paramesvaravarman I,Jaya Paramesvaravarman I,王,1044,1050
toolbay-region-0245-ruler-0045,toolbay-region-0245,诃罗跋摩三世,Bhadravarman III,王,1050,1061
toolbay-region-0245-ruler-0046,toolbay-region-0245,律陀罗跋摩三世,Rudravarman III,王,1061,1074
toolbay-region-0245-ruler-0047,toolbay-region-0245,Harivarman IV,Harivarman IV,王,1074,1080
toolbay-region-0245-ruler-0048,toolbay-region-0245,闍耶因陀罗跋摩二世,Jaya Indravarman II,王,1080,1081
toolbay-region-0245-ruler-0049,toolbay-region-0245,Paramabhodhisatva,Paramabhodhisatva,王,1081,1086
toolbay-region-0245-ruler-0050,toolbay-region-0245,闍耶因陀罗跋摩二世,Jaya Indravarman II,王,1086,1114
toolbay-region-0245-ruler-0051,toolbay-region-0245,Harivarman V,Harivarman V,王,1114,1139
toolbay-region-0245-ruler-0052,toolbay-region-0245,闍耶因陀罗跋摩三世,Jaya Indravarman III,王,1139,1145
toolbay-region-0245-ruler-0053,toolbay-region-0245,律陀罗跋摩四世,Rudravarman IV,王,1145,1147
toolbay-region-0245-ruler-0054,toolbay-region-0245,Jaya Harivarman I,Jaya Harivarman I,王,1147,1167
toolbay-region-0245-ruler-0055,toolbay-region-0245,闍耶因陀罗跋摩四世,Jaya Indravarman IV,王,1167,1190
toolbay-region-0245-ruler-0056,toolbay-region-0245,Suryajayavarman,Suryajayavarman,王,1190,1191
toolbay-region-0245-ruler-0057,toolbay-region-0245,Suryavarman,Suryavarman,王,1190,1191
toolbay-region-0245-ruler-0058,toolbay-region-0245,闍耶因陀罗跋摩五世,Jaya Indravarman V,王,1191,1192
toolbay-region-0245-ruler-0059,toolbay-region-0245,Jaya Paramesvaravarman II,Jaya Paramesvaravarman II,王,1220,1252
toolbay-region-0245-ruler-0060,toolbay-region-0245,闍耶因陀罗跋摩六世,Jaya Indravarman VI,王,1252,1265
toolbay-region-0245-ruler-0061,toolbay-region-0245,因陀罗跋摩五世,Indravarman V,王,1265,1288
toolbay-region-0245-ruler-0062,toolbay-region-0245,闍耶僧伽跋摩三世,Jaya Sinhavarman III,王,1288,1307
toolbay-region-0245-ruler-0063,toolbay-region-0245,闍耶僧伽跋摩四世,Jaya Sinhavarman IV,王,1307,1312
toolbay-region-0245-ruler-0064,toolbay-region-0245,制能,Che Nang,王,1312,1318
toolbay-region-0245-ruler-0065,toolbay-region-0245,制阿难,Che A Nan,王,1318,1342
toolbay-region-0245-ruler-0066,toolbay-region-0245,茶和布底,Tra Hoa Bo De,王,1342,1360
toolbay-region-0245-ruler-0067,toolbay-region-0245,制篷峨,Che Bong Nga,王,1360,1390
toolbay-region-0245-ruler-0068,toolbay-region-0245,罗皑,Ko Cheng,王,1390,1400
toolbay-region-0245-ruler-0069,toolbay-region-0245,闍耶僧伽跋摩五世,Jaya Sinhavarman V,王,1400,1441
toolbay-region-0245-ruler-0070,toolbay-region-0245,摩诃贲该,Maija Vijaya,王,1441,1446
toolbay-region-0245-ruler-0071,toolbay-region-0245,摩诃贵来,Moho Kouei-Lai,王,1446,1449
toolbay-region-0245-ruler-0072,toolbay-region-0245,摩诃贵由,Moho Kouei-Yeou,王,1449,1458
toolbay-region-0245-ruler-0073,toolbay-region-0245,摩诃槃罗悦,Moho P'an-Lo-Yue,王,1458,1460
toolbay-region-0245-ruler-0074,toolbay-region-0245,槃罗茶全,P'an-Lo T'ou-Ts'iuan,王,1460,1471
toolbay-region-0249-ruler-0005,toolbay-region-0249,憍陈如二世,Kaundinya II,皇帝,410,434
toolbay-region-0249-ruler-0006,toolbay-region-0249,持黎跋摩,Sresthavarman (Srei Indravarman),皇帝,434,440
toolbay-region-0249-ruler-0007,toolbay-region-0249,（名字失传）,(unknown),皇帝,440,484
toolbay-region-0249-ruler-0008,toolbay-region-0249,闍耶跋摩,Kaundinya Jayavarman,皇帝,484,514
toolbay-region-0249-ruler-0009,toolbay-region-0249,Rudravarman,Rudravarman,皇帝,514,539
toolbay-region-0249-ruler-0010,toolbay-region-0249,Sarvabhauma,Sarvabhauma,皇帝,539,550
toolbay-region-0249-ruler-0011,toolbay-region-0249,（名字失传）,(unknown),皇帝,550,627
toolbay-region-0250-ruler-0007,toolbay-region-0250,慕容皝,Murong Huang,王,337,348
toolbay-region-0250-ruler-0008,toolbay-region-0250,慕容儁,Murong Jun,王,348,352
toolbay-region-0250-ruler-0010,toolbay-region-0250,慕容儁,Murong Jun,皇帝,352,360
toolbay-region-0250-ruler-0011,toolbay-region-0250,慕容暐,Murong Wei,皇帝,360,370
toolbay-region-0253-ruler-0005,toolbay-region-0253,拓跋猗卢,Tuòbá Yīlú,王,315,316
toolbay-region-0253-ruler-0006,toolbay-region-0253,拓跋鬱律,Tuòbá Yùlǜ,王,316,324
toolbay-region-0253-ruler-0007,toolbay-region-0253,拓跋贺傉,Tuòbá Hèrǔ,王,324,325
toolbay-region-0253-ruler-0008,toolbay-region-0253,拓跋纥那,Tuòbá Gēnà,王,325,329
toolbay-region-0253-ruler-0009,toolbay-region-0253,拓跋翳槐,Tuòbá Yīhuái,王,329,335
toolbay-region-0253-ruler-0010,toolbay-region-0253,拓跋纥那,Tuòbá Gēnà,王,335,337
toolbay-region-0253-ruler-0011,toolbay-region-0253,拓跋翳槐,Tuòbá Yīhuái,王,337,338
toolbay-region-0253-ruler-0012,toolbay-region-0253,拓跋什翼犍,Tuòbá Shíyìjiān,王,338,376
toolbay-region-0256-ruler-0006,toolbay-region-0256,Pravarasena I,Pravarasena I,王,300,330
toolbay-region-0256-ruler-0007,toolbay-region-0256,Rudrasena I,Rudrasena I,王,330,355
toolbay-region-0256-ruler-0008,toolbay-region-0256,Prithvisena I,Prithvisena I,王,355,380
toolbay-region-0256-ruler-0009,toolbay-region-0256,Rudrasena II,Rudrasena II,王,380,385
toolbay-region-0256-ruler-0010,toolbay-region-0256,Divakarasena,Divakarasena,王,385,400
toolbay-region-0256-ruler-0011,toolbay-region-0256,Damodarasena (Pravarasena II),Damodarasena (Pravarasena II),王,400,440
toolbay-region-0256-ruler-0012,toolbay-region-0256,Narendrasena,Narendrasena,王,440,460
toolbay-region-0256-ruler-0013,toolbay-region-0256,Prithvishena II,Prithvishena II,王,460,480
toolbay-region-0256-ruler-0014,toolbay-region-0256,Harishena,Harishena,王,480,510
toolbay-region-0256-ruler-0016,toolbay-region-0256,Prabhavatigupta,Prabhavatigupta,摄政,385,405
toolbay-region-0257-ruler-0008,toolbay-region-0257,Visnugopa,Visnugopa,王,350,355
toolbay-region-0257-ruler-0009,toolbay-region-0257,Kumaravishnu I,Kumaravishnu I,王,355,370
toolbay-region-0257-ruler-0010,toolbay-region-0257,塞建陀跋摩二世,Skandavarman II,王,370,385
toolbay-region-0257-ruler-0011,toolbay-region-0257,Viravarman,Viravarman,王,385,400
toolbay-region-0257-ruler-0012,toolbay-region-0257,塞建陀跋摩三世,Skandavarman III,王,400,436
toolbay-region-0257-ruler-0013,toolbay-region-0257,Simhavarman II,Simhavarman II,王,436,460
toolbay-region-0257-ruler-0014,toolbay-region-0257,塞建陀跋摩四世,Skandavarman IV,王,460,480
toolbay-region-0257-ruler-0015,toolbay-region-0257,Nandivarman I,Nandivarman I,王,480,510
toolbay-region-0257-ruler-0016,toolbay-region-0257,Kumaravishnu II,Kumaravishnu II,王,510,530
toolbay-region-0257-ruler-0017,toolbay-region-0257,Buddhavarman,Buddhavarman,王,530,540
toolbay-region-0257-ruler-0018,toolbay-region-0257,Kumaravisnu III,Kumaravisnu III,王,540,550
toolbay-region-0257-ruler-0019,toolbay-region-0257,僧伽跋摩三世,Simhavarman III,王,550,560
toolbay-region-0257-ruler-0020,toolbay-region-0257,Simhavishnu,Simhavishnu,王,560,590
toolbay-region-0257-ruler-0021,toolbay-region-0257,Mahendravarman I,Mahendravarman I,王,590,630
toolbay-region-0257-ruler-0022,toolbay-region-0257,Narasimhavarman I,Narasimhavarman I,王,630,668
toolbay-region-0257-ruler-0023,toolbay-region-0257,Mahendravarman II,Mahendravarman II,王,668,672
toolbay-region-0257-ruler-0024,toolbay-region-0257,Paramesvaravarman I,Paramesvaravarman I,王,672,700
toolbay-region-0257-ruler-0025,toolbay-region-0257,Narasimhavarman II,Narasimhavarman II,王,700,728
toolbay-region-0257-ruler-0026,toolbay-region-0257,Paramesvaravarman II,Paramesvaravarman II,王,705,710
toolbay-region-0257-ruler-0027,toolbay-region-0257,Nandivarman II,Nandivarman II,王,732,796
toolbay-region-0257-ruler-0028,toolbay-region-0257,Thandivarman,Thandivarman,王,775,825
toolbay-region-0257-ruler-0029,toolbay-region-0257,Nandivarman III,Nandivarman III,王,825,869
toolbay-region-0259-ruler-0006,toolbay-region-0259,刘渊,Liu Yuan,王,304,308
toolbay-region-0259-ruler-0008,toolbay-region-0259,刘渊,Liu Yuan,皇帝,308,310
toolbay-region-0259-ruler-0009,toolbay-region-0259,刘聡,Liu Cong,皇帝,310,318
toolbay-region-0259-ruler-0010,toolbay-region-0259,刘曜,Liu Yao,皇帝,318,328
toolbay-region-0259-ruler-0011,toolbay-region-0259,刘煕,Liu Xi,皇帝,328,329
toolbay-region-0260-ruler-0005,toolbay-region-0260,李雄,Li Xiong,皇帝,304,334
toolbay-region-0260-ruler-0006,toolbay-region-0260,李期,Li Ban,皇帝,334,337
toolbay-region-0260-ruler-0007,toolbay-region-0260,李寿,Li Qi,皇帝,338,343
toolbay-region-0260-ruler-0008,toolbay-region-0260,李势,Li Shi,皇帝,343,347
toolbay-region-0262-ruler-0007,toolbay-region-0262,慕容吐谷浑,Mùróng Tǔyùhún,王,311,317
toolbay-region-0262-ruler-0008,toolbay-region-0262,慕容吐延,Mùróng Tǔyán,王,317,329
toolbay-region-0262-ruler-0009,toolbay-region-0262,慕容叶延,Mùróng Yèyán,王,329,351
toolbay-region-0262-ruler-0010,toolbay-region-0262,慕容碎奚,Mùróng Suìxī,王,351,371
toolbay-region-0262-ruler-0011,toolbay-region-0262,慕容视连,Mùróng Shìlián,王,371,390
toolbay-region-0262-ruler-0012,toolbay-region-0262,慕容视罴,Mùróng Shìpí,王,390,400
toolbay-region-0262-ruler-0013,toolbay-region-0262,慕容乌纥褆,Mùróng Wūgētí,王,400,405
toolbay-region-0262-ruler-0014,toolbay-region-0262,慕容树洛干,Mùróng Shùluògān,王,405,417
toolbay-region-0262-ruler-0015,toolbay-region-0262,慕容阿柴,Mùróng Āchái,王,417,424
toolbay-region-0262-ruler-0016,toolbay-region-0262,慕容慕璝,Mùróng Mùguī,王,424,436
toolbay-region-0262-ruler-0017,toolbay-region-0262,慕容慕利延,Mùróng Mùlìyán,王,436,452
toolbay-region-0262-ruler-0018,toolbay-region-0262,慕容拾寅,Mùróng Shíyín,王,452,481
toolbay-region-0262-ruler-0019,toolbay-region-0262,慕容度易侯,Mùróng Dùyìhóu,王,481,490
toolbay-region-0262-ruler-0020,toolbay-region-0262,慕容伏连筹,Mùróng Fúliánchóu,王,490,540
toolbay-region-0262-ruler-0021,toolbay-region-0262,慕容夸吕,Mùróng Kuālǔ,王,540,591
toolbay-region-0262-ruler-0022,toolbay-region-0262,慕容世伏,Mùróng Shìfú,王,591,597
toolbay-region-0262-ruler-0023,toolbay-region-0262,慕容伏允,Mùróng Fúyǔn,王,597,635
toolbay-region-0262-ruler-0024,toolbay-region-0262,慕容诺喝鉢,Mùróng Nuòhébō,王,635,663
toolbay-region-0263-ruler-0005,toolbay-region-0263,张寔,Zhang Shi,王,313,320
toolbay-region-0263-ruler-0006,toolbay-region-0263,张茂,Zhāng Mào,王,320,324
toolbay-region-0263-ruler-0007,toolbay-region-0263,张骏,Zhāng Jùn,王,324,346
toolbay-region-0263-ruler-0008,toolbay-region-0263,张重华,Zhāng Chóng-huá,王,346,353
toolbay-region-0263-ruler-0009,toolbay-region-0263,张祚,Zhāng Zuò,王,353,355
toolbay-region-0263-ruler-0010,toolbay-region-0263,张玄靓,Zhāng Xuán-jìng,王,355,363
toolbay-region-0263-ruler-0011,toolbay-region-0263,张天锡,Zhāng Tiān-xí,王,363,376
toolbay-region-0264-ruler-0005,toolbay-region-0264,石勒,Shi Le,王,319,330
toolbay-region-0264-ruler-0007,toolbay-region-0264,石勒,Shi Le,皇帝,330,333
toolbay-region-0264-ruler-0008,toolbay-region-0264,石弘,Shi Hong,皇帝,333,334
toolbay-region-0264-ruler-0009,toolbay-region-0264,石虎,Shi Hu,皇帝,334,349
toolbay-region-0264-ruler-0010,toolbay-region-0264,石鉴,Shi Jian,皇帝,349,350
toolbay-region-0264-ruler-0011,toolbay-region-0264,石祗,Shi Zhi,皇帝,350,351
toolbay-region-0265-ruler-0005,toolbay-region-0265,旃陀罗笈多一世,Chandragupta I,王,320,330
toolbay-region-0265-ruler-0006,toolbay-region-0265,沙摩陀罗笈多,Samudragupta,王,330,380
toolbay-region-0265-ruler-0007,toolbay-region-0265,旃陀罗笈多二世,Chandragupta II,王,380,414
toolbay-region-0265-ruler-0008,toolbay-region-0265,鸠摩罗笈多一世,Kumaragupta I,王,414,455
toolbay-region-0265-ruler-0009,toolbay-region-0265,塞建陀笈多,Skandagupta,王,455,470
toolbay-region-0267-ruler-0005,toolbay-region-0267,近肖古王,Geunchogo-wang,王,346,375
toolbay-region-0267-ruler-0006,toolbay-region-0267,近仇首王,Geungusu-wang,王,375,384
toolbay-region-0267-ruler-0007,toolbay-region-0267,枕流王,Chimnyu-wang,王,384,385
toolbay-region-0267-ruler-0008,toolbay-region-0267,辰斯王,Jinsa-wang,王,385,392
toolbay-region-0267-ruler-0009,toolbay-region-0267,阿莘王,Asin-wang,王,392,405
toolbay-region-0267-ruler-0010,toolbay-region-0267,腆支王,Jeonji-wang,王,405,420
toolbay-region-0267-ruler-0011,toolbay-region-0267,久尔辛王,Guisin-wang,王,420,427
toolbay-region-0267-ruler-0012,toolbay-region-0267,毘有王,Biyu-wang,王,427,455
toolbay-region-0267-ruler-0013,toolbay-region-0267,盖卤王,Gaero-wang,王,455,475
toolbay-region-0267-ruler-0014,toolbay-region-0267,文周王,Munju-wang,王,475,477
toolbay-region-0267-ruler-0015,toolbay-region-0267,三斤王,Samgeun-wang,王,477,479
toolbay-region-0267-ruler-0016,toolbay-region-0267,东城王,Dongseong-wang,王,479,501
toolbay-region-0267-ruler-0017,toolbay-region-0267,武宁王,Munyeong-wang,王,501,523
toolbay-region-0267-ruler-0018,toolbay-region-0267,圣王,Seong-wang,王,523,554
toolbay-region-0267-ruler-0019,toolbay-region-0267,威德王,Wideok-wang,王,554,598
toolbay-region-0267-ruler-0020,toolbay-region-0267,惠王,Hye-wang,王,598,599
toolbay-region-0267-ruler-0021,toolbay-region-0267,法王,Beop-wang,王,599,600
toolbay-region-0267-ruler-0022,toolbay-region-0267,武王,Mu-wang,王,600,641
toolbay-region-0267-ruler-0023,toolbay-region-0267,义慈王,Uija-wang,王,641,660
toolbay-region-0269-ruler-0005,toolbay-region-0269,冉闵,Ran Min,皇帝,350,352
toolbay-region-0273-ruler-0006,toolbay-region-0273,符健,Fu Jian,皇帝,351,355
toolbay-region-0273-ruler-0007,toolbay-region-0273,符生,Fu Sheng,皇帝,355,357
toolbay-region-0273-ruler-0008,toolbay-region-0273,符坚,Fu Jian,皇帝,357,385
toolbay-region-0273-ruler-0009,toolbay-region-0273,符丕,Fu Pi,皇帝,385,386
toolbay-region-0273-ruler-0010,toolbay-region-0273,符登,Fu Deng,皇帝,386,393
toolbay-region-0273-ruler-0011,toolbay-region-0273,符崇,Fu Chong,皇帝,393,394
toolbay-region-0274-ruler-0009,toolbay-region-0274,奈勿尼师今,Naemul Isageum,王,356,402
toolbay-region-0274-ruler-0010,toolbay-region-0274,実圣尼师今,Silseon Isageum,王,402,417
toolbay-region-0274-ruler-0011,toolbay-region-0274,讷祇麻立干,Nulji Maripgan,王,417,458
toolbay-region-0274-ruler-0012,toolbay-region-0274,慈悲麻立干,Jabi Maripgan,王,458,479
toolbay-region-0274-ruler-0013,toolbay-region-0274,炤知麻立干,Soji Maripgan,王,479,500
toolbay-region-0274-ruler-0014,toolbay-region-0274,智証麻立干,Jijeung Maripgan,王,500,514
toolbay-region-0274-ruler-0015,toolbay-region-0274,法兴王,Beopheung Wang,王,514,540
toolbay-region-0274-ruler-0016,toolbay-region-0274,眞兴王,Jinheung Wang,王,540,576
toolbay-region-0274-ruler-0017,toolbay-region-0274,眞智王,Jinji Wang,王,576,579
toolbay-region-0274-ruler-0018,toolbay-region-0274,眞平王,Jinpyeong Wang,王,579,632
toolbay-region-0274-ruler-0020,toolbay-region-0274,善德女王,Seondeok Yeowang,女王,632,647
toolbay-region-0274-ruler-0021,toolbay-region-0274,眞德女王,Jindeok Yeowang,女王,647,654
toolbay-region-0274-ruler-0023,toolbay-region-0274,武烈王,Muyeol Wang,王,654,661
toolbay-region-0274-ruler-0024,toolbay-region-0274,文武王,Munmu Wang,王,661,681
toolbay-region-0274-ruler-0025,toolbay-region-0274,神文王,Sinmun Wang,王,681,692
toolbay-region-0274-ruler-0026,toolbay-region-0274,孝昭王,Hyoso Wang,王,692,702
toolbay-region-0274-ruler-0027,toolbay-region-0274,圣德王,Seongdok Wang,王,702,737
toolbay-region-0274-ruler-0028,toolbay-region-0274,孝成王,Hyoseong Wang,王,737,742
toolbay-region-0274-ruler-0029,toolbay-region-0274,景德王,Gyeongdeok Wang,王,742,765
toolbay-region-0274-ruler-0030,toolbay-region-0274,惠恭王,Hyegong Wang,王,765,780
toolbay-region-0274-ruler-0031,toolbay-region-0274,宣德王,Seondeok Wang,王,780,785
toolbay-region-0274-ruler-0032,toolbay-region-0274,元圣王,Wonseong Wang,王,785,798
toolbay-region-0274-ruler-0033,toolbay-region-0274,昭圣王,Soseong Wang,王,798,800
toolbay-region-0274-ruler-0034,toolbay-region-0274,哀荘王,Aejang Wang,王,800,809
toolbay-region-0274-ruler-0035,toolbay-region-0274,宪德王,Heondeok Wang,王,809,826
toolbay-region-0274-ruler-0036,toolbay-region-0274,兴德王,Heondeok Wang,王,826,836
toolbay-region-0274-ruler-0037,toolbay-region-0274,僖康王,Huigang Wang,王,836,838
toolbay-region-0274-ruler-0038,toolbay-region-0274,闵哀王,Minae Wang,王,838,839
toolbay-region-0274-ruler-0039,toolbay-region-0274,文圣王,Munseong Wang,王,839,857
toolbay-region-0274-ruler-0040,toolbay-region-0274,宪安王,Heonan Wang,王,857,861
toolbay-region-0274-ruler-0041,toolbay-region-0274,景文王,Gyeongmun Wang,王,861,875
toolbay-region-0274-ruler-0042,toolbay-region-0274,宪康王,Heongang Wang,王,875,886
toolbay-region-0274-ruler-0043,toolbay-region-0274,定康王,Jeonggang Wang,王,886,887
toolbay-region-0274-ruler-0045,toolbay-region-0274,眞圣女王,Jinseong Yeowang,女王,887,897
toolbay-region-0274-ruler-0047,toolbay-region-0274,孝恭王,Hyogong Wang,王,897,912
toolbay-region-0274-ruler-0048,toolbay-region-0274,神德王,Sindeok Wang,王,912,917
toolbay-region-0274-ruler-0049,toolbay-region-0274,景明王,Gyeongmyeong Wang,王,917,924
toolbay-region-0274-ruler-0050,toolbay-region-0274,景哀王,Gyeongae Wang,王,924,927
toolbay-region-0274-ruler-0051,toolbay-region-0274,敬顺王,Gyeongsun Wang,王,927,935
toolbay-region-0280-ruler-0009,toolbay-region-0280,太祖（耶律阿保机）,Taizu(Yelu Abaoji),皇帝,907,926
toolbay-region-0280-ruler-0010,toolbay-region-0280,太宗（耶律尧骨）,Taizong(Yelu Deguang),皇帝,926,947
toolbay-region-0280-ruler-0011,toolbay-region-0280,世宗,Shizong,皇帝,947,951
toolbay-region-0280-ruler-0012,toolbay-region-0280,穆宗,Muzong,皇帝,951,969
toolbay-region-0280-ruler-0013,toolbay-region-0280,景宗,Jingzong,皇帝,969,982
toolbay-region-0280-ruler-0014,toolbay-region-0280,圣宗,Shengzong,皇帝,982,1031
toolbay-region-0280-ruler-0015,toolbay-region-0280,兴宗,Xingzong,皇帝,1031,1055
toolbay-region-0280-ruler-0016,toolbay-region-0280,道宗,Daozong,皇帝,1055,1101
toolbay-region-0280-ruler-0017,toolbay-region-0280,天祚帝,Tianzuodi,皇帝,1101,1125
toolbay-region-0281-ruler-0006,toolbay-region-0281,丘豆伐可汗,Qiudoufa,可汗,402,410
toolbay-region-0281-ruler-0007,toolbay-region-0281,蔼苦盖可汗,Aikugai,可汗,410,414
toolbay-region-0281-ruler-0008,toolbay-region-0281,牟汗纥升盖可汗,Mouhanheshenggai,可汗,414,429
toolbay-region-0281-ruler-0009,toolbay-region-0281,敕连可汗,Chilian,可汗,429,444
toolbay-region-0281-ruler-0010,toolbay-region-0281,处可汗,Chu,可汗,444,450
toolbay-region-0281-ruler-0011,toolbay-region-0281,受罗部真可汗,Shouluobuzhen,可汗,450,485
toolbay-region-0281-ruler-0012,toolbay-region-0281,伏名敦可汗,Fumingdun,可汗,485,492
toolbay-region-0281-ruler-0013,toolbay-region-0281,侯其伏代库者可汗,Houqifudaikezhe,可汗,492,506
toolbay-region-0281-ruler-0014,toolbay-region-0281,佗汗可汗,Tuohan,可汗,506,508
toolbay-region-0281-ruler-0015,toolbay-region-0281,豆罗伏跋豆伐可汗,Douluofubadoufa,可汗,508,520
toolbay-region-0281-ruler-0016,toolbay-region-0281,敕连头兵豆伐可汗,Chiliantoubingdoufa,可汗,520,551
toolbay-region-0281-ruler-0017,toolbay-region-0281,弥偶可社句可汗,Mi'oukeshegou,可汗,521,524
toolbay-region-0282-ruler-0007,toolbay-region-0282,姚苌,Yao Cheng,皇帝,384,394
toolbay-region-0282-ruler-0008,toolbay-region-0282,姚兴,Yao Xing,皇帝,394,416
toolbay-region-0282-ruler-0009,toolbay-region-0282,姚泓,Yao Hong,皇帝,416,417
toolbay-region-0283-ruler-0005,toolbay-region-0283,慕容泓,Murong Hong,王,384,385
toolbay-region-0283-ruler-0006,toolbay-region-0283,慕容冲,Murong Chong,王,385,386
toolbay-region-0283-ruler-0007,toolbay-region-0283,慕容永,Murong Yong,王,386,394
toolbay-region-0284-ruler-0007,toolbay-region-0284,慕容垂,Murong Chui,王,384,386
toolbay-region-0284-ruler-0009,toolbay-region-0284,慕容垂,Murong Chui,皇帝,386,396
toolbay-region-0284-ruler-0010,toolbay-region-0284,慕容宝,Murong Bao,皇帝,396,397
toolbay-region-0284-ruler-0011,toolbay-region-0284,慕容麟,Murong Lin,皇帝,397,398
toolbay-region-0284-ruler-0012,toolbay-region-0284,慕容盛,Murong Sheng,皇帝,398,401
toolbay-region-0284-ruler-0013,toolbay-region-0284,慕容熙,Murong Xi,皇帝,401,407
toolbay-region-0284-ruler-0015,toolbay-region-0284,高云,Gao Yun,王,407,409
toolbay-region-0284-ruler-0016,toolbay-region-0284,冯跋,Feng Ba,王,409,430
toolbay-region-0284-ruler-0018,toolbay-region-0284,冯弘,Feng Hong,皇帝,430,435
toolbay-region-0284-ruler-0020,toolbay-region-0284,冯弘,Feng Hong,王,435,436
toolbay-region-0285-ruler-0005,toolbay-region-0285,吕光,Lü Guang,皇帝,284,399
toolbay-region-0285-ruler-0006,toolbay-region-0285,吕纂,Lü Shao,皇帝,399,401
toolbay-region-0285-ruler-0007,toolbay-region-0285,吕隆,Lü Long,皇帝,401,403
toolbay-region-0286-ruler-0005,toolbay-region-0286,乞伏国仁,Qifu Guoren,王,385,388
toolbay-region-0286-ruler-0006,toolbay-region-0286,乞伏乾帰,Qifu Gangui,王,388,412
toolbay-region-0286-ruler-0007,toolbay-region-0286,乞伏炽磐,Qifu Chipan,王,412,428
toolbay-region-0286-ruler-0008,toolbay-region-0286,乞伏暮末,Qifu Mumo,王,428,431
toolbay-region-0287-ruler-0015,toolbay-region-0287,拓跋珪,Tuoba Gui,王,386,398
toolbay-region-0287-ruler-0017,toolbay-region-0287,道武帝（拓跋珪）,Daowu (Tuoba Gui),皇帝,398,409
toolbay-region-0287-ruler-0018,toolbay-region-0287,明元帝,Mingyuan,皇帝,409,423
toolbay-region-0287-ruler-0019,toolbay-region-0287,太武帝,Taiwu,皇帝,423,452
toolbay-region-0287-ruler-0020,toolbay-region-0287,文成帝,Wencheng,皇帝,452,465
toolbay-region-0287-ruler-0021,toolbay-region-0287,献文帝,Xianwen,皇帝,465,471
toolbay-region-0287-ruler-0022,toolbay-region-0287,孝文帝,Xiaowen,皇帝,471,499
toolbay-region-0287-ruler-0023,toolbay-region-0287,宣武帝,Xuanwu,皇帝,499,515
toolbay-region-0287-ruler-0024,toolbay-region-0287,孝明帝,Xiaoming,皇帝,515,528
toolbay-region-0287-ruler-0025,toolbay-region-0287,孝荘帝,XiaoZhuang,皇帝,528,530
toolbay-region-0287-ruler-0026,toolbay-region-0287,元晔,Yuan Ye,皇帝,530,531
toolbay-region-0287-ruler-0027,toolbay-region-0287,元朗,Yuan Lang,皇帝,531,532
toolbay-region-0287-ruler-0028,toolbay-region-0287,孝武帝,Xiaowu,皇帝,532,534
toolbay-region-0287-ruler-0029,toolbay-region-0287,文帝,Wen,皇帝,535,551
toolbay-region-0287-ruler-0030,toolbay-region-0287,廃帝（元钦）,Yuan Qin,皇帝,551,554
toolbay-region-0287-ruler-0031,toolbay-region-0287,恭帝,Gong,皇帝,554,556
toolbay-region-0287-ruler-0032,toolbay-region-0287,孝闵帝,Xiaomin,皇帝,556,557
toolbay-region-0287-ruler-0033,toolbay-region-0287,明帝,Ming,皇帝,557,560
toolbay-region-0287-ruler-0034,toolbay-region-0287,武帝,Wu,皇帝,560,578
toolbay-region-0287-ruler-0035,toolbay-region-0287,宣帝,Xuan,皇帝,578,580
toolbay-region-0287-ruler-0036,toolbay-region-0287,静帝,Jing,皇帝,580,581
toolbay-region-0287-ruler-0037,toolbay-region-0287,文帝（杨坚）,Wen (Yang Jian),皇帝,581,604
toolbay-region-0287-ruler-0038,toolbay-region-0287,炀帝,Yang,皇帝,604,617
toolbay-region-0287-ruler-0039,toolbay-region-0287,恭帝,Gong,皇帝,617,618
toolbay-region-0287-ruler-0040,toolbay-region-0287,杨侗,Yang Tong,皇帝,618,619
toolbay-region-0295-ruler-0005,toolbay-region-0295,秃髪乌孤,Tufa Wugu,皇帝,397,399
toolbay-region-0295-ruler-0006,toolbay-region-0295,秃髪利鹿孤,Tufa Lilugu,皇帝,399,402
toolbay-region-0295-ruler-0007,toolbay-region-0295,秃髪傉檀,Tufa Rutan,皇帝,402,414
toolbay-region-0296-ruler-0006,toolbay-region-0296,段业,Duan Ye,王,400,401
toolbay-region-0296-ruler-0008,toolbay-region-0296,沮渠蒙逊,Juqu Mujian,皇帝,401,433
toolbay-region-0296-ruler-0009,toolbay-region-0296,沮渠牧犍,Juqu Mujian,皇帝,433,439
toolbay-region-0297-ruler-0005,toolbay-region-0297,慕容德,Murong De,王,398,400
toolbay-region-0297-ruler-0007,toolbay-region-0297,慕容德,Murong De,皇帝,400,405
toolbay-region-0297-ruler-0008,toolbay-region-0297,慕容超,Murong Chao,皇帝,405,410
toolbay-region-0301-ruler-0005,toolbay-region-0301,李暠,Li Gao,王,401,417
toolbay-region-0301-ruler-0006,toolbay-region-0301,李歆,Li Xin,王,417,420
toolbay-region-0301-ruler-0007,toolbay-region-0301,李恂,Li Xun,王,420,421
toolbay-region-0302-ruler-0005,toolbay-region-0302,谯縦,Qiao Zong,王,405,413
toolbay-region-0303-ruler-0006,toolbay-region-0303,赫连勃勃,Helian Bobo,皇帝,407,425
toolbay-region-0303-ruler-0007,toolbay-region-0303,赫连昌,Helian Chang,皇帝,425,428
toolbay-region-0303-ruler-0008,toolbay-region-0303,赫连定,Helian Ding,皇帝,428,431
toolbay-region-0318-ruler-0005,toolbay-region-0318,阿伏至罗,Āfúzhìluó,领导,487,503
toolbay-region-0318-ruler-0006,toolbay-region-0318,跋利延,Bálìyán,领导,503,505
toolbay-region-0318-ruler-0007,toolbay-region-0318,弥俄突,Mí'étú,领导,505,516
toolbay-region-0322-ruler-0006,toolbay-region-0322,补罗稽舍一世,Pulakesi I,王,543,566
toolbay-region-0322-ruler-0007,toolbay-region-0322,卡尔迪伐摩一世,Kirtivarman I,王,566,597
toolbay-region-0322-ruler-0008,toolbay-region-0322,曼迦莱娑,Mangalesa,王,597,609
toolbay-region-0322-ruler-0009,toolbay-region-0322,补罗稽舍二世,Pulakesi II,王,609,642
toolbay-region-0323-ruler-0007,toolbay-region-0323,超日王一世,Vikramaditya I,王,655,680
toolbay-region-0323-ruler-0008,toolbay-region-0323,温那亚迭多,Vinayaditya,王,680,696
toolbay-region-0323-ruler-0009,toolbay-region-0323,维査亚迭多,Vijayaditya,王,696,733
toolbay-region-0323-ruler-0010,toolbay-region-0323,超日王二世,Vikramaditya II,王,733,746
toolbay-region-0323-ruler-0011,toolbay-region-0323,卡尔迪伐摩二世,Kirtivarman II,王,746,753
toolbay-region-0323-ruler-0012,toolbay-region-0323,Dantidurga,Dantidurga,王,753,756
toolbay-region-0323-ruler-0013,toolbay-region-0323,Krishna I,Krishna I,王,756,774
toolbay-region-0323-ruler-0014,toolbay-region-0323,Govinda II,Govinda II,王,774,780
toolbay-region-0323-ruler-0015,toolbay-region-0323,Dhruva,Dhruva,王,780,793
toolbay-region-0323-ruler-0016,toolbay-region-0323,Govinda II,Govinda II,王,793,814
toolbay-region-0323-ruler-0017,toolbay-region-0323,Amoghavarsha I,Amoghavarsha I,王,814,878
toolbay-region-0323-ruler-0018,toolbay-region-0323,Krishna II,Krishna II,王,878,914
toolbay-region-0323-ruler-0019,toolbay-region-0323,Indra III,Indra III,王,914,929
toolbay-region-0323-ruler-0020,toolbay-region-0323,Amoghavarsha II,Amoghavarsha II,王,929,930
toolbay-region-0323-ruler-0021,toolbay-region-0323,Govinda IV,Govinda IV,王,930,935
toolbay-region-0323-ruler-0022,toolbay-region-0323,Amoghavarsha III,Amoghavarsha III,王,935,939
toolbay-region-0323-ruler-0023,toolbay-region-0323,Krishna III,Krishna III,王,939,967
toolbay-region-0323-ruler-0024,toolbay-region-0323,Khottiga Amoghavarsha,Khottiga Amoghavarsha,王,967,972
toolbay-region-0323-ruler-0025,toolbay-region-0323,Karka II,Karka II,王,972,973
toolbay-region-0323-ruler-0026,toolbay-region-0323,Tailapa II,Tailapa II,王,973,997
toolbay-region-0323-ruler-0027,toolbay-region-0323,Satyasraya,Satyasraya,王,997,1008
toolbay-region-0323-ruler-0028,toolbay-region-0323,Vikramaditya V,Vikramaditya V,王,1008,1015
toolbay-region-0323-ruler-0029,toolbay-region-0323,Jayasimha II,Jayasimha II,王,1015,1042
toolbay-region-0323-ruler-0030,toolbay-region-0323,Somesvara I,Somesvara I,王,1042,1068
toolbay-region-0323-ruler-0031,toolbay-region-0323,Somesvara II,Somesvara II,王,1068,1076
toolbay-region-0323-ruler-0032,toolbay-region-0323,Vikramaditya VI,Vikramaditya VI,王,1076,1126
toolbay-region-0323-ruler-0033,toolbay-region-0323,Somesvara III,Somesvara III,王,1126,1138
toolbay-region-0323-ruler-0034,toolbay-region-0323,Jagadhekamalla II,Jagadhekamalla II,王,1138,1151
toolbay-region-0323-ruler-0035,toolbay-region-0323,Tailapa III,Tailapa III,王,1151,1163
toolbay-region-0323-ruler-0036,toolbay-region-0323,Jagadhekamalla III,Jagadhekamalla III,王,1163,1184
toolbay-region-0323-ruler-0037,toolbay-region-0323,Somesvara IV,Somesvara IV,王,1184,1200
toolbay-region-0337-ruler-0006,toolbay-region-0337,戒日王,Harsha Vardhana,王,610,647
toolbay-region-0338-ruler-0006,toolbay-region-0338,孝静帝,Xiaojing,皇帝,534,550
toolbay-region-0338-ruler-0007,toolbay-region-0338,文宣帝,Wenxuan,皇帝,550,559
toolbay-region-0338-ruler-0008,toolbay-region-0338,廃帝（高殷）,Gao Yin,皇帝,559,560
toolbay-region-0338-ruler-0009,toolbay-region-0338,孝昭帝,Xiaozhao,皇帝,560,561
toolbay-region-0338-ruler-0010,toolbay-region-0338,武成帝,Wucheng,皇帝,561,565
toolbay-region-0338-ruler-0011,toolbay-region-0338,后主（高纬）,Gao Wei,皇帝,565,577
toolbay-region-0338-ruler-0012,toolbay-region-0338,幼主（高恒）,Gao Heng,皇帝,577,578
toolbay-region-0339-ruler-0005,toolbay-region-0339,李南帝,Ly Nam De,王,544,548
toolbay-region-0339-ruler-0006,toolbay-region-0339,李天宝,Ly Thien Bao,王,548,555
toolbay-region-0339-ruler-0007,toolbay-region-0339,赵光复,Trieu Quang Phuc,王,555,570
toolbay-region-0339-ruler-0009,toolbay-region-0339,李南帝,Ly Nam De,皇帝,570,602
toolbay-region-0343-ruler-0006,toolbay-region-0343,伊利可汗（土门）,Yili Khagan (Tumen),可汗,552,553
toolbay-region-0343-ruler-0007,toolbay-region-0343,乙息记可汗,Yixiji Khagan,可汗,553,554
toolbay-region-0343-ruler-0008,toolbay-region-0343,木杆可汗,Mugan Khagan,可汗,554,572
toolbay-region-0343-ruler-0009,toolbay-region-0343,佗鉢可汗,Tuobo Khagan,可汗,572,581
toolbay-region-0343-ruler-0010,toolbay-region-0343,沙鉢略可汗,Shabolue Khagan,可汗,581,587
toolbay-region-0343-ruler-0011,toolbay-region-0343,叶护可汗,Yehu Khagan,可汗,587,588
toolbay-region-0343-ruler-0012,toolbay-region-0343,都蓝可汗,Dulan Khagan,可汗,588,597
toolbay-region-0343-ruler-0013,toolbay-region-0343,啓民可汗,Qimin Khagan,可汗,597,609
toolbay-region-0343-ruler-0014,toolbay-region-0343,始毕可汗,Shibi Khagan,可汗,609,619
toolbay-region-0343-ruler-0015,toolbay-region-0343,处罗可汗,Chuluo Khagan,可汗,619,621
toolbay-region-0343-ruler-0016,toolbay-region-0343,颉利可汗,Jiali Khagan,可汗,621,630
toolbay-region-0344-ruler-0006,toolbay-region-0344,阿史那骨笃禄,Ashina Gudulu,可汗,682,694
toolbay-region-0344-ruler-0007,toolbay-region-0344,迁善可汗,Qapagan,可汗,694,716
toolbay-region-0344-ruler-0008,toolbay-region-0344,毗伽可汗,Bilgä,可汗,716,734
toolbay-region-0344-ruler-0009,toolbay-region-0344,阙特勒,Kul Tigin,可汗,716,731
toolbay-region-0344-ruler-0010,toolbay-region-0344,Yollug,Yollug,可汗,734,744
toolbay-region-0344-ruler-0011,toolbay-region-0344,Icen,Icen,可汗,744,747
toolbay-region-0344-ruler-0012,toolbay-region-0344,Eletmish,Eletmish,可汗,747,759
toolbay-region-0344-ruler-0013,toolbay-region-0344,白眉可汗,Bügü,可汗,759,779
toolbay-region-0348-ruler-0005,toolbay-region-0348,萧詧,Xiao Cha,皇帝,555,562
toolbay-region-0348-ruler-0006,toolbay-region-0348,萧岿,Xiao Kui,皇帝,562,585
toolbay-region-0348-ruler-0007,toolbay-region-0348,萧棕,Xiao Cong,皇帝,585,587
toolbay-region-0350-ruler-0005,toolbay-region-0350,达头可汗,Datou Khan,可汗,575,602
toolbay-region-0350-ruler-0006,toolbay-region-0350,泥利可汗,Nili Khan,可汗,587,588
toolbay-region-0350-ruler-0007,toolbay-region-0350,喝娑那可汗,Heshana Khan,可汗,603,611
toolbay-region-0350-ruler-0008,toolbay-region-0350,射柜可汗,Shekuei Khan,可汗,611,619
toolbay-region-0350-ruler-0009,toolbay-region-0350,统叶护可汗,Tung Yabğu,可汗,619,628
toolbay-region-0350-ruler-0010,toolbay-region-0350,莫贺咄可汗,Yiwu Yabğu,可汗,628,629
toolbay-region-0350-ruler-0011,toolbay-region-0350,肆叶护可汗,肆叶护可汗,可汗,628,632
toolbay-region-0350-ruler-0012,toolbay-region-0350,咄陆可汗,咄陆可汗,可汗,642,643
toolbay-region-0350-ruler-0013,toolbay-region-0350,乙毘射柜可汗,乙毘射柜可汗,可汗,642,651
toolbay-region-0350-ruler-0014,toolbay-region-0350,沙鉢罗可汗,沙鉢罗可汗,可汗,651,657
toolbay-region-0353-ruler-0006,toolbay-region-0353,松赞干布,Songtsen Gampo,王,617,650
toolbay-region-0353-ruler-0007,toolbay-region-0353,共日共赞,Mangsong Mangtsen,王,653,679
toolbay-region-0353-ruler-0008,toolbay-region-0353,杜松芒波杰,Düsong Mangpojé,王,679,704
toolbay-region-0353-ruler-0009,toolbay-region-0353,弃隶宿赞,Mes-ag-tshoms,王,680,743
toolbay-region-0353-ruler-0010,toolbay-region-0353,赤松德赞,Trisong Detsen,王,730,785
toolbay-region-0353-ruler-0011,toolbay-region-0353,木奈赞普,Muné Tsenpo,王,797,800
toolbay-region-0353-ruler-0012,toolbay-region-0353,赤德松赞,Tride Songsten,王,800,815
toolbay-region-0353-ruler-0013,toolbay-region-0353,赤祖德赞,Ralpacan,王,815,838
toolbay-region-0353-ruler-0014,toolbay-region-0353,朗达玛,Glang Darma,王,838,841
toolbay-region-0357-ruler-0014,toolbay-region-0357,李渊,Li Yuan,领导,617,618
toolbay-region-0357-ruler-0016,toolbay-region-0357,高祖（李渊）,Gaozu (Lǐ Yuān),皇帝,618,626
toolbay-region-0357-ruler-0017,toolbay-region-0357,太宗（李世民）,Taizong (Lǐ Shìmín),皇帝,626,649
toolbay-region-0357-ruler-0018,toolbay-region-0357,高宗,Gaozong,皇帝,649,683
toolbay-region-0357-ruler-0019,toolbay-region-0357,中宗,Zhongzong,皇帝,683,684
toolbay-region-0357-ruler-0020,toolbay-region-0357,睿宗,Ruizong,皇帝,684,690
toolbay-region-0357-ruler-0022,toolbay-region-0357,武则天,Wu Zetian,皇帝,690,705
toolbay-region-0357-ruler-0024,toolbay-region-0357,中宗,Zhongzong,皇帝,705,710
toolbay-region-0357-ruler-0025,toolbay-region-0357,睿宗,Ruizong,皇帝,710,712
toolbay-region-0357-ruler-0026,toolbay-region-0357,玄宗,Xuanzong,皇帝,712,756
toolbay-region-0357-ruler-0027,toolbay-region-0357,肃宗,Suzong,皇帝,756,762
toolbay-region-0357-ruler-0028,toolbay-region-0357,代宗,Daizong,皇帝,762,779
toolbay-region-0357-ruler-0029,toolbay-region-0357,德宗,Dezong,皇帝,779,805
toolbay-region-0357-ruler-0030,toolbay-region-0357,宪宗,Xianzong,皇帝,805,820
toolbay-region-0357-ruler-0031,toolbay-region-0357,穆宗,Muzong,皇帝,820,824
toolbay-region-0357-ruler-0032,toolbay-region-0357,敬宗,Jingzong,皇帝,824,826
toolbay-region-0357-ruler-0033,toolbay-region-0357,文宗,Wenzong,皇帝,826,840
toolbay-region-0357-ruler-0034,toolbay-region-0357,武宗,Wuzong,皇帝,840,846
toolbay-region-0357-ruler-0035,toolbay-region-0357,宣宗,Xianzong,皇帝,846,859
toolbay-region-0357-ruler-0036,toolbay-region-0357,懿宗,Yizong,皇帝,859,873
toolbay-region-0357-ruler-0037,toolbay-region-0357,僖宗,Xizong,皇帝,873,888
toolbay-region-0357-ruler-0038,toolbay-region-0357,昭宗,Zhaozong,皇帝,888,904
toolbay-region-0357-ruler-0039,toolbay-region-0357,哀帝,Ai,皇帝,904,907
toolbay-region-0357-ruler-0041,toolbay-region-0357,武照（武则天）,Wu Zhao (Wu Zetian),(实际统治者),655,690
toolbay-region-0359-ruler-0005,toolbay-region-0359,萧铣,Xiao Xi,王,617,618
toolbay-region-0359-ruler-0007,toolbay-region-0359,萧铣,Xiao Xi,皇帝,618,621
toolbay-region-0361-ruler-0006,toolbay-region-0361,窦建德,Dou Jian-De,王,618,621
toolbay-region-0366-ruler-0006,toolbay-region-0366,质多斯那,Mahendravarman,王,600,616
toolbay-region-0366-ruler-0007,toolbay-region-0366,伊奢名先,Isanavarman I,王,616,635
toolbay-region-0366-ruler-0008,toolbay-region-0366,Bhavavarman II,Bhavavarman II,王,635,657
toolbay-region-0366-ruler-0009,toolbay-region-0366,Jayavarman I,Jayavarman I,王,657,681
toolbay-region-0366-ruler-0011,toolbay-region-0366,Jayavedi,Jayavedi,女王,681,713
toolbay-region-0369-ruler-0006,toolbay-region-0369,Shivadeva I,Shivadeva I,马哈拉贾(大王),590,605
toolbay-region-0369-ruler-0007,toolbay-region-0369,Amshuvarmā,Amshuvarmā,马哈拉贾(大王),605,621
toolbay-region-0369-ruler-0008,toolbay-region-0369,Udayadeva,Udayadeva,马哈拉贾(大王),621,622
toolbay-region-0369-ruler-0009,toolbay-region-0369,Dhruvadeva,Dhruvadeva,马哈拉贾(大王),624,626
toolbay-region-0369-ruler-0010,toolbay-region-0369,Bhīmārjunadeva,Bhīmārjunadeva,马哈拉贾(大王),631,633
toolbay-region-0369-ruler-0011,toolbay-region-0369,Visnugupta,Visnugupta,马哈拉贾(大王),653,640
toolbay-region-0369-ruler-0012,toolbay-region-0369,Bhīmārjunadeva,Bhīmārjunadeva,马哈拉贾(大王),640,642
toolbay-region-0369-ruler-0013,toolbay-region-0369,Narendradeva,Narendradeva,马哈拉贾(大王),643,679
toolbay-region-0369-ruler-0014,toolbay-region-0369,Shivadeva II,Shivadeva II,马哈拉贾(大王),694,705
toolbay-region-0369-ruler-0015,toolbay-region-0369,Jayadeva II,Jayadeva II,马哈拉贾(大王),713,733
toolbay-region-0369-ruler-0016,toolbay-region-0369,Shankaradeva II,Shankaradeva II,马哈拉贾(大王),748,750
toolbay-region-0369-ruler-0017,toolbay-region-0369,Mānadeva III,Mānadeva III,马哈拉贾(大王),756,820
toolbay-region-0369-ruler-0018,toolbay-region-0369,Balirāja,Balirāja,马哈拉贾(大王),826,827
toolbay-region-0369-ruler-0019,toolbay-region-0369,Baladeva,Baladeva,马哈拉贾(大王),847,870
toolbay-region-0369-ruler-0020,toolbay-region-0369,Mānadeva IV,Mānadeva IV,马哈拉贾(大王),877,900
toolbay-region-0371-ruler-0005,toolbay-region-0371,Kubja Vishnuvardhana,Kubja Vishnuvardhana,王,624,641
toolbay-region-0371-ruler-0006,toolbay-region-0371,Jayasimha I,Jayasimha I,王,641,673
toolbay-region-0371-ruler-0007,toolbay-region-0371,Vishnuvardhana II,Vishnuvardhana II,王,673,682
toolbay-region-0371-ruler-0008,toolbay-region-0371,Mangi Yuvaraja,Mangi Yuvaraja,王,682,706
toolbay-region-0371-ruler-0009,toolbay-region-0371,Jayasimha II,Jayasimha II,王,706,719
toolbay-region-0371-ruler-0010,toolbay-region-0371,Vishnuvardhana III,Vishnuvardhana III,王,719,755
toolbay-region-0371-ruler-0011,toolbay-region-0371,Vijayaditya I,Vijayaditya I,王,755,772
toolbay-region-0371-ruler-0012,toolbay-region-0371,Vishnuvardhana IV,Vishnuvardhana IV,王,772,808
toolbay-region-0371-ruler-0013,toolbay-region-0371,Vijayaditya II,Vijayaditya II,王,808,847
toolbay-region-0371-ruler-0014,toolbay-region-0371,Vishnuvardhana V,Vishnuvardhana V,王,847,848
toolbay-region-0371-ruler-0015,toolbay-region-0371,Vijayaditya III,Vijayaditya III,王,848,892
toolbay-region-0371-ruler-0016,toolbay-region-0371,Chalukya Bhima I,Chalukya Bhima I,王,892,921
toolbay-region-0371-ruler-0017,toolbay-region-0371,Amma I,Amma I,王,921,927
toolbay-region-0371-ruler-0018,toolbay-region-0371,Vikramaditya II,Vikramaditya II,王,927,928
toolbay-region-0371-ruler-0019,toolbay-region-0371,Yuddamalla II,Yuddamalla II,王,928,935
toolbay-region-0371-ruler-0020,toolbay-region-0371,Chalukya Bhima II,Chalukya Bhima II,王,935,947
toolbay-region-0371-ruler-0021,toolbay-region-0371,Amma II,Amma II,王,947,970
toolbay-region-0371-ruler-0022,toolbay-region-0371,Danamava,Danamava,王,970,973
toolbay-region-0383-ruler-0007,toolbay-region-0383,大祚栄,Dà Zuò-róng,王,698,719
toolbay-region-0383-ruler-0008,toolbay-region-0383,大武芸,Dà Wǔ-yì,王,719,737
toolbay-region-0383-ruler-0009,toolbay-region-0383,大钦茂,Dà Qīn-mào,王,737,793
toolbay-region-0383-ruler-0010,toolbay-region-0383,大元义,Dà Yuán-yì,王,793,794
toolbay-region-0383-ruler-0011,toolbay-region-0383,大嵩璘,Dà Sōng-lín,王,794,808
toolbay-region-0383-ruler-0012,toolbay-region-0383,大元瑜,Dà Yuán-yú,王,808,812
toolbay-region-0383-ruler-0013,toolbay-region-0383,大言义,Dà Yán-yì,王,812,817
toolbay-region-0383-ruler-0014,toolbay-region-0383,大明忠,Dà Míng-zhōng,王,817,818
toolbay-region-0383-ruler-0015,toolbay-region-0383,大仁秀,Dà Rén-xiù,王,818,830
toolbay-region-0383-ruler-0016,toolbay-region-0383,大彝震,Dà Yí-zhèn,王,830,857
toolbay-region-0383-ruler-0017,toolbay-region-0383,大虔晃,Dà Qián-huǎng,王,857,871
toolbay-region-0383-ruler-0018,toolbay-region-0383,大玄锡,Dà Xuán-xí,王,871,895
toolbay-region-0383-ruler-0019,toolbay-region-0383,大玮瑎,Dà Wěi-jiē,王,895,906
toolbay-region-0383-ruler-0020,toolbay-region-0383,大諲譔,Dà Yīn-zhuàn,王,906,926
toolbay-region-0396-ruler-0009,toolbay-region-0396,皮罗阁,Piluoge,王,728,748
toolbay-region-0396-ruler-0010,toolbay-region-0396,阁罗凤,阁罗凤,王,748,751
toolbay-region-0396-ruler-0011,toolbay-region-0396,异牟寻,异牟寻,王,748,779
toolbay-region-0396-ruler-0012,toolbay-region-0396,寻阁劝,寻阁劝,王,809,810
toolbay-region-0396-ruler-0013,toolbay-region-0396,劝竜晟,劝竜晟,王,810,816
toolbay-region-0396-ruler-0014,toolbay-region-0396,劝利晟,劝利晟,王,816,823
toolbay-region-0396-ruler-0015,toolbay-region-0396,劝豊右,劝豊右,王,823,860
toolbay-region-0396-ruler-0016,toolbay-region-0396,世隆,世隆,王,860,878
toolbay-region-0396-ruler-0017,toolbay-region-0396,隆舜,隆舜,王,878,897
toolbay-region-0396-ruler-0018,toolbay-region-0396,舜化贞,舜化贞,王,897,902
toolbay-region-0396-ruler-0019,toolbay-region-0396,段思平,Duan Si-bing,王,937,944
toolbay-region-0396-ruler-0020,toolbay-region-0396,段思英,Duan Si-ying,王,944,945
toolbay-region-0396-ruler-0021,toolbay-region-0396,段思良,Duan Si-liang,王,945,951
toolbay-region-0396-ruler-0022,toolbay-region-0396,段思聡,Duan Si-cong,王,951,969
toolbay-region-0396-ruler-0023,toolbay-region-0396,段素顺,Duan Su-shun,王,969,986
toolbay-region-0396-ruler-0024,toolbay-region-0396,段素英,Duan Su-yin,王,986,1009
toolbay-region-0396-ruler-0025,toolbay-region-0396,段素廉,Duan Su-lian,王,1009,1022
toolbay-region-0396-ruler-0026,toolbay-region-0396,段素隆,Duan Su-long,王,1022,1026
toolbay-region-0396-ruler-0027,toolbay-region-0396,段素眞,Duan Su-zhen,王,1026,1041
toolbay-region-0396-ruler-0028,toolbay-region-0396,段素兴,Duan Su-xing,王,1041,1044
toolbay-region-0396-ruler-0029,toolbay-region-0396,段思廉,Duan Si-lian,王,1044,1075
toolbay-region-0396-ruler-0030,toolbay-region-0396,段廉义,Duan Lian-yi,王,1075,1080
toolbay-region-0396-ruler-0031,toolbay-region-0396,段寿辉,Duan Shou-hui,王,1080,1082
toolbay-region-0396-ruler-0032,toolbay-region-0396,段正明,Duan Zheng-ming,王,1082,1094
toolbay-region-0396-ruler-0033,toolbay-region-0396,高昇泰,Gao Sheng-tai,王,1094,1095
toolbay-region-0396-ruler-0034,toolbay-region-0396,段正淳,Duan Zheng-chun,王,1095,1108
toolbay-region-0396-ruler-0035,toolbay-region-0396,段誉,Duan Yu,王,1108,1147
toolbay-region-0396-ruler-0036,toolbay-region-0396,段正兴,Duan Zheng-xing,王,1147,1171
toolbay-region-0396-ruler-0037,toolbay-region-0396,段智兴,Duan Zhi-xing,王,1171,1200
toolbay-region-0396-ruler-0038,toolbay-region-0396,段智廉,Duan Zhi-lign,王,1200,1204
toolbay-region-0396-ruler-0039,toolbay-region-0396,段智祥,Duan Zhi-xiang,王,1204,1238
toolbay-region-0396-ruler-0040,toolbay-region-0396,段祥兴,Duan Xiang-xing,王,1238,1251
toolbay-region-0396-ruler-0041,toolbay-region-0396,段兴智,Duan Xing-zhi,王,1238,1253
toolbay-region-0397-ruler-0008,toolbay-region-0397,Qutlugh bilge köl,Qutlugh bilge köl,可汗,744,747
toolbay-region-0397-ruler-0009,toolbay-region-0397,El-etmish bilge (Bayan Chur),El-etmish bilge (Bayan Chur),可汗,747,759
toolbay-region-0397-ruler-0010,toolbay-region-0397,Qutlugh tarqan sengün (Tengri Bögü),Qutlugh tarqan sengün (Tengri Bögü),可汗,759,779
toolbay-region-0397-ruler-0011,toolbay-region-0397,Alp qutlugh bilge,Alp qutlugh bilge,可汗,779,789
toolbay-region-0397-ruler-0012,toolbay-region-0397,Ai tengride bulmïsh külüg bilge,Ai tengride bulmïsh külüg bilge,可汗,789,790
toolbay-region-0397-ruler-0013,toolbay-region-0397,Qutlugh bilge,Qutlugh bilge,可汗,790,795
toolbay-region-0397-ruler-0014,toolbay-region-0397,Ai tengride ülüg bulmïsh alp qutlugh ulugh bilge,Ai tengride ülüg bulmïsh alp qutlugh ulugh bilge,可汗,795,808
toolbay-region-0397-ruler-0015,toolbay-region-0397,Ai tengride qut bulmïsh külüg bilge,Ai tengride qut bulmïsh külüg bilge,可汗,808,821
toolbay-region-0397-ruler-0016,toolbay-region-0397,Kün tengride ülüg bulmïsh alp küchlüg bilge,Kün tengride ülüg bulmïsh alp küchlüg bilge,可汗,821,824
toolbay-region-0397-ruler-0017,toolbay-region-0397,Ai tengride qut bulmïsh alp bilge,Ai tengride qut bulmïsh alp bilge,可汗,824,832
toolbay-region-0397-ruler-0018,toolbay-region-0397,Ai tengride qut bulmïsh alp külüg bilge,Ai tengride qut bulmïsh alp külüg bilge,可汗,832,839
toolbay-region-0397-ruler-0019,toolbay-region-0397,Kürebir,Kürebir,可汗,839,841
toolbay-region-0397-ruler-0020,toolbay-region-0397,Öge,Öge,可汗,841,847
toolbay-region-0404-ruler-0005,toolbay-region-0404,Arikesari Parankusa Maravarman Rajasinga,Arikesari Parankusa Maravarman Rajasinga,王,730,765
toolbay-region-0404-ruler-0006,toolbay-region-0404,Parantaka Nedunjadaiyan,Parantaka Nedunjadaiyan,王,765,790
toolbay-region-0404-ruler-0007,toolbay-region-0404,Rasasingan II,Rasasingan II,王,790,800
toolbay-region-0404-ruler-0008,toolbay-region-0404,Varagunan I,Varagunan I,王,800,830
toolbay-region-0404-ruler-0009,toolbay-region-0404,Sirmara Srivallabha,Sirmara Srivallabha,王,830,862
toolbay-region-0404-ruler-0010,toolbay-region-0404,Parantaka Viranarayana,Parantaka Viranarayana,王,862,905
toolbay-region-0404-ruler-0011,toolbay-region-0404,Rajasimha III,Rajasimha III,王,905,920
toolbay-region-0405-ruler-0005,toolbay-region-0405,安禄山,An Lu-shan,皇帝,756,757
toolbay-region-0405-ruler-0006,toolbay-region-0405,安庆绪,An Quing-xu,皇帝,757,759
toolbay-region-0405-ruler-0007,toolbay-region-0405,史思明,Shi Si-ming,皇帝,759,761
toolbay-region-0405-ruler-0008,toolbay-region-0405,史朝义,Shi Chao-yi,皇帝,761,763
toolbay-region-0408-ruler-0006,toolbay-region-0408,Gopala I,Gopala I,王,750,770
toolbay-region-0408-ruler-0007,toolbay-region-0408,Dharmapala,Dharmapala,王,770,810
toolbay-region-0408-ruler-0008,toolbay-region-0408,Devapala,Devapala,王,810,850
toolbay-region-0408-ruler-0009,toolbay-region-0408,Shurapala I,Shurapala I,王,850,854
toolbay-region-0408-ruler-0010,toolbay-region-0408,Mahendrapala,Mahendrapala,王,850,854
toolbay-region-0408-ruler-0011,toolbay-region-0408,Vigrahapala I,Vigrahapala I,王,854,855
toolbay-region-0408-ruler-0012,toolbay-region-0408,Narayanapala,Narayanapala,王,855,908
toolbay-region-0408-ruler-0013,toolbay-region-0408,Rajyapala,Rajyapala,王,908,940
toolbay-region-0408-ruler-0014,toolbay-region-0408,Gopala II,Gopala II,王,940,960
toolbay-region-0408-ruler-0015,toolbay-region-0408,Vigrahapala II,Vigrahapala II,王,960,988
toolbay-region-0408-ruler-0016,toolbay-region-0408,Mahipala I,Mahipala I,王,988,1038
toolbay-region-0408-ruler-0017,toolbay-region-0408,Nayapala,Nayapala,王,1038,1055
toolbay-region-0408-ruler-0018,toolbay-region-0408,Vigrahapala III,Vigrahapala III,王,1055,1070
toolbay-region-0408-ruler-0019,toolbay-region-0408,Mahipala II,Mahipala II,王,1070,1075
toolbay-region-0408-ruler-0020,toolbay-region-0408,Shurapala II,Shurapala II,王,1075,1077
toolbay-region-0408-ruler-0021,toolbay-region-0408,Ramapala,Ramapala,王,1077,1130
toolbay-region-0408-ruler-0022,toolbay-region-0408,Kumarapala,Kumarapala,王,1130,1140
toolbay-region-0408-ruler-0023,toolbay-region-0408,Gopala III,Gopala III,王,1140,1144
toolbay-region-0408-ruler-0024,toolbay-region-0408,Madanapala,Madanapala,王,1144,1162
toolbay-region-0408-ruler-0025,toolbay-region-0408,Govindapala,Govindapala,王,1162,1174
toolbay-region-0409-ruler-0005,toolbay-region-0409,Nagabhata I,Nagabhata I,王,750,780
toolbay-region-0409-ruler-0006,toolbay-region-0409,Vatsaraj,Vatsaraj,王,780,800
toolbay-region-0409-ruler-0007,toolbay-region-0409,Nagabhata II,Nagabhata II,王,800,833
toolbay-region-0409-ruler-0008,toolbay-region-0409,Rambhadra,Rambhadra,王,833,835
toolbay-region-0409-ruler-0009,toolbay-region-0409,Bhoja I,Bhoja I,王,835,890
toolbay-region-0409-ruler-0010,toolbay-region-0409,Mahenderpal I,Mahenderpal I,王,890,910
toolbay-region-0409-ruler-0011,toolbay-region-0409,Bhoja II,Bhoja II,王,910,913
toolbay-region-0409-ruler-0012,toolbay-region-0409,Mahipala I,Mahipala I,王,913,944
toolbay-region-0409-ruler-0013,toolbay-region-0409,Mahenderpal II,Mahenderpal II,王,944,948
toolbay-region-0409-ruler-0014,toolbay-region-0409,Devpala,Devpala,王,948,954
toolbay-region-0409-ruler-0015,toolbay-region-0409,Vijayapala I,Vijayapala I,王,954,955
toolbay-region-0409-ruler-0016,toolbay-region-0409,Mahipala II,Mahipala II,王,955,956
toolbay-region-0409-ruler-0017,toolbay-region-0409,Vijayapala II,Vijayapala II,王,956,960
toolbay-region-0409-ruler-0018,toolbay-region-0409,Rajpala,Rajpala,王,960,1018
toolbay-region-0426-ruler-0005,toolbay-region-0426,闍耶跋摩二世,Jayavarman II,王,802,850
toolbay-region-0426-ruler-0006,toolbay-region-0426,闍耶跋摩三世,Jayavarman III,王,850,877
toolbay-region-0426-ruler-0007,toolbay-region-0426,因陀罗跋摩一世,Indravarman III,王,877,889
toolbay-region-0426-ruler-0008,toolbay-region-0426,耶输跋摩一世,Yasovarman I,王,889,900
toolbay-region-0426-ruler-0009,toolbay-region-0426,喝利沙跋摩一世,Harshavarman I,王,900,925
toolbay-region-0426-ruler-0010,toolbay-region-0426,伊奢那跋摩二世,Isanavarman II,王,925,928
toolbay-region-0426-ruler-0011,toolbay-region-0426,闍耶跋摩四世,Jayavarman IV,王,928,941
toolbay-region-0426-ruler-0012,toolbay-region-0426,喝利沙跋摩二世,Harshavarman II,王,941,944
toolbay-region-0426-ruler-0013,toolbay-region-0426,罗贞陀罗跋摩二世,Rajedravarman II,王,944,968
toolbay-region-0426-ruler-0014,toolbay-region-0426,闍耶跋摩五世,Jayavarman V,王,968,1002
toolbay-region-0426-ruler-0015,toolbay-region-0426,闍耶毗罗跋摩,Jayavirahvarman,王,1002,1006
toolbay-region-0426-ruler-0016,toolbay-region-0426,苏耶跋摩一世,Suryavarman I,王,1006,1050
toolbay-region-0426-ruler-0017,toolbay-region-0426,优陀耶迭多跋摩二世,Udayadityavarman II,王,1050,1066
toolbay-region-0426-ruler-0018,toolbay-region-0426,喝利沙跋摩三世,Harshavarman III,王,1066,1080
toolbay-region-0426-ruler-0019,toolbay-region-0426,闍耶跋摩六世,Jayavarman VI,王,1080,1107
toolbay-region-0426-ruler-0020,toolbay-region-0426,陀罗尼因陀罗跋摩一世,Dharanindravarman I,王,1107,1113
toolbay-region-0426-ruler-0021,toolbay-region-0426,苏耶跋摩二世,Suryavarman II,王,1113,1150
toolbay-region-0426-ruler-0022,toolbay-region-0426,陀罗尼因陀罗跋摩二世,Dharanindravarman II,王,1150,1156
toolbay-region-0426-ruler-0023,toolbay-region-0426,耶输跋摩二世,Yasovarman II,王,1156,1165
toolbay-region-0426-ruler-0024,toolbay-region-0426,特里布婆那迭多跋摩,Tribhuvanidityavarman,王,1162,1177
toolbay-region-0426-ruler-0025,toolbay-region-0426,闍耶跋摩七世,Jayavarman VII,王,1181,1218
toolbay-region-0426-ruler-0026,toolbay-region-0426,因陀罗跋摩三世,Indravarman III,王,1218,1243
toolbay-region-0426-ruler-0027,toolbay-region-0426,闍耶跋摩八世,Jayavarman VIII,王,1243,1295
toolbay-region-0426-ruler-0028,toolbay-region-0426,因陀罗跋摩三世,Indravarman III,王,1295,1307
toolbay-region-0426-ruler-0029,toolbay-region-0426,Srei Jayavarman,Srei Jayavarman,王,1307,1327
toolbay-region-0426-ruler-0030,toolbay-region-0426,闍耶跋摩九世,Jayavarman IX,王,1327,1336
toolbay-region-0426-ruler-0031,toolbay-region-0426,Trosok Peam,Trosok Peam,王,1336,1340
toolbay-region-0426-ruler-0032,toolbay-region-0426,Nippean Bat,Nippean Bat,王,1340,1346
toolbay-region-0426-ruler-0033,toolbay-region-0426,Lompong Racha,Lompong Racha,王,1346,1351
toolbay-region-0426-ruler-0034,toolbay-region-0426,Soryavong,Soryavong,王,1357,1363
toolbay-region-0426-ruler-0035,toolbay-region-0426,Borommaracha I,Borommaracha I,王,1363,1373
toolbay-region-0426-ruler-0036,toolbay-region-0426,Thomma Saok,Thomma Saok,王,1373,1393
toolbay-region-0427-ruler-0009,toolbay-region-0427,哲塔二世,Chey Chettha II,国王,1618,1629
toolbay-region-0427-ruler-0010,toolbay-region-0427,Thommaracha II (Ponhea To),Thommaracha II (Ponhea To),国王,1629,1634
toolbay-region-0427-ruler-0011,toolbay-region-0427,Botomaracha I,Botomaracha I,国王,1639,1641
toolbay-region-0427-ruler-0012,toolbay-region-0427,Botomaracha II (Ang Chan),Botomaracha II (Ang Chan),国王,1641,1659
toolbay-region-0427-ruler-0013,toolbay-region-0427,Boromaracha III,Boromaracha III,国王,1659,1672
toolbay-region-0427-ruler-0014,toolbay-region-0427,哲塔三世,Chey Chettha III,国王,1672,1673
toolbay-region-0427-ruler-0015,toolbay-region-0427,Ang Chee,Ang Chee,国王,1673,1675
toolbay-region-0427-ruler-0016,toolbay-region-0427,哲塔四世,Chey Chettha IV,国王,1675,1695
toolbay-region-0427-ruler-0017,toolbay-region-0427,Ang Yong,Ang Yong,国王,1695,1696
toolbay-region-0427-ruler-0018,toolbay-region-0427,哲塔四世,Chey Chettha IV,国王,1696,1699
toolbay-region-0427-ruler-0019,toolbay-region-0427,安恩,Ang Em,国王,1699,1700
toolbay-region-0427-ruler-0020,toolbay-region-0427,哲塔四世,Chey Chettha IV,国王,1700,1702
toolbay-region-0427-ruler-0021,toolbay-region-0427,Thommaracha II,Thommaracha II,国王,1702,1703
toolbay-region-0427-ruler-0022,toolbay-region-0427,哲塔四世,Chey Chettha IV,国王,1703,1706
toolbay-region-0427-ruler-0023,toolbay-region-0427,Thommaracha II,Thommaracha II,国王,1706,1710
toolbay-region-0427-ruler-0024,toolbay-region-0427,安恩,Ang Em,国王,1710,1722
toolbay-region-0427-ruler-0025,toolbay-region-0427,Satha II,Satha II,国王,1722,1729
toolbay-region-0427-ruler-0026,toolbay-region-0427,Thommaracha II,Thommaracha II,国王,1738,1747
toolbay-region-0427-ruler-0027,toolbay-region-0427,安东,Ang Tong,国王,1747,1749
toolbay-region-0427-ruler-0028,toolbay-region-0427,哲塔五世,Chey Chettha V,国王,1749,1756
toolbay-region-0427-ruler-0029,toolbay-region-0427,安东,Ang Tong,国王,1756,1758
toolbay-region-0427-ruler-0030,toolbay-region-0427,Narayanaracha II,Narayanaracha II,国王,1758,1775
toolbay-region-0427-ruler-0031,toolbay-region-0427,Ang Nun III,Ang Nun III,国王,1775,1779
toolbay-region-0427-ruler-0032,toolbay-region-0427,Narayanaracha II,Narayanaracha II,国王,1779,1796
toolbay-region-0427-ruler-0033,toolbay-region-0427,Ottey Racha,Ottey Racha,国王,1796,1834
toolbay-region-0427-ruler-0035,toolbay-region-0427,Ang Mey,Ang Mey,女王,1834,1840
toolbay-region-0427-ruler-0037,toolbay-region-0427,安东,Ang Duong,国王,1840,1860
toolbay-region-0427-ruler-0038,toolbay-region-0427,诺罗敦・安・吴哥,Norodom I,国王,1860,1904
toolbay-region-0427-ruler-0039,toolbay-region-0427,西索瓦,Sisowath,国王,1904,1927
toolbay-region-0427-ruler-0040,toolbay-region-0427,西索瓦・莫尼旺,Sisowath Monivong,国王,1927,1941
toolbay-region-0427-ruler-0041,toolbay-region-0427,诺罗敦・西哈努克,Norodom Sihanouk,国王,1941,1946
toolbay-region-0427-ruler-0043,toolbay-region-0427,Douglas Gracey,Douglas Gracey,最高司令官,1945,1946
toolbay-region-0428-ruler-0014,toolbay-region-0428,诺罗敦・西哈努克,Norodom Sihanouk,国王,1949,1953
toolbay-region-0428-ruler-0016,toolbay-region-0428,诺罗敦・西哈努克,Norodom Sihanouk,国家元首,1953,1970
toolbay-region-0428-ruler-0017,toolbay-region-0428,Cheng Heng,Cheng Heng,国家元首,1970,1972
toolbay-region-0428-ruler-0019,toolbay-region-0428,朗诺,Lon Nol,总统,1972,1975
toolbay-region-0428-ruler-0021,toolbay-region-0428,诺罗敦・西哈努克,Norodom Sihanouk,国家元首,1975,1976
toolbay-region-0428-ruler-0022,toolbay-region-0428,乔森潘,Khieu Samphan,国家元首,1976,1979
toolbay-region-0428-ruler-0024,toolbay-region-0428,韩桑林,Heng Samrin,President of the People's Revolutionary Council,1979,1991
toolbay-region-0428-ruler-0026,toolbay-region-0428,诺罗敦・西哈努克,Norodom Sihanouk,Chairman of the Supreme National Council,1991,1993
toolbay-region-0428-ruler-0028,toolbay-region-0428,诺罗敦・西哈努克,Norodom Sihanouk,国王,1993,2004
toolbay-region-0428-ruler-0029,toolbay-region-0428,诺罗敦・西哈莫尼,Norodom Sihamoni,国王,2004,9999
toolbay-region-0428-ruler-0031,toolbay-region-0428,Pho Proeung,Pho Proeung,首相,1960,1961
toolbay-region-0428-ruler-0032,toolbay-region-0428,诺罗敦・西哈努克,Norodom Sihanouk,首相,1961,1962
toolbay-region-0428-ruler-0033,toolbay-region-0428,Prince Norodom Kantol,Prince Norodom Kantol,首相,1962,1966
toolbay-region-0428-ruler-0034,toolbay-region-0428,朗诺,Lon Nol,首相,1966,1967
toolbay-region-0428-ruler-0035,toolbay-region-0428,Son Sann,Son Sann,首相,1967,1968
toolbay-region-0428-ruler-0036,toolbay-region-0428,宾努亲王,Samdech Penn Nouth,首相,1968,1969
toolbay-region-0428-ruler-0037,toolbay-region-0428,朗诺,Lon Nol,首相,1969,1972
toolbay-region-0428-ruler-0038,toolbay-region-0428,Hang Thun Hak,Hang Thun Hak,首相,1972,1973
toolbay-region-0428-ruler-0039,toolbay-region-0428,Long Boret,Long Boret,首相,1973,1975
toolbay-region-0428-ruler-0040,toolbay-region-0428,宾努亲王,Samdech Penn Nouth,首相,1975,1976
toolbay-region-0428-ruler-0041,toolbay-region-0428,波尔布特,Saloth Sar (Pol Pot),首相,1976,1979
toolbay-region-0428-ruler-0042,toolbay-region-0428,谢辛,Chan Sy,首相,1981,1985
toolbay-region-0428-ruler-0043,toolbay-region-0428,洪森（云升）,Samdech Hun Sen,首相,1985,1993
toolbay-region-0428-ruler-0045,toolbay-region-0428,诺罗敦・拉那烈,Norodom Ranariddh,第一首相,1993,1997
toolbay-region-0428-ruler-0046,toolbay-region-0428,翁霍,Ung Huot,第一首相,1997,1998
toolbay-region-0428-ruler-0048,toolbay-region-0428,洪森（云升）,Samdech Hun Sen,第二首相,1993,1998
toolbay-region-0428-ruler-0050,toolbay-region-0428,洪森（云升）,Samdech Hun Sen,首相,1998,9999
toolbay-region-0430-ruler-0005,toolbay-region-0430,塔赫尔・本・侯赛因,Tahir ibn Husayn,领导,821,822
toolbay-region-0430-ruler-0006,toolbay-region-0430,Talha ibn Tahir,Talha ibn Tahir,领导,822,828
toolbay-region-0430-ruler-0007,toolbay-region-0430,Abdullah ibn Tahir,Abdullah ibn Tahir,领导,828,845
toolbay-region-0430-ruler-0008,toolbay-region-0430,Tahir ibn Abdullah,Tahir ibn Abdullah,领导,845,862
toolbay-region-0430-ruler-0009,toolbay-region-0430,穆罕默德・本・塔赫尔,Muhammad ibn Tahir,领导,862,873
toolbay-region-0432-ruler-0009,toolbay-region-0432,毗闍耶罗耶,Vijayalaya,王,848,871
toolbay-region-0432-ruler-0010,toolbay-region-0432,阿迭多一世,Aditya I,王,871,907
toolbay-region-0432-ruler-0011,toolbay-region-0432,波阑陀迦,Parantaka I,王,907,950
toolbay-region-0432-ruler-0012,toolbay-region-0432,健陀罗阿迭多,Gandaraditya,王,950,956
toolbay-region-0432-ruler-0013,toolbay-region-0432,Arinjaya,Arinjaya,王,956,957
toolbay-region-0432-ruler-0014,toolbay-region-0432,Sundara,Sundara,王,957,970
toolbay-region-0432-ruler-0015,toolbay-region-0432,Uttama,Uttama,王,970,985
toolbay-region-0432-ruler-0016,toolbay-region-0432,罗闍罗闍一世,Rajaraja I,王,985,1014
toolbay-region-0432-ruler-0017,toolbay-region-0432,罗金陀罗一世,Rajendra I,王,1014,1044
toolbay-region-0432-ruler-0018,toolbay-region-0432,Rajadhiraja,Rajadhiraja,王,1018,1054
toolbay-region-0432-ruler-0019,toolbay-region-0432,罗金陀罗二世,Rajendra II,王,1051,1063
toolbay-region-0432-ruler-0020,toolbay-region-0432,毗罗罗金陀罗,Virarajendra,王,1063,1070
toolbay-region-0432-ruler-0021,toolbay-region-0432,Athirajendra,Athirajendra,王,1063,1070
toolbay-region-0432-ruler-0022,toolbay-region-0432,Kulothunga Chola I,Kulothunga Chola I,王,1070,1118
toolbay-region-0432-ruler-0023,toolbay-region-0432,Vikrama,Vikrama,王,1118,1133
toolbay-region-0432-ruler-0024,toolbay-region-0432,Kulothunga Chola II,Kulothunga Chola II,王,1133,1146
toolbay-region-0432-ruler-0025,toolbay-region-0432,罗闍罗闍二世,Rajaraja II,王,1146,1163
toolbay-region-0432-ruler-0026,toolbay-region-0432,Rajadhiraja II,Rajadhiraja II,王,1163,1178
toolbay-region-0432-ruler-0027,toolbay-region-0432,Kulothunga Chola III,Kulothunga Chola III,王,1178,1216
toolbay-region-0432-ruler-0028,toolbay-region-0432,罗闍罗闍三世,Rajaraja III,王,1216,1256
toolbay-region-0432-ruler-0029,toolbay-region-0432,罗金陀罗三世,Rajendra III,王,1246,1279
toolbay-region-0433-ruler-0008,toolbay-region-0433,王汗,Ong Khan,汗,1196,1203
toolbay-region-0444-ruler-0005,toolbay-region-0444,Ya'qub bin Laith as-Saffar,Ya'qub bin Laith as-Saffar,埃米尔,867,879
toolbay-region-0444-ruler-0006,toolbay-region-0444,Amr bin Laith,Amr bin Laith,埃米尔,879,901
toolbay-region-0444-ruler-0007,toolbay-region-0444,Abu'l-Hasan Tahir,Abu'l-Hasan Tahir,埃米尔,901,908
toolbay-region-0444-ruler-0008,toolbay-region-0444,Al-Laith,Al-Laith,埃米尔,908,910
toolbay-region-0444-ruler-0009,toolbay-region-0444,穆罕默德一世,Mohammed I,埃米尔,910,912
toolbay-region-0444-ruler-0010,toolbay-region-0444,Amr II,Amr II,埃米尔,912,913
toolbay-region-0444-ruler-0011,toolbay-region-0444,艾哈迈德一世,Ahmad I bin Mohammed,埃米尔,922,963
toolbay-region-0444-ruler-0012,toolbay-region-0444,Khalaf I,Khalaf I,埃米尔,963,1003
toolbay-region-0447-ruler-0006,toolbay-region-0447,黄巣,Huang Chao,领导,874,878
toolbay-region-0447-ruler-0008,toolbay-region-0447,黄巣,Huang Chao,皇帝,878,884
toolbay-region-0454-ruler-0012,toolbay-region-0454,朱温,Zhū Wēn,皇帝,907,912
toolbay-region-0454-ruler-0013,toolbay-region-0454,朱友珪,Zhu You-gui,皇帝,912,913
toolbay-region-0454-ruler-0014,toolbay-region-0454,朱填,Zhū Zhèn,皇帝,913,923
toolbay-region-0454-ruler-0015,toolbay-region-0454,李存勗,Lǐ Cún-xù,皇帝,923,926
toolbay-region-0454-ruler-0016,toolbay-region-0454,李嗣源,Lǐ Sì-yuán,皇帝,926,933
toolbay-region-0454-ruler-0017,toolbay-region-0454,李従厚,Lǐ Cóng-hòu,皇帝,933,934
toolbay-region-0454-ruler-0018,toolbay-region-0454,李従珂,Lǐ Cóng-kē ,皇帝,934,936
toolbay-region-0454-ruler-0019,toolbay-region-0454,石敬唐,Shí Jìng-táng,皇帝,936,942
toolbay-region-0454-ruler-0020,toolbay-region-0454,石重贵,Shí Chóng-guì,皇帝,942,947
toolbay-region-0454-ruler-0021,toolbay-region-0454,刘知远,Liǔ Zhī-yuǎn,皇帝,947,948
toolbay-region-0454-ruler-0022,toolbay-region-0454,刘承右,Liǔ Chéng-yòu,皇帝,948,951
toolbay-region-0454-ruler-0023,toolbay-region-0454,郭威,Guo Wei,皇帝,951,954
toolbay-region-0454-ruler-0024,toolbay-region-0454,柴栄,Chai Rong,皇帝,954,959
toolbay-region-0454-ruler-0025,toolbay-region-0454,柴宗训,Chai Zong-xun,皇帝,959,960
toolbay-region-0454-ruler-0026,toolbay-region-0454,赵匡胤,Zhao Kuang-yin,皇帝,960,976
toolbay-region-0454-ruler-0027,toolbay-region-0454,太宗,Taizong,皇帝,976,997
toolbay-region-0454-ruler-0028,toolbay-region-0454,真宗,Zhenzong,皇帝,997,1022
toolbay-region-0454-ruler-0029,toolbay-region-0454,仁宗,Renzong,皇帝,1022,1063
toolbay-region-0454-ruler-0030,toolbay-region-0454,英宗,Yingzong,皇帝,1063,1067
toolbay-region-0454-ruler-0031,toolbay-region-0454,神宗,Shenzong,皇帝,1067,1085
toolbay-region-0454-ruler-0032,toolbay-region-0454,哲宗,Zhezong,皇帝,1085,1100
toolbay-region-0454-ruler-0033,toolbay-region-0454,徽宗,Huizong,皇帝,1100,1125
toolbay-region-0454-ruler-0034,toolbay-region-0454,钦宗,Qinzong,皇帝,1125,1127
toolbay-region-0454-ruler-0035,toolbay-region-0454,高宗,Gaozong,皇帝,1127,1162
toolbay-region-0454-ruler-0036,toolbay-region-0454,孝宗,Xiaozong,皇帝,1162,1189
toolbay-region-0454-ruler-0037,toolbay-region-0454,光宗,Guangzong,皇帝,1189,1194
toolbay-region-0454-ruler-0038,toolbay-region-0454,宁宗,Ningzong,皇帝,1194,1224
toolbay-region-0454-ruler-0039,toolbay-region-0454,理宗,Lizong,皇帝,1224,1264
toolbay-region-0454-ruler-0040,toolbay-region-0454,度宗,Duzong,皇帝,1264,1274
toolbay-region-0454-ruler-0041,toolbay-region-0454,恭帝,Gong,皇帝,1274,1276
toolbay-region-0454-ruler-0042,toolbay-region-0454,端宗,Duanzong,皇帝,1276,1278
toolbay-region-0454-ruler-0043,toolbay-region-0454,赵昺,Zhao Bing,皇帝,1278,1279
toolbay-region-0454-ruler-0045,toolbay-region-0454,秦桧,Qin Hui,宰相,1131,1155
toolbay-region-0454-ruler-0046,toolbay-region-0454,韩侂冑,Han Tuo-zhou,宰相,1194,1207
toolbay-region-0454-ruler-0047,toolbay-region-0454,史弥远,Shi Mi-yuan,宰相,1208,1233
toolbay-region-0454-ruler-0048,toolbay-region-0454,贾似道,Jia Si-dao,宰相,1264,1275
toolbay-region-0454-ruler-0049,toolbay-region-0454,陆秀夫,Lu Xiu-fu,宰相,1278,1279
toolbay-region-0465-ruler-0006,toolbay-region-0465,王建,Wang Jian,领导,891,907
toolbay-region-0465-ruler-0008,toolbay-region-0465,王建,Wang Jian,皇帝,907,918
toolbay-region-0465-ruler-0009,toolbay-region-0465,王衍,Wang Yan,皇帝,918,925
toolbay-region-0466-ruler-0006,toolbay-region-0466,孟知祥,Meng Zhi-xiang,领导,932,934
toolbay-region-0466-ruler-0008,toolbay-region-0466,孟昶,Meng Chang,皇帝,934,965
toolbay-region-0467-ruler-0008,toolbay-region-0467,杨行密,Yáng Xíng-mì,领导,892,902
toolbay-region-0467-ruler-0010,toolbay-region-0467,杨行密,Yáng Xíng-mì,王,902,905
toolbay-region-0467-ruler-0011,toolbay-region-0467,杨渥,Yáng Wò,王,905,908
toolbay-region-0467-ruler-0012,toolbay-region-0467,杨隆演,Yáng Lóng-yǎn,王,908,921
toolbay-region-0467-ruler-0013,toolbay-region-0467,杨溥,Yáng Pǔ,王,921,937
toolbay-region-0467-ruler-0015,toolbay-region-0467,先主（李昪）,Xiān zhǔ(Lǐ Biàn),皇帝,937,943
toolbay-region-0467-ruler-0016,toolbay-region-0467,中主（李璟）,Zhōng zhǔ(Lǐ Jǐng),皇帝,943,961
toolbay-region-0467-ruler-0017,toolbay-region-0467,后主（李煜）,Hòu zhǔ(Lǐ yù),皇帝,961,975
toolbay-region-0468-ruler-0006,toolbay-region-0468,钱鏐,Qián Liú,领导,893,907
toolbay-region-0468-ruler-0008,toolbay-region-0468,钱鏐,Qián Liú,王,907,932
toolbay-region-0468-ruler-0009,toolbay-region-0468,钱元瓘,Qián Yuán-guàn,王,932,941
toolbay-region-0468-ruler-0010,toolbay-region-0468,钱佐,Qián Zuě,王,941,947
toolbay-region-0468-ruler-0011,toolbay-region-0468,钱俶,Qián Chù,王,947,978
toolbay-region-0469-ruler-0005,toolbay-region-0469,王潮,Wang Chiu,王,893,897
toolbay-region-0469-ruler-0006,toolbay-region-0469,王审知,Wang Shen-zhi,王,897,925
toolbay-region-0469-ruler-0007,toolbay-region-0469,王延翰,Wang Yan-han,王,925,926
toolbay-region-0469-ruler-0008,toolbay-region-0469,王延钧,Wang Yan-jun,王,926,935
toolbay-region-0469-ruler-0009,toolbay-region-0469,王继鹏,Wang Ji-peng,王,935,939
toolbay-region-0469-ruler-0010,toolbay-region-0469,王延羲,Wang Yan-xi,王,939,943
toolbay-region-0469-ruler-0011,toolbay-region-0469,王延政,Wang Yan-zheng,王,943,945
toolbay-region-0470-ruler-0007,toolbay-region-0470,马殷,Ma Yin,领导,896,907
toolbay-region-0470-ruler-0009,toolbay-region-0470,马殷,Ma Yin,王,907,930
toolbay-region-0470-ruler-0010,toolbay-region-0470,马希声,Ma Xi-sheng,王,930,932
toolbay-region-0470-ruler-0011,toolbay-region-0470,马希范,Ma Xi-fan,王,932,947
toolbay-region-0470-ruler-0012,toolbay-region-0470,马希广,Ma Xi-guang,王,947,950
toolbay-region-0470-ruler-0013,toolbay-region-0470,马希崇,Ma Xi-chong,王,950,951
toolbay-region-0471-ruler-0006,toolbay-region-0471,甄萱,Gyeon Hwon,领导,892,900
toolbay-region-0471-ruler-0008,toolbay-region-0471,甄萱,Gyeon Hwon,王,900,935
toolbay-region-0471-ruler-0009,toolbay-region-0471,神剣,Sin Geom,王,935,936
toolbay-region-0472-ruler-0012,toolbay-region-0472,弓裔,Gung Ye,领导,899,901
toolbay-region-0472-ruler-0014,toolbay-region-0472,弓裔,Gung Ye,王,901,918
toolbay-region-0472-ruler-0015,toolbay-region-0472,太祖（王建）,Taejo (Wang Geon),王,918,943
toolbay-region-0472-ruler-0016,toolbay-region-0472,惠宗,Hyejong,王,943,945
toolbay-region-0472-ruler-0017,toolbay-region-0472,定宗,Jeongjong,王,945,949
toolbay-region-0472-ruler-0018,toolbay-region-0472,光宗,Gwangjong,王,949,975
toolbay-region-0472-ruler-0019,toolbay-region-0472,景宗,Gyeongjong,王,975,981
toolbay-region-0472-ruler-0020,toolbay-region-0472,成宗,Seongjong,王,981,997
toolbay-region-0472-ruler-0021,toolbay-region-0472,穆宗,Mokjong,王,997,1009
toolbay-region-0472-ruler-0022,toolbay-region-0472,显宗,Hyeonjong,王,1009,1031
toolbay-region-0472-ruler-0023,toolbay-region-0472,德宗,Deokjong,王,1031,1034
toolbay-region-0472-ruler-0024,toolbay-region-0472,靖宗,Jeongjong,王,1034,1046
toolbay-region-0472-ruler-0025,toolbay-region-0472,文宗,Munjong,王,1046,1083
toolbay-region-0472-ruler-0026,toolbay-region-0472,宣宗,Seonjong,王,1083,1094
toolbay-region-0472-ruler-0027,toolbay-region-0472,献宗,Heonjong,王,1094,1095
toolbay-region-0472-ruler-0028,toolbay-region-0472,肃宗,Sukjong,王,1095,1105
toolbay-region-0472-ruler-0029,toolbay-region-0472,睿宗,Yejong,王,1105,1122
toolbay-region-0472-ruler-0030,toolbay-region-0472,仁宗,Injong,王,1122,1146
toolbay-region-0472-ruler-0031,toolbay-region-0472,毅宗,Uijong,王,1146,1170
toolbay-region-0472-ruler-0032,toolbay-region-0472,明宗,Myeongjong,王,1170,1197
toolbay-region-0472-ruler-0033,toolbay-region-0472,神宗,Sinjong,王,1197,1204
toolbay-region-0472-ruler-0034,toolbay-region-0472,熙宗,Huijong,王,1204,1211
toolbay-region-0472-ruler-0035,toolbay-region-0472,康宗,Gangjong,王,1211,1213
toolbay-region-0472-ruler-0036,toolbay-region-0472,高宗,Gojong,王,1213,1260
toolbay-region-0472-ruler-0037,toolbay-region-0472,元宗,Wonjong,王,1260,1274
toolbay-region-0472-ruler-0038,toolbay-region-0472,忠烈王,Chungnyeol,王,1274,1308
toolbay-region-0472-ruler-0039,toolbay-region-0472,忠宣王,Chungseon,王,1308,1313
toolbay-region-0472-ruler-0040,toolbay-region-0472,忠肃王,Chungsuk,王,1313,1330
toolbay-region-0472-ruler-0041,toolbay-region-0472,忠惠王,Chunghye,王,1330,1332
toolbay-region-0472-ruler-0042,toolbay-region-0472,忠肃王,Chungsuk,王,1332,1340
toolbay-region-0472-ruler-0043,toolbay-region-0472,忠惠王,Chunghye,王,1340,1344
toolbay-region-0472-ruler-0044,toolbay-region-0472,忠穆王,Chungmok,王,1344,1348
toolbay-region-0472-ruler-0045,toolbay-region-0472,忠定王,Chungjeong,王,1348,1351
toolbay-region-0472-ruler-0046,toolbay-region-0472,恭愍王,Gongmin,王,1351,1374
toolbay-region-0472-ruler-0047,toolbay-region-0472,禑王,U,王,1374,1388
toolbay-region-0472-ruler-0048,toolbay-region-0472,昌王,Chang,王,1388,1389
toolbay-region-0472-ruler-0049,toolbay-region-0472,恭让王,Gongyang,王,1389,1392
toolbay-region-0472-ruler-0051,toolbay-region-0472,李高,Yi Go,(实际统治者),1170,1171
toolbay-region-0472-ruler-0052,toolbay-region-0472,李义方,Yi Ui-bang,(实际统治者),1171,1174
toolbay-region-0472-ruler-0053,toolbay-region-0472,郑仲夫,郑仲夫,(实际统治者),1174,1179
toolbay-region-0472-ruler-0054,toolbay-region-0472,庆大升,庆大升,(实际统治者),1179,1183
toolbay-region-0472-ruler-0055,toolbay-region-0472,李义旼,Yi Ui-min,(实际统治者),1183,1196
toolbay-region-0472-ruler-0056,toolbay-region-0472,崔忠献,Choe Chung-heon,(实际统治者),1196,1219
toolbay-region-0472-ruler-0057,toolbay-region-0472,崔瑀,Choe U,(实际统治者),1219,1249
toolbay-region-0472-ruler-0058,toolbay-region-0472,崔沆,Choe Hang,(实际统治者),1249,1257
toolbay-region-0472-ruler-0059,toolbay-region-0472,崔{立宜},Choe I,(实际统治者),1257,1258
toolbay-region-0472-ruler-0060,toolbay-region-0472,金俊,Kim Jun,(实际统治者),1260,1268
toolbay-region-0472-ruler-0061,toolbay-region-0472,林衍,林衍,(实际统治者),1268,1270
toolbay-region-0473-ruler-0006,toolbay-region-0473,刘隠,Liu Yin,领导,905,917
toolbay-region-0473-ruler-0008,toolbay-region-0473,刘龑,Liu Yan,皇帝,917,941
toolbay-region-0473-ruler-0009,toolbay-region-0473,刘吩,Liu Fen,皇帝,941,943
toolbay-region-0473-ruler-0010,toolbay-region-0473,刘晟,Liu Cheng,皇帝,943,958
toolbay-region-0473-ruler-0011,toolbay-region-0473,刘鋹,Liu Cheng,皇帝,958,971
toolbay-region-0474-ruler-0011,toolbay-region-0474,吴权,Ngo Quyen,领导,939,944
toolbay-region-0474-ruler-0012,toolbay-region-0474,杨绍洪,Duong Thieu Hong,领导,944,950
toolbay-region-0474-ruler-0013,toolbay-region-0474,吴昌岌,Ngo Xuong Ngap,领导,944,959
toolbay-region-0474-ruler-0014,toolbay-region-0474,吴昌文,Ngo Xuong Van,领导,950,965
toolbay-region-0474-ruler-0016,toolbay-region-0474,丁部领,Dinh Bo Linh,皇帝,970,979
toolbay-region-0474-ruler-0017,toolbay-region-0474,丁璿,Dinh Toan,皇帝,979,980
toolbay-region-0474-ruler-0018,toolbay-region-0474,黎桓,Le Hoan,皇帝,980,1005
toolbay-region-0474-ruler-0019,toolbay-region-0474,黎龙铤,Le Long Dinh,皇帝,1005,1010
toolbay-region-0474-ruler-0020,toolbay-region-0474,李公蕴,Ly Cong Uan,皇帝,1010,1028
toolbay-region-0474-ruler-0021,toolbay-region-0474,李佛玛,Ly Phat Ma,皇帝,1028,1054
toolbay-region-0474-ruler-0022,toolbay-region-0474,李日尊,Ly Nhat Ton,皇帝,1054,1072
toolbay-region-0474-ruler-0023,toolbay-region-0474,李乾德,Ly Can Duc,皇帝,1072,1127
toolbay-region-0474-ruler-0024,toolbay-region-0474,李阳焕,Ly Duong Hoan,皇帝,1128,1138
toolbay-region-0474-ruler-0025,toolbay-region-0474,李天祚,Ly Thien To,皇帝,1138,1175
toolbay-region-0474-ruler-0026,toolbay-region-0474,李龙翰,Ly Long Trat,皇帝,1175,1210
toolbay-region-0474-ruler-0027,toolbay-region-0474,李旵,Ly Sam,皇帝,1211,1224
toolbay-region-0474-ruler-0029,toolbay-region-0474,李昭皇(李佛金),Ly Cheu Hoaang (Ly Phat Kim),皇帝,1224,1225
toolbay-region-0474-ruler-0031,toolbay-region-0474,陈煚,Tran Canh,皇帝,1226,1258
toolbay-region-0474-ruler-0032,toolbay-region-0474,陈晃,Tran Hoang,皇帝,1258,1278
toolbay-region-0474-ruler-0033,toolbay-region-0474,陈昑,Tran Kham,皇帝,1278,1293
toolbay-region-0474-ruler-0034,toolbay-region-0474,陈烇,Tran Thuyen,皇帝,1293,1314
toolbay-region-0474-ruler-0035,toolbay-region-0474,陈奣,Tran Manh,皇帝,1314,1329
toolbay-region-0474-ruler-0036,toolbay-region-0474,陈旺,Tran Voung,皇帝,1329,1341
toolbay-region-0474-ruler-0037,toolbay-region-0474,陈暭,Tran Hao,皇帝,1341,1369
toolbay-region-0474-ruler-0038,toolbay-region-0474,杨日礼,Duong Nhat Le,皇帝,1369,1370
toolbay-region-0474-ruler-0039,toolbay-region-0474,陈暊,Tran Phu,皇帝,1370,1373
toolbay-region-0474-ruler-0040,toolbay-region-0474,陈曔,Tran Kinh,皇帝,1373,1377
toolbay-region-0474-ruler-0041,toolbay-region-0474,陈晛,Tran Hien,皇帝,1377,1388
toolbay-region-0474-ruler-0042,toolbay-region-0474,陈顒,Tran Ngung,皇帝,1388,1398
toolbay-region-0474-ruler-0043,toolbay-region-0474,陈{火安},Tran An,皇帝,1398,1400
toolbay-region-0474-ruler-0044,toolbay-region-0474,胡季犛,Ho Quy Ly,皇帝,1400,1406
toolbay-region-0475-ruler-0010,toolbay-region-0475,太祖（黎利）,Le Loi,皇帝,1428,1434
toolbay-region-0475-ruler-0011,toolbay-region-0475,太宗（黎元龙）,Le Nguyen Long,皇帝,1434,1443
toolbay-region-0475-ruler-0012,toolbay-region-0475,仁宗（黎邦基）,Le Bang Co,皇帝,1443,1459
toolbay-region-0475-ruler-0013,toolbay-region-0475,黎宜民,Le Nghi Dan,皇帝,1459,1497
toolbay-region-0475-ruler-0014,toolbay-region-0475,圣宗（黎思诚）,Le Tu Thanh,皇帝,1497,1504
toolbay-region-0475-ruler-0015,toolbay-region-0475,宪宗（黎晖）,Le Tranh,皇帝,1504,1504
toolbay-region-0475-ruler-0016,toolbay-region-0475,粛宗（黎敬甫）,Le Kinh Phu,皇帝,1504,1505
toolbay-region-0475-ruler-0017,toolbay-region-0475,威穆帝,Uy Muc,皇帝,1505,1510
toolbay-region-0475-ruler-0018,toolbay-region-0475,襄翼帝,Tuong Duc,皇帝,1510,1516
toolbay-region-0475-ruler-0019,toolbay-region-0475,昭宗,Chieu Tong,皇帝,1516,1522
toolbay-region-0475-ruler-0020,toolbay-region-0475,恭皇帝,Cung Hoang,皇帝,1522,1527
toolbay-region-0475-ruler-0021,toolbay-region-0475,莫登庸,Mac Dang Dung,皇帝,1527,1530
toolbay-region-0475-ruler-0022,toolbay-region-0475,莫登嬴,Mac Dang Doanh,皇帝,1530,1541
toolbay-region-0475-ruler-0023,toolbay-region-0475,莫福海,Mac Phuc Hai,皇帝,1541,1546
toolbay-region-0475-ruler-0024,toolbay-region-0475,莫福源,Mac Phuc Nguyen,皇帝,1546,1561
toolbay-region-0475-ruler-0025,toolbay-region-0475,莫茂洽,Mac Mau Hop,皇帝,1561,1592
toolbay-region-0475-ruler-0027,toolbay-region-0475,郑检,Trinh Kiem,郑主,1545,1570
toolbay-region-0475-ruler-0028,toolbay-region-0475,郑桧,Trinh Coi,郑主,1570,1584
toolbay-region-0475-ruler-0029,toolbay-region-0475,郑松,Trinh Tung,郑主,1584,1623
toolbay-region-0475-ruler-0030,toolbay-region-0475,郑梉,Trinh Trang,郑主,1623,1654
toolbay-region-0475-ruler-0031,toolbay-region-0475,郑柞,Trinh Tac,郑主,1654,1682
toolbay-region-0475-ruler-0032,toolbay-region-0475,郑柞,Trinh Can,郑主,1682,1709
toolbay-region-0475-ruler-0033,toolbay-region-0475,郑棡,Trinh Cuong,郑主,1709,1729
toolbay-region-0475-ruler-0034,toolbay-region-0475,郑杠,Trinh Giang,郑主,1729,1740
toolbay-region-0475-ruler-0035,toolbay-region-0475,郑楹,Trinh Doanh,郑主,1740,1767
toolbay-region-0475-ruler-0036,toolbay-region-0475,郑{木森},Trinh Sam,郑主,1767,1782
toolbay-region-0475-ruler-0037,toolbay-region-0475,郑楷,Trinh Khai,郑主,1782,1786
toolbay-region-0476-ruler-0005,toolbay-region-0476,莫敬止,Mac Kinh Chi,皇帝,1592,1593
toolbay-region-0476-ruler-0006,toolbay-region-0476,莫敬恭,Mac Kinh Cung,皇帝,1593,1594
toolbay-region-0476-ruler-0007,toolbay-region-0476,莫敬宽,Mac Kinh Khoan,皇帝,1594,1628
toolbay-region-0476-ruler-0008,toolbay-region-0476,莫敬宇（莫敬完）,Mac Kinh Vu (Mac Kinh Hoan),皇帝,1628,1677
toolbay-region-0477-ruler-0006,toolbay-region-0477,高季兴,Gao Ji-xing,王,907,928
toolbay-region-0477-ruler-0007,toolbay-region-0477,高从诲,Gao Cong-hui,王,928,948
toolbay-region-0477-ruler-0008,toolbay-region-0477,高保融,Gao Bao-rong,王,948,960
toolbay-region-0477-ruler-0009,toolbay-region-0477,高保勗,Gao Bao-xu,王,960,962
toolbay-region-0477-ruler-0010,toolbay-region-0477,高继冲,Gao Ji-chong,王,962,963
toolbay-region-0479-ruler-0007,toolbay-region-0479,太祖（完颜阿骨打）,Tàizǔ (Wányán Āgǔdǎ),皇帝,1115,1123
toolbay-region-0479-ruler-0008,toolbay-region-0479,太宗（完颜吴乞买）,Tàizōng (Wányán Wúqǐmǎi),皇帝,1123,1135
toolbay-region-0479-ruler-0009,toolbay-region-0479,熙宗（完颜合刺）,Xīzōng (Wányán Hélá),皇帝,1135,1149
toolbay-region-0479-ruler-0010,toolbay-region-0479,海陵炀王,Hǎilíngwáng,皇帝,1149,1161
toolbay-region-0479-ruler-0011,toolbay-region-0479,世宗,Shìzōng,皇帝,1161,1189
toolbay-region-0479-ruler-0012,toolbay-region-0479,章宗,Zhāngzōng,皇帝,1189,1208
toolbay-region-0479-ruler-0013,toolbay-region-0479,卫绍王,Wèishàowáng,皇帝,1208,1213
toolbay-region-0479-ruler-0014,toolbay-region-0479,宣宗,Xuānzōng,皇帝,1213,1223
toolbay-region-0479-ruler-0015,toolbay-region-0479,哀宗,Āizōng,皇帝,1223,1234
toolbay-region-0480-ruler-0005,toolbay-region-0480,蒲鲜万奴,Puxian Wannu,天王,1215,1233
toolbay-region-0481-ruler-0005,toolbay-region-0481,耶律留哥,Yelu Liuge,领导,1215,1227
toolbay-region-0490-ruler-0006,toolbay-region-0490,太阳汗,Tayang Khan,汗,1180,1204
toolbay-region-0521-ruler-0005,toolbay-region-0521,李元昊,Lǐ Yuán-hào,皇帝,1038,1048
toolbay-region-0521-ruler-0006,toolbay-region-0521,毅宗,Yìzōng,皇帝,1048,1067
toolbay-region-0521-ruler-0007,toolbay-region-0521,惠宗,Huìzōng,皇帝,1067,1086
toolbay-region-0521-ruler-0008,toolbay-region-0521,崇宗,Chóngzōng,皇帝,1086,1139
toolbay-region-0521-ruler-0009,toolbay-region-0521,仁宗,Rénzōng,皇帝,1139,1193
toolbay-region-0521-ruler-0010,toolbay-region-0521,桓宗,Huánzōng,皇帝,1193,1206
toolbay-region-0521-ruler-0011,toolbay-region-0521,襄宗,Xiāngzōng,皇帝,1206,1211
toolbay-region-0521-ruler-0012,toolbay-region-0521,神宗,Shénzōng,皇帝,1211,1223
toolbay-region-0521-ruler-0013,toolbay-region-0521,献宗,Xiànzōng,皇帝,1223,1226
toolbay-region-0521-ruler-0014,toolbay-region-0521,末主（李睍）,Mòdì (Lǐ Xiàn),皇帝,1226,1227
toolbay-region-0522-ruler-0006,toolbay-region-0522,Bhoja I,Bhoja I,王,1010,1055
toolbay-region-0522-ruler-0007,toolbay-region-0522,Jayasimha I,Jayasimha I,王,1055,1060
toolbay-region-0522-ruler-0008,toolbay-region-0522,Udayaditya,Udayaditya,王,1060,1087
toolbay-region-0522-ruler-0009,toolbay-region-0522,Lakshmanadeva,Lakshmanadeva,王,1087,1097
toolbay-region-0522-ruler-0010,toolbay-region-0522,Naravarman,Naravarman,王,1097,1134
toolbay-region-0522-ruler-0011,toolbay-region-0522,Yasovarman,Yasovarman,王,1134,1142
toolbay-region-0522-ruler-0012,toolbay-region-0522,Jayavarman I,Jayavarman I,王,1142,1160
toolbay-region-0522-ruler-0013,toolbay-region-0522,Vindhyavarman,Vindhyavarman,王,1160,1193
toolbay-region-0522-ruler-0014,toolbay-region-0522,Subhatavarman,Subhatavarman,王,1193,1210
toolbay-region-0522-ruler-0015,toolbay-region-0522,Arjunavarman I,Arjunavarman I,王,1210,1218
toolbay-region-0522-ruler-0016,toolbay-region-0522,Devapala,Devapala,王,1218,1239
toolbay-region-0522-ruler-0017,toolbay-region-0522,Jaitugideva,Jaitugideva,王,1239,1256
toolbay-region-0522-ruler-0018,toolbay-region-0522,Jayavarman II,Jayavarman II,王,1256,1269
toolbay-region-0522-ruler-0019,toolbay-region-0522,Jayasimha II,Jayasimha II,王,1269,1274
toolbay-region-0522-ruler-0020,toolbay-region-0522,Arjunavarman II,Arjunavarman II,王,1274,1283
toolbay-region-0522-ruler-0021,toolbay-region-0522,Bhoja II,Bhoja II,王,1283,1290
toolbay-region-0522-ruler-0022,toolbay-region-0522,Mahlakadeva,Mahlakadeva,王,1290,1305
toolbay-region-0525-ruler-0009,toolbay-region-0525,Ghiyāth al-Dīn Muhammad,Ghiyāth al-Dīn Muhammad,领导,1163,1203
toolbay-region-0525-ruler-0010,toolbay-region-0525,Shihāb al-Dīn Muhammad,Shihāb al-Dīn Muhammad,领导,1173,1206
toolbay-region-0525-ruler-0011,toolbay-region-0525,Ghiyāth al-Dīn Mahmud,Ghiyāth al-Dīn Mahmud,领导,1206,1215
toolbay-region-0537-ruler-0005,toolbay-region-0537,Ahmed Sanjar,Ahmed Sanjar,苏丹,1097,1157
toolbay-region-0544-ruler-0006,toolbay-region-0544,Prola II,Prola II,王,1110,1158
toolbay-region-0544-ruler-0007,toolbay-region-0544,Prataparudra I,Prataparudra I,王,1158,1195
toolbay-region-0544-ruler-0008,toolbay-region-0544,Mahadeva,Mahadeva,王,1195,1199
toolbay-region-0544-ruler-0009,toolbay-region-0544,Ganapati,Ganapati,王,1199,1262
toolbay-region-0544-ruler-0011,toolbay-region-0544,Rani Rudrama Devi,Rani Rudrama Devi,女王,1262,1296
toolbay-region-0544-ruler-0013,toolbay-region-0544,Prataparudra II,Prataparudra II,王,1296,1326
toolbay-region-0545-ruler-0006,toolbay-region-0545,耶律大石,Yelü Dashi,领导,1125,1143
toolbay-region-0545-ruler-0007,toolbay-region-0545,塔不烟,Tabuyan,领导,1143,1150
toolbay-region-0545-ruler-0008,toolbay-region-0545,耶律夷列,Yelü Yilie,领导,1150,1163
toolbay-region-0545-ruler-0009,toolbay-region-0545,耶律普速完,Yelü Pusuwan,领导,1163,1177
toolbay-region-0545-ruler-0010,toolbay-region-0545,耶律直鲁古,Yelü Zhilugu,领导,1177,1211
toolbay-region-0549-ruler-0009,toolbay-region-0549,库特布丁・艾伊拜克,Qutb-ud-din Aybak,苏丹,1206,1210
toolbay-region-0549-ruler-0010,toolbay-region-0549,Aram Shah,Aram Shah,苏丹,1210,1211
toolbay-region-0549-ruler-0011,toolbay-region-0549,舍姆斯丁・伊勒图米什,Shams ud din Iltutmish,苏丹,1211,1236
toolbay-region-0549-ruler-0013,toolbay-region-0549,Raziyyat-ud-din Sultana,Raziyyat-ud-din Sultana,苏丹娜,1236,1240
toolbay-region-0549-ruler-0015,toolbay-region-0549,Muiz ud din Bahram,Muiz ud din Bahram,苏丹,1240,1242
toolbay-region-0549-ruler-0016,toolbay-region-0549,Ala ud din Masud,Ala ud din Masud,苏丹,1242,1246
toolbay-region-0549-ruler-0017,toolbay-region-0549,Nasir ud din Mahmud,Nasir ud din Mahmud,苏丹,1246,1266
toolbay-region-0549-ruler-0018,toolbay-region-0549,吉亚斯丁・巴勒班,Ghiyas ud din Balban,苏丹,1266,1287
toolbay-region-0549-ruler-0019,toolbay-region-0549,Muiz ud din Qaiqabad,Muiz ud din Qaiqabad,苏丹,1287,1290
toolbay-region-0549-ruler-0020,toolbay-region-0549,菲鲁兹・卡尔吉,Jalal ud din Firuz Khilji,苏丹,1290,1296
toolbay-region-0549-ruler-0021,toolbay-region-0549,阿拉鲁丁・卡尔吉,Ala ud din Khilji,苏丹,1296,1316
toolbay-region-0549-ruler-0022,toolbay-region-0549,Qutb ud din Mubarak Shah,Qutb ud din Mubarak Shah,苏丹,1316,1320
toolbay-region-0549-ruler-0024,toolbay-region-0549,Ghiyas ud din Tughluq Shah I,Ghiyas ud din Tughluq Shah I,领导,1320,1321
toolbay-region-0549-ruler-0026,toolbay-region-0549,Ghiyas ud din Tughluq Shah I,Ghiyas ud din Tughluq Shah I,苏丹,1321,1325
toolbay-region-0549-ruler-0027,toolbay-region-0549,Muhammad Shah II,Muhammad Shah II,苏丹,1325,1351
toolbay-region-0549-ruler-0028,toolbay-region-0549,Firuz Shah Tughluq,Firuz Shah Tughluq,苏丹,1351,1388
toolbay-region-0549-ruler-0029,toolbay-region-0549,Ghiyas ud din Tughluq II,Ghiyas ud din Tughluq II,苏丹,1388,1389
toolbay-region-0549-ruler-0030,toolbay-region-0549,Abu Baker,Abu Baker,苏丹,1389,1390
toolbay-region-0549-ruler-0031,toolbay-region-0549,Nasir ud din Muhammad Shah III,Nasir ud din Muhammad Shah III,苏丹,1390,1393
toolbay-region-0556-ruler-0007,toolbay-region-0556,帖木儿,Timur,领导,1370,1405
toolbay-region-0556-ruler-0008,toolbay-region-0556,Khalīl Sultān,Khalīl Sultān,领导,1405,1409
toolbay-region-0556-ruler-0009,toolbay-region-0556,Mohammad Taragai bin Shāhrukh,Mohammad Taragai bin Shāhrukh,领导,1409,1447
toolbay-region-0556-ruler-0010,toolbay-region-0556,Ulugh Beg,Ulugh Beg,领导,1447,1449
toolbay-region-0556-ruler-0011,toolbay-region-0556,'Abd al-Latif,'Abd al-Latif,领导,1449,1450
toolbay-region-0556-ruler-0012,toolbay-region-0556,‘Abdullah,‘Abdullah,领导,1450,1451
toolbay-region-0556-ruler-0013,toolbay-region-0556,Sultān Abu Sa’id,Sultān Abu Sa’id,领导,1451,1469
toolbay-region-0556-ruler-0014,toolbay-region-0556,Sultan Ahmad Mirza,Sultan Ahmad Mirza,领导,1469,1494
toolbay-region-0556-ruler-0015,toolbay-region-0556,Sultan Baysonqor Mirza bin Mahmud Mirza,Sultan Baysonqor Mirza bin Mahmud Mirza,领导,1494,1497
toolbay-region-0556-ruler-0016,toolbay-region-0556,巴布尔,Babur,领导,1497,1498
toolbay-region-0556-ruler-0017,toolbay-region-0556,Sultan Ali bin Mahmud Mirza,Sultan Ali bin Mahmud Mirza,领导,1498,1500
toolbay-region-0557-ruler-0005,toolbay-region-0557,Husayn Bayqarah,Husayn Bayqarah,领导,1469,1506
toolbay-region-0557-ruler-0006,toolbay-region-0557,Badi' al-Zaman,Badi' al-Zaman,领导,1506,1507
toolbay-region-0558-ruler-0011,toolbay-region-0558,穆罕默德,Muhammad Shah,苏丹,1405,1415
toolbay-region-0558-ruler-0012,toolbay-region-0558,Ahmad,Ahmad,苏丹,1415,1425
toolbay-region-0558-ruler-0013,toolbay-region-0558,Sharif Ali,Sharif Ali,苏丹,1425,1433
toolbay-region-0558-ruler-0014,toolbay-region-0558,Sulaiman,Sulaiman,苏丹,1433,1473
toolbay-region-0558-ruler-0015,toolbay-region-0558,Bolkiah,Bolkiah,苏丹,1473,1521
toolbay-region-0558-ruler-0016,toolbay-region-0558,Abdul Kahar,Abdul Kahar,苏丹,1521,1575
toolbay-region-0558-ruler-0017,toolbay-region-0558,Saiful Rijal,Saiful Rijal,苏丹,1575,1600
toolbay-region-0558-ruler-0018,toolbay-region-0558,Shah Berunai,Shah Berunai,苏丹,1600,1605
toolbay-region-0558-ruler-0019,toolbay-region-0558,Hassan,Hassan,苏丹,1605,1619
toolbay-region-0558-ruler-0020,toolbay-region-0558,Abdul Jailul Akbar,Abdul Jailul Akbar,苏丹,1619,1649
toolbay-region-0558-ruler-0021,toolbay-region-0558,Abdul Jailul Jabbar,Abdul Jailul Jabbar,苏丹,1649,1652
toolbay-region-0558-ruler-0022,toolbay-region-0558,穆罕默德・阿里,Muhammad Ali,苏丹,1652,1660
toolbay-region-0558-ruler-0023,toolbay-region-0558,Abdul Mubin,Abdul Mubin,苏丹,1660,1673
toolbay-region-0558-ruler-0024,toolbay-region-0558,Muhyiddin,Muhyiddin,苏丹,1673,1690
toolbay-region-0558-ruler-0025,toolbay-region-0558,Nassaruddin,Nassaruddin,苏丹,1690,1705
toolbay-region-0558-ruler-0026,toolbay-region-0558,Hussin Kamaluddin,Hussin Kamaluddin,苏丹,1705,1730
toolbay-region-0558-ruler-0027,toolbay-region-0558,Muhammad Alauddin,Muhammad Alauddin,苏丹,1730,1745
toolbay-region-0558-ruler-0028,toolbay-region-0558,Omar Ali Saifuddin I,Omar Ali Saifuddin I,苏丹,1762,1795
toolbay-region-0558-ruler-0029,toolbay-region-0558,Muhammad Tajuddin,Muhammad Tajuddin,苏丹,1796,1807
toolbay-region-0558-ruler-0030,toolbay-region-0558,Muhammad Jamalul Alam I,Muhammad Jamalul Alam I,苏丹,1806,1807
toolbay-region-0558-ruler-0031,toolbay-region-0558,Muhammad Kanzul Alam,Muhammad Kanzul Alam,苏丹,1807,1829
toolbay-region-0558-ruler-0032,toolbay-region-0558,Muhammad Alam,Muhammad Alam,苏丹,1825,1828
toolbay-region-0558-ruler-0033,toolbay-region-0558,Omar Ali Saifuddin II,Omar Ali Saifuddin II,苏丹,1829,1852
toolbay-region-0558-ruler-0034,toolbay-region-0558,Abdul Momin,Abdul Momin,苏丹,1852,1885
toolbay-region-0558-ruler-0035,toolbay-region-0558,Hashim Jalilul Alam Aqamaddin,Hashim Jalilul Alam Aqamaddin,苏丹,1885,1906
toolbay-region-0558-ruler-0036,toolbay-region-0558,Muhammad Jamalul Alam II,Muhammad Jamalul Alam II,苏丹,1906,1924
toolbay-region-0558-ruler-0037,toolbay-region-0558,Ahmad Tajuddin,Ahmad Tajuddin,苏丹,1924,1950
toolbay-region-0558-ruler-0038,toolbay-region-0558,奥玛・阿里・赛尔夫汀三世,Omar Ali Saifuddien III,苏丹,1950,1967
toolbay-region-0558-ruler-0039,toolbay-region-0558,哈吉・哈桑纳尔・博尔基亚,Hassanal Bolkiah,苏丹,1967,9999
toolbay-region-0558-ruler-0041,toolbay-region-0558,马场正郎,Baba Masao,第37军司令官,1942,1945
toolbay-region-0559-ruler-0005,toolbay-region-0559,詹姆士・布鲁克,James Brooke,拉者,1841,1868
toolbay-region-0559-ruler-0006,toolbay-region-0559,査尔斯・布鲁克,Charles Anthony Johnson Brooke,拉者,1868,1917
toolbay-region-0559-ruler-0007,toolbay-region-0559,Charles Vyner Brooke,Charles Vyner Brooke,拉者,1917,1946
toolbay-region-0561-ruler-0005,toolbay-region-0561,刘旻,Liu Min,皇帝,951,954
toolbay-region-0561-ruler-0006,toolbay-region-0561,刘承钧,Liu Cheng-jun,皇帝,954,970
toolbay-region-0561-ruler-0007,toolbay-region-0561,刘继元,Liu Ji-yuan,皇帝,970,982
toolbay-region-0562-ruler-0008,toolbay-region-0562,Sebük Tigin (Abu Mansur),Sebük Tigin (Abu Mansur),王,977,997
toolbay-region-0562-ruler-0009,toolbay-region-0562,Ismail,Ismail,王,997,998
toolbay-region-0562-ruler-0010,toolbay-region-0562,Mahmud (Yamin ud-Dawlah),Mahmud (Yamin ud-Dawlah),王,998,1030
toolbay-region-0562-ruler-0011,toolbay-region-0562,Mohammed (Jalal ud-Dawlah),Mohammed (Jalal ud-Dawlah),王,1030,1031
toolbay-region-0562-ruler-0012,toolbay-region-0562,Mas'ud I (Shihab ud-Dawlah),Mas'ud I (Shihab ud-Dawlah),王,1031,1041
toolbay-region-0562-ruler-0013,toolbay-region-0562,Maw'dud (Shihab ud-Dawlah),Maw'dud (Shihab ud-Dawlah),王,1041,1050
toolbay-region-0562-ruler-0014,toolbay-region-0562,Ali (Baha ud-Dawlah),Ali (Baha ud-Dawlah),王,1050,1051
toolbay-region-0562-ruler-0015,toolbay-region-0562,Farrukhzad (Jamal ud-Dawlah),Farrukhzad (Jamal ud-Dawlah),王,1053,1059
toolbay-region-0562-ruler-0016,toolbay-region-0562,Ibrahim (Zahir ud-Dawlah),Ibrahim (Zahir ud-Dawlah),王,1059,1099
toolbay-region-0562-ruler-0017,toolbay-region-0562,Mas'ud III (Ala ud-Dawlah),Mas'ud III (Ala ud-Dawlah),王,1099,1115
toolbay-region-0562-ruler-0018,toolbay-region-0562,Arslan Shah (Sultan ud-Dawlah),Arslan Shah (Sultan ud-Dawlah),王,1115,1118
toolbay-region-0562-ruler-0019,toolbay-region-0562,Bahram Shah (Yamin ud-Dawlah),Bahram Shah (Yamin ud-Dawlah),王,1118,1152
toolbay-region-0562-ruler-0020,toolbay-region-0562,Khusrau Shah (Mu'izz ud-Dawlah),Khusrau Shah (Mu'izz ud-Dawlah),王,1152,1160
toolbay-region-0562-ruler-0021,toolbay-region-0562,Khusrau Malik (Taj ud-Dawlah),Khusrau Malik (Taj ud-Dawlah),王,1160,1187
toolbay-region-0572-ruler-0005,toolbay-region-0572,Hemanta Sen,Hemanta Sen,王,1070,1096
toolbay-region-0572-ruler-0006,toolbay-region-0572,Vijay Sen,Vijay Sen,王,1096,1159
toolbay-region-0572-ruler-0007,toolbay-region-0572,Ballal Sen,Ballal Sen,王,1159,1179
toolbay-region-0572-ruler-0008,toolbay-region-0572,Lakshman Sen,Lakshman Sen,王,1179,1206
toolbay-region-0572-ruler-0009,toolbay-region-0572,Vishvarup Sen,Vishvarup Sen,王,1206,1225
toolbay-region-0572-ruler-0010,toolbay-region-0572,Keshab Sen,Keshab Sen,王,1225,1230
toolbay-region-0574-ruler-0005,toolbay-region-0574,域斯奴核哈拿,Vishnuvardhana,王,1108,1152
toolbay-region-0574-ruler-0006,toolbay-region-0574,拿那森哈一世,Narasimha I,王,1152,1173
toolbay-region-0574-ruler-0007,toolbay-region-0574,域拿・巴拿那二世,Veera Ballala II,王,1173,1220
toolbay-region-0574-ruler-0008,toolbay-region-0574,维拿・拿那森哈二世,Vira Narasimha II,王,1220,1235
toolbay-region-0574-ruler-0009,toolbay-region-0574,维拿・森沙华那,Vira Someshwara,王,1235,1254
toolbay-region-0574-ruler-0010,toolbay-region-0574,拿那森哈三世,Narasimha III,王,1254,1292
toolbay-region-0574-ruler-0011,toolbay-region-0574,域拿・巴拿那三世,Veera Ballala III,王,1292,1310
toolbay-region-0575-ruler-0005,toolbay-region-0575,域拿・巴拿那三世,Veera Ballala III,王,1313,1343
toolbay-region-0580-ruler-0005,toolbay-region-0580,Alexander Krasnoshchyokov,Alexander Krasnoshchyokov,总统,1920,1922
toolbay-region-0582-ruler-0007,toolbay-region-0582,Bhilama V,Bhilama V,王,1185,1193
toolbay-region-0582-ruler-0008,toolbay-region-0582,Jaitugi I,Jaitugi I,王,1191,1200
toolbay-region-0582-ruler-0009,toolbay-region-0582,Singhana,Singhana,王,1200,1247
toolbay-region-0582-ruler-0010,toolbay-region-0582,Krishna,Krishna,王,1247,1261
toolbay-region-0582-ruler-0011,toolbay-region-0582,Mahadeva,Mahadeva,王,1261,1270
toolbay-region-0582-ruler-0012,toolbay-region-0582,Amana,Amana,王,1270,1271
toolbay-region-0582-ruler-0013,toolbay-region-0582,Ramachandra,Ramachandra,王,1271,1311
toolbay-region-0582-ruler-0014,toolbay-region-0582,Halapaladeva,Halapaladeva,王,1311,1317
toolbay-region-0584-ruler-0009,toolbay-region-0584,察合台,Chagatai,汗,1225,1242
toolbay-region-0584-ruler-0010,toolbay-region-0584,哈刺旭烈,Qara Hülëgü,汗,1242,1246
toolbay-region-0584-ruler-0011,toolbay-region-0584,也速蒙哥,Yesü Möngke,汗,1246,1251
toolbay-region-0584-ruler-0012,toolbay-region-0584,木八刺沙,Mubarak Shah,汗,1251,1260
toolbay-region-0584-ruler-0013,toolbay-region-0584,阿鲁忽,Alghu,汗,1260,1266
toolbay-region-0584-ruler-0014,toolbay-region-0584,八刺,Baraq,汗,1266,1271
toolbay-region-0584-ruler-0015,toolbay-region-0584,聂古伯,Negübei,汗,1271,1275
toolbay-region-0584-ruler-0016,toolbay-region-0584,秃里帖木儿,Buqa Temür,汗,1275,1282
toolbay-region-0584-ruler-0017,toolbay-region-0584,笃哇,Duwa,汗,1282,1307
toolbay-region-0584-ruler-0018,toolbay-region-0584,宽闍,Könchek,汗,1307,1308
toolbay-region-0584-ruler-0019,toolbay-region-0584,塔里忽,Taliqu,汗,1308,1309
toolbay-region-0584-ruler-0020,toolbay-region-0584,怯别,Kebek,汗,1309,1310
toolbay-region-0584-ruler-0021,toolbay-region-0584,也先不花一世,Esen Buqa I,汗,1310,1318
toolbay-region-0584-ruler-0022,toolbay-region-0584,怯别,Kebek,汗,1318,1326
toolbay-region-0584-ruler-0023,toolbay-region-0584,燕只吉台,Eljigidey,汗,1326,1329
toolbay-region-0584-ruler-0024,toolbay-region-0584,都来帖木儿,Duwa Temür,汗,1329,1331
toolbay-region-0584-ruler-0025,toolbay-region-0584,答儿麻失里,Tarmashirin,汗,1331,1334
toolbay-region-0584-ruler-0026,toolbay-region-0584,不赞,Buzan,汗,1334,1335
toolbay-region-0584-ruler-0027,toolbay-region-0584,敞失,Changshi,汗,1335,1338
toolbay-region-0584-ruler-0028,toolbay-region-0584,也孙帖木儿,Yesun Temur,汗,1338,1342
toolbay-region-0584-ruler-0029,toolbay-region-0584,麻哈没的,Muhammad I ibn Pulad,汗,1342,1343
toolbay-region-0584-ruler-0030,toolbay-region-0584,合赞算端,Qazan Khan ibn Yasaur,汗,1343,1346
toolbay-region-0584-ruler-0031,toolbay-region-0584,秃忽鲁帖木儿,Tughlugh Timur,汗,1347,1363
toolbay-region-0584-ruler-0032,toolbay-region-0584,也里牙思火者,Ilyas Khoja,汗,1363,1368
toolbay-region-0584-ruler-0033,toolbay-region-0584,哈马鲁丁,Qamar ud-Din,汗,1368,1392
toolbay-region-0584-ruler-0034,toolbay-region-0584,Khidr Khoja,Khidr Khoja,汗,1392,1399
toolbay-region-0584-ruler-0035,toolbay-region-0584,Shams-I-Jahan,Shams-I-Jahan,汗,1399,1408
toolbay-region-0584-ruler-0036,toolbay-region-0584,Muhammad Khan,Muhammad Khan,汗,1408,1415
toolbay-region-0584-ruler-0037,toolbay-region-0584,Naqsh-I-Jahan,Naqsh-I-Jahan,汗,1415,1418
toolbay-region-0584-ruler-0038,toolbay-region-0584,Awais Khan ibn Sher 'Ali,Awais Khan ibn Sher 'Ali,汗,1417,1421
toolbay-region-0584-ruler-0039,toolbay-region-0584,Shir Muhammad ibn Shah Jahan,Shir Muhammad ibn Shah Jahan,汗,1421,1425
toolbay-region-0584-ruler-0040,toolbay-region-0584,Awais Khan ibn Sher 'Ali,Awais Khan ibn Sher 'Ali,汗,1425,1429
toolbay-region-0584-ruler-0041,toolbay-region-0584,Satuq Khan,Satuq Khan,汗,1429,1434
toolbay-region-0584-ruler-0042,toolbay-region-0584,也先不花二世,Esen Buqa II ibn Uwais Khan,汗,1429,1462
toolbay-region-0584-ruler-0043,toolbay-region-0584,Dost Muhammad,Dost Muhammad,汗,1462,1468
toolbay-region-0584-ruler-0044,toolbay-region-0584,Kebek Sultan,Kebek Sultan,汗,1467,1472
toolbay-region-0584-ruler-0045,toolbay-region-0584,Yunus Khan,Yunus Khan,汗,1472,1487
toolbay-region-0584-ruler-0046,toolbay-region-0584,Ahmad Alaq,Ahmad Alaq,汗,1487,1503
toolbay-region-0584-ruler-0047,toolbay-region-0584,Mansur Khan,Mansur Khan,汗,1503,1514
toolbay-region-0584-ruler-0048,toolbay-region-0584,Shah Khan,Shah Khan,汗,1545,1570
toolbay-region-0584-ruler-0049,toolbay-region-0584,Hudabende,Hudabende,汗,1491,1595
toolbay-region-0584-ruler-0050,toolbay-region-0584,Abd ar-Rahim,Abd ar-Rahim,汗,1491,1634
toolbay-region-0584-ruler-0051,toolbay-region-0584,Muhammad Khashim,Muhammad Khashim,汗,1608,1610
toolbay-region-0584-ruler-0052,toolbay-region-0584,Abdallah,Abdallah,汗,1634,1639
toolbay-region-0584-ruler-0053,toolbay-region-0584,Abu'l Muhammad,Abu'l Muhammad,汗,1635,1653
toolbay-region-0584-ruler-0054,toolbay-region-0584,Ibrahim,Ibrahim,汗,1653,1655
toolbay-region-0584-ruler-0055,toolbay-region-0584,Sultan Sa'id Baba Khan,Sultan Sa'id Baba Khan,汗,1655,1680
toolbay-region-0584-ruler-0056,toolbay-region-0584,Abd ar-Rashid Khan,Abd ar-Rashid Khan,汗,1680,1682
toolbay-region-0603-ruler-0009,toolbay-region-0603,铁木真（成吉思汗）,Temjin (Genghis Khan),领导,1204,1206
toolbay-region-0603-ruler-0011,toolbay-region-0603,成吉思汗,Genghis Khan,可汗,1206,1227
toolbay-region-0603-ruler-0013,toolbay-region-0603,拖雷,Tolui,摄政监国,1227,1229
toolbay-region-0603-ruler-0015,toolbay-region-0603,窝阔台,Ögedei,可汗,1229,1241
toolbay-region-0603-ruler-0017,toolbay-region-0603,脱列哥那,Döregene,摄政监国,1241,1246
toolbay-region-0603-ruler-0019,toolbay-region-0603,贵由,Güyük,可汗,1246,1248
toolbay-region-0603-ruler-0021,toolbay-region-0603,斡兀立・海迷失,Oghul Qaimish,摄政监国,1248,1251
toolbay-region-0603-ruler-0023,toolbay-region-0603,蒙哥,Möngke,可汗,1251,1259
toolbay-region-0603-ruler-0024,toolbay-region-0603,忽必烈,Qubilai,可汗,1260,1294
toolbay-region-0603-ruler-0025,toolbay-region-0603,铁穆耳（成宗）,Temür,可汗,1294,1307
toolbay-region-0603-ruler-0026,toolbay-region-0603,海山（武宗）,Qayšan,可汗,1307,1311
toolbay-region-0603-ruler-0027,toolbay-region-0603,爱育黎抜力八达（仁宗）,Ayurbarwada,可汗,1311,1320
toolbay-region-0603-ruler-0028,toolbay-region-0603,硕德八刺（英宗）,Šidebala,可汗,1320,1323
toolbay-region-0603-ruler-0029,toolbay-region-0603,也孙铁木儿（泰定帝）,Yesün-Temür,可汗,1323,1328
toolbay-region-0603-ruler-0030,toolbay-region-0603,图帖睦尔（文宗）,Toq-Temür,可汗,1328,1332
toolbay-region-0603-ruler-0031,toolbay-region-0603,懿璘质班（宁宗）,Irinjibar,可汗,1332,1333
toolbay-region-0603-ruler-0032,toolbay-region-0603,妥懽贴睦尔（顺帝）,Toghun Temür (Ukhaantu Khan),可汗,1333,1370
toolbay-region-0603-ruler-0033,toolbay-region-0603,爱育识里达腊（昭宗）,Ayushiridara,可汗,1370,1378
toolbay-region-0603-ruler-0034,toolbay-region-0603,脱古思铁木儿,Tögüs Temür,可汗,1378,1388
toolbay-region-0603-ruler-0035,toolbay-region-0603,恩克卓里图,Yesüder,可汗,1388,1391
toolbay-region-0603-ruler-0036,toolbay-region-0603,恩克汗,Engke Khan,可汗,1391,1394
toolbay-region-0603-ruler-0037,toolbay-region-0603,额勒伯克汗,Elbeg Nigülesügchi Khan,可汗,1394,1399
toolbay-region-0603-ruler-0038,toolbay-region-0603,坤帖木儿,Gün Temür,可汗,1399,1402
toolbay-region-0603-ruler-0039,toolbay-region-0603,鬼力赤（兀雷帖木儿汗）,Gulichi(Örüg Temür),可汗,1402,1408
toolbay-region-0603-ruler-0040,toolbay-region-0603,本雅失里,Öljei Temür,可汗,1408,1412
toolbay-region-0603-ruler-0041,toolbay-region-0603,答力巴汗,Delbeg Khan,可汗,1412,1415
toolbay-region-0603-ruler-0042,toolbay-region-0603,斡亦刺歹汗,Oyiradai Khan,可汗,1415,1425
toolbay-region-0603-ruler-0043,toolbay-region-0603,阿台汗,Adai Khan,可汗,1425,1438
toolbay-region-0603-ruler-0044,toolbay-region-0603,脱脱不花,Toghtoa Bukha,可汗,1438,1451
toolbay-region-0603-ruler-0045,toolbay-region-0603,也先,Esen,可汗,1451,1455
toolbay-region-0603-ruler-0046,toolbay-region-0603,马儿古儿吉思汗,Markörgis Khan,可汗,1455,1465
toolbay-region-0603-ruler-0047,toolbay-region-0603,脱古思猛可汗,Mulan Khan,可汗,1465,1466
toolbay-region-0605-ruler-0005,toolbay-region-0605,达延汗,Dayan Khan,可汗,1487,1524
toolbay-region-0605-ruler-0006,toolbay-region-0605,博迪阿刺克汗,Bodi Alagh Khan,可汗,1524,1547
toolbay-region-0605-ruler-0007,toolbay-region-0605,Darayisung Gödeng Khan,Darayisung Gödeng Khan,可汗,1551,1557
toolbay-region-0605-ruler-0008,toolbay-region-0605,Tümen Jasagtu Khan,Tümen Jasagtu Khan,可汗,1557,1557
toolbay-region-0605-ruler-0009,toolbay-region-0605,Buyan Sechen Khan,Buyan Sechen Khan,可汗,1592,1603
toolbay-region-0605-ruler-0010,toolbay-region-0605,林丹汗,Ligdan Khan,可汗,1603,1634
toolbay-region-0606-ruler-0005,toolbay-region-0606,Jatavarman Kulasekara,Jatavarman Kulasekara,王,1190,1216
toolbay-region-0606-ruler-0006,toolbay-region-0606,Maravarman Sundara Pandya,Maravarman Sundara Pandya,王,1216,1238
toolbay-region-0606-ruler-0007,toolbay-region-0606,Sundaravaramban Kulasekaran II,Sundaravaramban Kulasekaran II,王,1238,1241
toolbay-region-0606-ruler-0008,toolbay-region-0606,Maaravaramban Sundara Pandiyan II,Maaravaramban Sundara Pandiyan II,王,1241,1251
toolbay-region-0606-ruler-0009,toolbay-region-0606,Jatavarman Sundara Pandyan,Jatavarman Sundara Pandyan,王,1251,1268
toolbay-region-0606-ruler-0010,toolbay-region-0606,Maaravaramban Kulasekara Pandyan I,Maaravaramban Kulasekara Pandyan I,王,1268,1309
toolbay-region-0606-ruler-0011,toolbay-region-0606,Sundara Pandyan IV,Sundara Pandyan IV,王,1309,1327
toolbay-region-0606-ruler-0012,toolbay-region-0606,Vira Pandyan IV,Vira Pandyan IV,王,1309,1345
toolbay-region-0608-ruler-0005,toolbay-region-0608,Kulingai Cakravarti,Kulingai Cakravarti,王,1215,1255
toolbay-region-0608-ruler-0006,toolbay-region-0608,Chandrabhanu,Chandrabhanu,王,1255,1262
toolbay-region-0608-ruler-0007,toolbay-region-0608,Kulasekara Cinkaiariyan,Kulasekara Cinkaiariyan,王,1262,1284
toolbay-region-0608-ruler-0008,toolbay-region-0608,Kulotunga Cinkaiariyan,Kulotunga Cinkaiariyan,王,1284,1292
toolbay-region-0608-ruler-0009,toolbay-region-0608,Vickrama Cinkaiariyan,Vickrama Cinkaiariyan,王,1292,1302
toolbay-region-0608-ruler-0010,toolbay-region-0608,Varodaya Cinkaiariyan,Varodaya Cinkaiariyan,王,1302,1325
toolbay-region-0608-ruler-0011,toolbay-region-0608,Martanda Cinkaiariyan,Martanda Cinkaiariyan,王,1325,1347
toolbay-region-0608-ruler-0012,toolbay-region-0608,Gunabhooshana Cinkaiariyan,Gunabhooshana Cinkaiariyan,王,1347,1360
toolbay-region-0608-ruler-0013,toolbay-region-0608,Virodaya Cinkaiariyan,Virodaya Cinkaiariyan,王,1360,1380
toolbay-region-0608-ruler-0014,toolbay-region-0608,Jeyaveera Cinkaiariyan,Jeyaveera Cinkaiariyan,王,1380,1410
toolbay-region-0608-ruler-0015,toolbay-region-0608,Gunaveera Cinkaiariyan,Gunaveera Cinkaiariyan,王,1410,1440
toolbay-region-0608-ruler-0016,toolbay-region-0608,Kanakasooriya Cinkaiariyan,Kanakasooriya Cinkaiariyan,王,1440,1450
toolbay-region-0609-ruler-0005,toolbay-region-0609,Kanakasooriya Cinkaiariyan,Kanakasooriya Cinkaiariyan,王,1467,1478
toolbay-region-0609-ruler-0006,toolbay-region-0609,Singai Pararasasegaram,Singai Pararasasegaram,王,1478,1519
toolbay-region-0609-ruler-0007,toolbay-region-0609,Cankili I,Cankili I,王,1519,1561
toolbay-region-0609-ruler-0008,toolbay-region-0609,Puviraja Pandaram,Puviraja Pandaram,王,1561,1565
toolbay-region-0609-ruler-0009,toolbay-region-0609,Periyapillai,Periyapillai,王,1565,1582
toolbay-region-0609-ruler-0010,toolbay-region-0609,Puviraja Pandaram,Puviraja Pandaram,王,1582,1591
toolbay-region-0609-ruler-0011,toolbay-region-0609,Ethirimana Cinkam,Ethirimana Cinkam,王,1591,1617
toolbay-region-0609-ruler-0012,toolbay-region-0609,Cankili II,Cankili II,王,1617,1619
toolbay-region-0613-ruler-0007,toolbay-region-0613,Harihara Raya I,Harihara Raya I,王,1336,1356
toolbay-region-0613-ruler-0008,toolbay-region-0613,Bukka Raya I,Bukka Raya I,王,1356,1377
toolbay-region-0613-ruler-0009,toolbay-region-0613,Harihara Raya II,Harihara Raya II,王,1377,1404
toolbay-region-0613-ruler-0010,toolbay-region-0613,Virupaksha Raya,Virupaksha Raya,王,1404,1405
toolbay-region-0613-ruler-0011,toolbay-region-0613,Bukka Raya II,Bukka Raya II,王,1405,1406
toolbay-region-0613-ruler-0012,toolbay-region-0613,Deva Raya I,Deva Raya I,王,1406,1422
toolbay-region-0613-ruler-0013,toolbay-region-0613,Vira Vijaya Bukka Raya,Vira Vijaya Bukka Raya,王,1422,1424
toolbay-region-0613-ruler-0014,toolbay-region-0613,Deva Raya II,Deva Raya II,王,1424,1446
toolbay-region-0613-ruler-0015,toolbay-region-0613,Mallikarjuna Raya,Mallikarjuna Raya,王,1446,1465
toolbay-region-0613-ruler-0016,toolbay-region-0613,Virupaksha Raya II,Virupaksha Raya II,王,1465,1485
toolbay-region-0613-ruler-0017,toolbay-region-0613,Saluva Narasimha Deva Raya,Saluva Narasimha Deva Raya,王,1485,1491
toolbay-region-0613-ruler-0018,toolbay-region-0613,Narasimha Raya II,Narasimha Raya II,王,1491,1505
toolbay-region-0613-ruler-0019,toolbay-region-0613,Tuluva Narasa Nayaka,Tuluva Narasa Nayaka,王,1491,1503
toolbay-region-0613-ruler-0020,toolbay-region-0613,Viranarasimha Raya,Viranarasimha Raya,王,1503,1509
toolbay-region-0613-ruler-0021,toolbay-region-0613,Krishna Deva Raya,Krishna Deva Raya,王,1509,1529
toolbay-region-0613-ruler-0022,toolbay-region-0613,Achyuta Deva Raya,Achyuta Deva Raya,王,1529,1542
toolbay-region-0613-ruler-0023,toolbay-region-0613,Sadashiva Raya,Sadashiva Raya,王,1542,1570
toolbay-region-0613-ruler-0024,toolbay-region-0613,Aliya Rama Raya,Aliya Rama Raya,王,1542,1565
toolbay-region-0613-ruler-0025,toolbay-region-0613,Tirumala Deva Raya,Tirumala Deva Raya,王,1565,1572
toolbay-region-0613-ruler-0026,toolbay-region-0613,Sriranga I,Sriranga I,王,1572,1586
toolbay-region-0613-ruler-0027,toolbay-region-0613,Venkata II,Venkata II,王,1586,1614
toolbay-region-0613-ruler-0028,toolbay-region-0613,Sriranga II,Sriranga II,王,1614,1615
toolbay-region-0613-ruler-0029,toolbay-region-0613,Ramadeva,Ramadeva,王,1617,1621
toolbay-region-0613-ruler-0030,toolbay-region-0613,Venkata III,Venkata III,王,1632,1642
toolbay-region-0613-ruler-0031,toolbay-region-0613,Sriranga III,Sriranga III,王,1642,1646
toolbay-region-0614-ruler-0007,toolbay-region-0614,班孟,Ban Mueang,王,1238,1277
toolbay-region-0614-ruler-0008,toolbay-region-0614,兰甘亨,Ramkhamhaeng,王,1277,1317
toolbay-region-0614-ruler-0009,toolbay-region-0614,Pu Saisongkhram,Pu Saisongkhram,王,1317,1323
toolbay-region-0614-ruler-0010,toolbay-region-0614,卢泰,Loetai,王,1323,1341
toolbay-region-0614-ruler-0011,toolbay-region-0614,Nguanamthom,Nguanamthom,王,1341,1347
toolbay-region-0614-ruler-0012,toolbay-region-0614,卢泰（昙摩罗闍一世）,Loetai (Thammaracha I),王,1347,1368
toolbay-region-0614-ruler-0013,toolbay-region-0614,昙摩罗闍二世,Thammaracha II,王,1368,1399
toolbay-region-0614-ruler-0014,toolbay-region-0614,昙摩罗闍三世,Thammaracha III,王,1399,1419
toolbay-region-0614-ruler-0015,toolbay-region-0614,昙摩罗闍四世,Thammaracha IV,王,1419,1438
toolbay-region-0616-ruler-0007,toolbay-region-0616,阿拉丁・哈桑・巴赫曼沙阿,Aladdin Hassan Bahman Shah,苏丹,1347,1358
toolbay-region-0616-ruler-0008,toolbay-region-0616,穆罕默德沙阿一世,Mohammed Shah I,苏丹,1358,1375
toolbay-region-0616-ruler-0009,toolbay-region-0616,阿拉丁・穆贾希德沙阿,Aladdin Mujahid Shah,苏丹,1375,1378
toolbay-region-0616-ruler-0010,toolbay-region-0616,穆罕默德沙阿二世,Mohammed Shah II,苏丹,1378,1397
toolbay-region-0616-ruler-0011,toolbay-region-0616,塔杰・乌德-丁・菲鲁兹沙阿,Taj ud-Din Firuz Shah,苏丹,1397,1422
toolbay-region-0616-ruler-0012,toolbay-region-0616,艾哈迈德沙阿一世,Ahmad Shah I Wali,苏丹,1422,1436
toolbay-region-0616-ruler-0013,toolbay-region-0616,艾哈迈德沙阿二世,Aladdin Ahmad Shah II,苏丹,1436,1458
toolbay-region-0616-ruler-0014,toolbay-region-0616,阿拉丁・胡马雍・扎利姆沙阿,Aladdin Humayun Zalim Shah,苏丹,1458,1461
toolbay-region-0616-ruler-0015,toolbay-region-0616,尼扎姆沙阿,Nizam Shah,苏丹,1461,1463
toolbay-region-0616-ruler-0016,toolbay-region-0616,穆罕默德沙阿三世,Mohammed Shah III Lashkari,苏丹,1463,1482
toolbay-region-0616-ruler-0017,toolbay-region-0616,优素福・阿迪勒沙阿,Yusuf Adil Shah,苏丹,1490,1510
toolbay-region-0616-ruler-0018,toolbay-region-0616,伊斯梅尔・阿迪勒沙阿,Ismail Adil Shah,苏丹,1510,1534
toolbay-region-0616-ruler-0019,toolbay-region-0616,易卜拉欣・阿迪勒沙阿一世,Ibrahim Adil Shah I,苏丹,1534,1558
toolbay-region-0616-ruler-0020,toolbay-region-0616,阿里・阿迪勒沙阿一世,Ali Adil Shah I,苏丹,1558,1580
toolbay-region-0616-ruler-0021,toolbay-region-0616,易卜拉欣・阿迪勒沙阿二世,Ibrahim Adil Shah II,苏丹,1580,1627
toolbay-region-0616-ruler-0022,toolbay-region-0616,穆罕默德・阿迪勒沙阿,Mohammed Adil Shah,苏丹,1627,1657
toolbay-region-0616-ruler-0023,toolbay-region-0616,阿里・阿迪勒沙阿二世,Ali Adil Shah II,苏丹,1657,1672
toolbay-region-0616-ruler-0024,toolbay-region-0616,西坎达尔・阿迪勒沙阿,Sikandar Adil Shah,苏丹,1672,1686
toolbay-region-0617-ruler-0005,toolbay-region-0617,Sultan Quli Qutb-ul-Mulk,Sultan Quli Qutb-ul-Mulk,领导,1518,1543
toolbay-region-0617-ruler-0006,toolbay-region-0617,Sultan Quli Qutb-ul-Mulk,Sultan Quli Qutb-ul-Mulk,领导,1543,1550
toolbay-region-0617-ruler-0007,toolbay-region-0617,Ibrahim Quli Qutb Shah,Ibrahim Quli Qutb Shah,领导,1550,1580
toolbay-region-0617-ruler-0008,toolbay-region-0617,Muhammad Quli Qutb Shah,Muhammad Quli Qutb Shah,领导,1580,1611
toolbay-region-0617-ruler-0009,toolbay-region-0617,Sultan Muhammad Qutb Shah,Sultan Muhammad Qutb Shah,领导,1611,1625
toolbay-region-0617-ruler-0010,toolbay-region-0617,Abdullah Qutb Shah,Abdullah Qutb Shah,领导,1625,1672
toolbay-region-0617-ruler-0011,toolbay-region-0617,Abul Hasan Qutb Shah,Abul Hasan Qutb Shah,领导,1672,1687
toolbay-region-0618-ruler-0014,toolbay-region-0618,Ramathibodi I,Ramathibodi I,国王,1351,1369
toolbay-region-0618-ruler-0015,toolbay-region-0618,Ramesuan,Ramesuan,国王,1369,1370
toolbay-region-0618-ruler-0016,toolbay-region-0618,Pha Ngua (Borommaracha Thirat I),Pha Ngua (Borommaracha Thirat I),国王,1370,1388
toolbay-region-0618-ruler-0017,toolbay-region-0618,Ramesuan,Ramesuan,国王,1388,1395
toolbay-region-0618-ruler-0018,toolbay-region-0618,Ramracha Thirat,Ramracha Thirat,国王,1395,1409
toolbay-region-0618-ruler-0019,toolbay-region-0618,Nakharinthara Thirat,Nakharinthara Thirat,国王,1409,1424
toolbay-region-0618-ruler-0020,toolbay-region-0618,Sam Phraya,Sam Phraya,国王,1424,1448
toolbay-region-0618-ruler-0021,toolbay-region-0618,Boromma Trailokanat,Boromma Trailokanat,国王,1448,1488
toolbay-region-0618-ruler-0022,toolbay-region-0618,Intha Racha II,Intha Racha II,国王,1488,1491
toolbay-region-0618-ruler-0023,toolbay-region-0618,拉玛帝菩提二世,Ramathibodi II,国王,1491,1529
toolbay-region-0618-ruler-0024,toolbay-region-0618,波隆摩罗闍四世,Nor Phutthangkun (Borommaracha Thirat IV),国王,1529,1533
toolbay-region-0618-ruler-0025,toolbay-region-0618,肋萨达,Ratsadathiratcha Kuman,国王,1533,1534
toolbay-region-0618-ruler-0026,toolbay-region-0618,帕猜罗闍,Chaiya Racha Thirat,国王,1534,1547
toolbay-region-0618-ruler-0027,toolbay-region-0618,盖法,Yot Fa,国王,1547,1548
toolbay-region-0618-ruler-0028,toolbay-region-0618,摩诃・査克腊帕,Phra Maha Chakkraphat,国王,1548,1569
toolbay-region-0618-ruler-0029,toolbay-region-0618,摩诃・达摩罗闍,Maha Thammaracha (Sanpet I),国王,1569,1590
toolbay-region-0618-ruler-0030,toolbay-region-0618,纳黎萱,Naresuan (Sanpet II),国王,1590,1605
toolbay-region-0618-ruler-0031,toolbay-region-0618,厄迦陀沙拉,Ekathotsarot (Sanpet III),国王,1605,1610
toolbay-region-0618-ruler-0032,toolbay-region-0618,西骚哇帕,Sri Saowaphak (Sanpet IV),国王,1610,1611
toolbay-region-0618-ruler-0033,toolbay-region-0618,嵩贪,Songtham,国王,1611,1628
toolbay-region-0618-ruler-0034,toolbay-region-0618,策陀,Jesthadhiraj,国王,1628,1629
toolbay-region-0618-ruler-0035,toolbay-region-0618,巴萨通,Prasat Thong (Sanpet V),国王,1629,1656
toolbay-region-0618-ruler-0036,toolbay-region-0618,那莱,Narai,国王,1656,1677
toolbay-region-0618-ruler-0037,toolbay-region-0618,帕碧罗闍,Petratcha,国王,1677,1703
toolbay-region-0618-ruler-0038,toolbay-region-0618,帕昭苏,Sanpet VIII,国王,1703,1709
toolbay-region-0618-ruler-0039,toolbay-region-0618,帕昭泰萨,Phumintharacha (Sanpet IV),国王,1709,1733
toolbay-region-0618-ruler-0040,toolbay-region-0618,波隆摩阁,Boromakot,国王,1733,1758
toolbay-region-0618-ruler-0041,toolbay-region-0618,波隆罗闍五世,Boromaracha V (Suriyas Amarin),国王,1758,1767
toolbay-region-0618-ruler-0042,toolbay-region-0618,郑信,Taksin,国王,1767,1782
toolbay-region-0618-ruler-0043,toolbay-region-0618,拉吗一世（郑华）,Buddha Yodfa Chulalok the Great (Rama I),国王,1782,1809
toolbay-region-0618-ruler-0044,toolbay-region-0618,拉吗二世（郑佛）,Buddha Loetla Nabhalai (Rama II),国王,1809,1824
toolbay-region-0618-ruler-0045,toolbay-region-0618,拉吗三世（郑福）,Nangklao (Rama III),国王,1824,1851
toolbay-region-0618-ruler-0046,toolbay-region-0618,拉吗四世（郑明）,Mongkut (Rama IV),国王,1851,1868
toolbay-region-0618-ruler-0047,toolbay-region-0618,拉吗五世（郑隆）,Chulalongkorn the Great (Rama V),国王,1868,1910
toolbay-region-0618-ruler-0048,toolbay-region-0618,拉吗六世,Vajiravudh (Rama VI),国王,1910,1925
toolbay-region-0618-ruler-0049,toolbay-region-0618,拉吗七世（巴差提朴）,Prajadhipok (Rama VII),国王,1925,1935
toolbay-region-0618-ruler-0050,toolbay-region-0618,拉吗八世（阿南塔・玛希敦）,Ananda Mahidol (Rama VIII),国王,1935,1946
toolbay-region-0618-ruler-0051,toolbay-region-0618,拉吗九世（普密蓬・阿杜德）,Bhumibol Adulyadej (Rama IX),国王,1946,2016
toolbay-region-0618-ruler-0052,toolbay-region-0618,拉吗十世（哇集拉隆功）,Vajiralongkorn (Rama X),国王,2016,9999
toolbay-region-0618-ruler-0054,toolbay-region-0618,披耶・玛奴巴功,Phraya Manopakorn Nititada,首相,1932,1933
toolbay-region-0618-ruler-0055,toolbay-region-0618,披耶・帕风裕庭,Phraya Phahol Pholphayuhasena,首相,1933,1938
toolbay-region-0618-ruler-0056,toolbay-region-0618,銮披汶・颁堪,Plaek Phibunsongkhram,首相,1938,1944
toolbay-region-0618-ruler-0057,toolbay-region-0618,寛・阿派旺,Khuang Abhaiwongse,首相,1944,1945
toolbay-region-0618-ruler-0058,toolbay-region-0618,社尼・巴莫,Mom Rajawongse Seni Pramoj,首相,1945,1946
toolbay-region-0618-ruler-0059,toolbay-region-0618,Thawal Thamrong Navaswadhi,Thawal Thamrong Navaswadhi,首相,1946,1947
toolbay-region-0618-ruler-0060,toolbay-region-0618,寛・阿派旺,Khuang Abhaiwongse,首相,1947,1948
toolbay-region-0618-ruler-0061,toolbay-region-0618,銮披汶・颁堪,Plaek Phibunsongkhram,首相,1948,1957
toolbay-region-0618-ruler-0062,toolbay-region-0618,波特・沙拉辛,Pote Sarasin,首相,1957,1958
toolbay-region-0618-ruler-0063,toolbay-region-0618,他依・吉滴卡宗,Thanom Kittikachorn,首相,1958,1959
toolbay-region-0618-ruler-0064,toolbay-region-0618,Sarit Dhanarajata,Sarit Dhanarajata,首相,1959,1963
toolbay-region-0618-ruler-0065,toolbay-region-0618,他依・吉滴卡宗,Thanom Kittikachorn,首相,1963,1973
toolbay-region-0618-ruler-0066,toolbay-region-0618,Sanya Dharmasakti,Sanya Dharmasakti,首相,1973,1975
toolbay-region-0618-ruler-0067,toolbay-region-0618,克立・巴莫,Mom Rajawongse Kukrit Pramoj,首相,1975,1976
toolbay-region-0618-ruler-0068,toolbay-region-0618,他宁・盖威迁,Tanin Kraivixien,首相,1976,1977
toolbay-region-0618-ruler-0069,toolbay-region-0618,江萨・差玛南,Kriangsak Chomanan,首相,1977,1980
toolbay-region-0618-ruler-0070,toolbay-region-0618,炳・廷素拉暖,Prem Tinsulanonda,首相,1980,1988
toolbay-region-0618-ruler-0071,toolbay-region-0618,差猜・春哈旺,Chatichai Choonhavan,首相,1988,1991
toolbay-region-0618-ruler-0072,toolbay-region-0618,阿南・班雅拉春,Anand Panyarachun,首相,1991,1992
toolbay-region-0618-ruler-0073,toolbay-region-0618,川・立派,Chuan Leekpai,首相,1992,1995
toolbay-region-0618-ruler-0074,toolbay-region-0618,班汉・西巴阿差,Banharn Silpa-Archa,首相,1995,1996
toolbay-region-0618-ruler-0075,toolbay-region-0618,差瓦立・永猜裕,Chavalit Yongchaiyudh,首相,1996,1997
toolbay-region-0618-ruler-0076,toolbay-region-0618,川・立派（吕基文）,Chuan Leekpai,首相,1997,2001
toolbay-region-0618-ruler-0077,toolbay-region-0618,塔信・钦那瓦（丘达新）,Thaksin Shinawatra,首相,2001,2006
toolbay-region-0618-ruler-0078,toolbay-region-0618,素拉育・朱拉暖,Surayud Chulanont,首相,2006,2008
toolbay-region-0618-ruler-0079,toolbay-region-0618,阿披实・威差奇瓦,Abhisit Vejjajiva,首相,2008,2011
toolbay-region-0618-ruler-0080,toolbay-region-0618,盈拉・西那瓦(丘英乐),Yinglak Shinawatra,首相,2011,2014
toolbay-region-0618-ruler-0082,toolbay-region-0618,巴育・占奥差,Prayuth Chan-ocha,临时首相,2014,9999
toolbay-region-0621-ruler-0009,toolbay-region-0621,第五世达赖喇嘛・罗桑嘉措,"Lozang Gyatso, 5th Dalai Lama",达赖喇嘛,1617,1682
toolbay-region-0621-ruler-0010,toolbay-region-0621,第六世达赖喇嘛・仓央嘉措,"Tsangyang Gyatso, 6th Dalai Lama",达赖喇嘛,1683,1707
toolbay-region-0621-ruler-0011,toolbay-region-0621,第七世达赖喇嘛・格桑嘉措,"Kelzang Gyatso, 7th Dalai Lama",达赖喇嘛,1708,1758
toolbay-region-0621-ruler-0012,toolbay-region-0621,第八世达赖喇嘛・强白嘉措,"Jamphel Gyatso, 8th Dalai Lama",达赖喇嘛,1758,1804
toolbay-region-0621-ruler-0013,toolbay-region-0621,第九世达赖喇嘛・隆朵嘉措,"Lungtok Gyatso, 9th Dalai Lama",达赖喇嘛,1806,1816
toolbay-region-0621-ruler-0014,toolbay-region-0621,第十世达赖喇嘛・楚臣嘉措,"Tsultrim Gyatso, 10th Dalai Lama",达赖喇嘛,1816,1837
toolbay-region-0621-ruler-0015,toolbay-region-0621,第十一世达赖喇嘛・凯珠嘉措,"Khendrup Gyatso, 11th Dalai Lama",达赖喇嘛,1838,1856
toolbay-region-0621-ruler-0016,toolbay-region-0621,第十二世达赖喇嘛・成烈嘉措,"Trinley Gyatso, 12th Dalai Lama",达赖喇嘛,1856,1875
toolbay-region-0621-ruler-0017,toolbay-region-0621,第十三世达赖喇嘛・土登嘉措,"Thubten Gyatso, 13th Dalai Lama",达赖喇嘛,1876,1910
toolbay-region-0621-ruler-0019,toolbay-region-0621,固始汗,Güshi Khan,汗,1642,1654
toolbay-region-0621-ruler-0020,toolbay-region-0621,达延鄂齐尔汗,Dayan Khan,汗,1654,1668
toolbay-region-0621-ruler-0021,toolbay-region-0621,达赖汗,Dalai Khan,汗,1670,1700
toolbay-region-0621-ruler-0022,toolbay-region-0621,拉藏汗,Lhazang Khan,汗,1703,1717
toolbay-region-0622-ruler-0007,toolbay-region-0622,第十三世达赖喇嘛・土登嘉措,"Thubten Gyatso, 13th Dalai Lama",达赖喇嘛,1912,1933
toolbay-region-0622-ruler-0008,toolbay-region-0622,第十四世达赖喇嘛・丹增嘉措,"Tenzin Gyatso, 14th Dalai Lama",达赖喇嘛,1933,1945
toolbay-region-0622-ruler-0009,toolbay-region-0622,第十四世达赖喇嘛・丹增嘉措,"Tenzin Gyatso, 14th Dalai Lama",达赖喇嘛,1945,1950
toolbay-region-0623-ruler-0007,toolbay-region-0623,徐寿辉,Xu Shou-hui,皇帝,1351,1360
toolbay-region-0623-ruler-0009,toolbay-region-0623,明玉珍,Ming Yu-zhen,领导,1360,1363
toolbay-region-0623-ruler-0011,toolbay-region-0623,明玉珍,Ming Yu-zhen,皇帝,1363,1368
toolbay-region-0623-ruler-0012,toolbay-region-0623,明昇,Ming Sheng,皇帝,1368,1371
toolbay-region-0624-ruler-0005,toolbay-region-0624,张士诚,Zhang Shi-cheng,王,1354,1367
toolbay-region-0625-ruler-0006,toolbay-region-0625,陈友谅,Chen You-liang,领导,1358,1360
toolbay-region-0625-ruler-0008,toolbay-region-0625,陈友谅,Chen You-liang,皇帝,1360,1363
toolbay-region-0625-ruler-0009,toolbay-region-0625,陈理,Chen Li,皇帝,1363,1364
toolbay-region-0626-ruler-0005,toolbay-region-0626,韩林儿,Han Lin-er,皇帝,1355,1358
toolbay-region-0626-ruler-0007,toolbay-region-0626,刘福通,Liu Fu-tong,(实际统治者),1355,1358
toolbay-region-0627-ruler-0008,toolbay-region-0627,朱元璋,Zhu Yuan-zhang,领导,1358,1368
toolbay-region-0627-ruler-0010,toolbay-region-0627,太祖洪武帝（朱元璋）,Hongwu (Zhu Yuan-zhang),皇帝,1368,1398
toolbay-region-0627-ruler-0011,toolbay-region-0627,建文帝,Jianwen,皇帝,1398,1402
toolbay-region-0627-ruler-0012,toolbay-region-0627,成祖永楽帝,Yongle,皇帝,1402,1424
toolbay-region-0627-ruler-0013,toolbay-region-0627,仁宗洪熙帝,Hongxi,皇帝,1424,1425
toolbay-region-0627-ruler-0014,toolbay-region-0627,宣宗宣德帝,Xuande,皇帝,1425,1435
toolbay-region-0627-ruler-0015,toolbay-region-0627,英宗正统帝,Zhengtong (Yingzong),皇帝,1435,1449
toolbay-region-0627-ruler-0016,toolbay-region-0627,代宗景泰帝,Jingtai,皇帝,1449,1457
toolbay-region-0627-ruler-0017,toolbay-region-0627,英宗天顺帝,Tianshun (Yingzong),皇帝,1457,1464
toolbay-region-0627-ruler-0018,toolbay-region-0627,宪宗成化帝,Chenghua,皇帝,1464,1487
toolbay-region-0627-ruler-0019,toolbay-region-0627,孝宗弘治帝,Hongzhi,皇帝,1487,1505
toolbay-region-0627-ruler-0020,toolbay-region-0627,武宗正德帝,Zhengde,皇帝,1505,1521
toolbay-region-0627-ruler-0021,toolbay-region-0627,世宗嘉靖帝,Jiajing,皇帝,1521,1566
toolbay-region-0627-ruler-0022,toolbay-region-0627,穆宗隆庆帝,Longqing,皇帝,1566,1572
toolbay-region-0627-ruler-0023,toolbay-region-0627,神宗万暦帝,Wanli,皇帝,1572,1620
toolbay-region-0627-ruler-0024,toolbay-region-0627,熹宗天啓帝,Tianqi,皇帝,1620,1627
toolbay-region-0627-ruler-0025,toolbay-region-0627,毅宗崇祯帝,Chongzhen,皇帝,1627,1644
toolbay-region-0627-ruler-0026,toolbay-region-0627,李自成,Li Zicheng,皇帝,1644,1645
toolbay-region-0627-ruler-0028,toolbay-region-0627,解缙,Jie Jin,首辅（内阁大学士）,1402,1407
toolbay-region-0627-ruler-0029,toolbay-region-0627,胡广,Hu Guang,首辅（内阁大学士）,1407,1418
toolbay-region-0627-ruler-0030,toolbay-region-0627,杨荣,Yang Rong,首辅（内阁大学士）,1418,1424
toolbay-region-0627-ruler-0031,toolbay-region-0627,杨士奇,Yang Shi-ji,首辅（内阁大学士）,1424,1444
toolbay-region-0627-ruler-0032,toolbay-region-0627,杨溥,Yang Pu,首辅（内阁大学士）,1444,1446
toolbay-region-0627-ruler-0033,toolbay-region-0627,曹鼐,Cao Nai,首辅（内阁大学士）,1446,1449
toolbay-region-0627-ruler-0034,toolbay-region-0627,陈循,Chen Wei,首辅（内阁大学士）,1449,1457
toolbay-region-0627-ruler-0035,toolbay-region-0627,李贤,Li Xian,首辅（内阁大学士）,1457,1466
toolbay-region-0627-ruler-0036,toolbay-region-0627,陈文,Chen Wen,首辅（内阁大学士）,1466,1468
toolbay-region-0627-ruler-0037,toolbay-region-0627,彭时,Peng Shi,首辅（内阁大学士）,1468,1475
toolbay-region-0627-ruler-0038,toolbay-region-0627,商辂,Shang Lu,首辅（内阁大学士）,1475,1477
toolbay-region-0627-ruler-0039,toolbay-region-0627,万安,Wan An,首辅（内阁大学士）,1477,1487
toolbay-region-0627-ruler-0040,toolbay-region-0627,刘吉,Liu Ji,首辅（内阁大学士）,1487,1492
toolbay-region-0627-ruler-0041,toolbay-region-0627,徐溥,Xu Pu,首辅（内阁大学士）,1492,1498
toolbay-region-0627-ruler-0042,toolbay-region-0627,刘健,Liu Jian,首辅（内阁大学士）,1498,1506
toolbay-region-0627-ruler-0043,toolbay-region-0627,李东阳,Li Dong-yang,首辅（内阁大学士）,1506,1512
toolbay-region-0627-ruler-0044,toolbay-region-0627,杨廷和,Yang Ting-ho,首辅（内阁大学士）,1512,1515
toolbay-region-0627-ruler-0045,toolbay-region-0627,梁储,Liang Chu,首辅（内阁大学士）,1515,1517
toolbay-region-0627-ruler-0046,toolbay-region-0627,杨廷和,Yang Ting-ho,首辅（内阁大学士）,1517,1524
toolbay-region-0627-ruler-0047,toolbay-region-0627,费宏,Fei Fu,首辅（内阁大学士）,1524,1527
toolbay-region-0627-ruler-0048,toolbay-region-0627,杨一清,Yang Yi-qing,首辅（内阁大学士）,1527,1529
toolbay-region-0627-ruler-0049,toolbay-region-0627,张璁,Zhang Cong,首辅（内阁大学士）,1529,1531
toolbay-region-0627-ruler-0050,toolbay-region-0627,张孚敬,Zhang Fu-gui,首辅（内阁大学士）,1531,1532
toolbay-region-0627-ruler-0051,toolbay-region-0627,方献夫,Fang Xian-fu,首辅（内阁大学士）,1532,1533
toolbay-region-0627-ruler-0052,toolbay-region-0627,张孚敬,Zhang Fu-gui,首辅（内阁大学士）,1533,1535
toolbay-region-0627-ruler-0053,toolbay-region-0627,李时,Li Shi,首辅（内阁大学士）,1535,1538
toolbay-region-0627-ruler-0054,toolbay-region-0627,夏言,Xia Yan,首辅（内阁大学士）,1538,1542
toolbay-region-0627-ruler-0055,toolbay-region-0627,翟銮,Di Luan,首辅（内阁大学士）,1542,1544
toolbay-region-0627-ruler-0056,toolbay-region-0627,严嵩,Yan Song,首辅（内阁大学士）,1544,1545
toolbay-region-0627-ruler-0057,toolbay-region-0627,夏言,Xia Yan,首辅（内阁大学士）,1545,1548
toolbay-region-0627-ruler-0058,toolbay-region-0627,严嵩,Yan Song,首辅（内阁大学士）,1548,1562
toolbay-region-0627-ruler-0059,toolbay-region-0627,徐阶,Xu Jie,首辅（内阁大学士）,1562,1568
toolbay-region-0627-ruler-0060,toolbay-region-0627,李春芳,Li Chun-fang,首辅（内阁大学士）,1568,1571
toolbay-region-0627-ruler-0061,toolbay-region-0627,高拱,Gao Gong,首辅（内阁大学士）,1571,1572
toolbay-region-0627-ruler-0062,toolbay-region-0627,张居正,Zhang Ju-zheng,首辅（内阁大学士）,1572,1582
toolbay-region-0627-ruler-0063,toolbay-region-0627,张四维,Zhang Si-wei,首辅（内阁大学士）,1582,1583
toolbay-region-0627-ruler-0064,toolbay-region-0627,申时行,Shen Shi-hang,首辅（内阁大学士）,1583,1591
toolbay-region-0627-ruler-0065,toolbay-region-0627,王家屏,Wang Jia-ping,首辅（内阁大学士）,1591,1592
toolbay-region-0627-ruler-0066,toolbay-region-0627,赵志皋,Zhao Zhi-gao,首辅（内阁大学士）,1592,1593
toolbay-region-0627-ruler-0067,toolbay-region-0627,王锡爵,Wang Xi-jue,首辅（内阁大学士）,1593,1594
toolbay-region-0627-ruler-0068,toolbay-region-0627,赵志皋,Zhao Zhi-gao,首辅（内阁大学士）,1594,1601
toolbay-region-0627-ruler-0069,toolbay-region-0627,沉一贯,Shen Yi-guan,首辅（内阁大学士）,1601,1606
toolbay-region-0627-ruler-0070,toolbay-region-0627,朱赓,Zhu Geng,首辅（内阁大学士）,1606,1608
toolbay-region-0627-ruler-0071,toolbay-region-0627,李廷机,Li Ting-ji,首辅（内阁大学士）,1608,1612
toolbay-region-0627-ruler-0072,toolbay-region-0627,叶向高,Ye Xiang-gao,首辅（内阁大学士）,1612,1614
toolbay-region-0627-ruler-0073,toolbay-region-0627,方从哲,Fang Cong-zhe,首辅（内阁大学士）,1614,1620
toolbay-region-0627-ruler-0074,toolbay-region-0627,刘一燝,Liu Yi-jing,首辅（内阁大学士）,1620,1621
toolbay-region-0627-ruler-0075,toolbay-region-0627,叶向高,Ye Xiang-gao,首辅（内阁大学士）,1621,1624
toolbay-region-0627-ruler-0076,toolbay-region-0627,顾秉谦,Gu Bing-qian,首辅（内阁大学士）,1624,1626
toolbay-region-0627-ruler-0077,toolbay-region-0627,黄立极,Huang Li-ji,首辅（内阁大学士）,1626,1627
toolbay-region-0627-ruler-0078,toolbay-region-0627,施凤来,Shi Feng-lai,首辅（内阁大学士）,1627,1628
toolbay-region-0627-ruler-0079,toolbay-region-0627,韩爌,Han Kuang,首辅（内阁大学士）,1628,1630
toolbay-region-0627-ruler-0080,toolbay-region-0627,周延儒,Zhou Yan-ru,首辅（内阁大学士）,1630,1633
toolbay-region-0627-ruler-0081,toolbay-region-0627,温体仁,Wen Ti-ren,首辅（内阁大学士）,1633,1637
toolbay-region-0627-ruler-0082,toolbay-region-0627,张至发,Zhang Zhi-fa,首辅（内阁大学士）,1637,1638
toolbay-region-0627-ruler-0083,toolbay-region-0627,刘宇亮,Liu Yu-liang,首辅（内阁大学士）,1638,1639
toolbay-region-0627-ruler-0084,toolbay-region-0627,薛国观,Xue Guo-guan,首辅（内阁大学士）,1639,1640
toolbay-region-0627-ruler-0085,toolbay-region-0627,范复粹,Fan Fu-cui,首辅（内阁大学士）,1640,1641
toolbay-region-0627-ruler-0086,toolbay-region-0627,周延儒,Zhou Yan-ru,首辅（内阁大学士）,1641,1643
toolbay-region-0627-ruler-0087,toolbay-region-0627,陈演,Chen Yan,首辅（内阁大学士）,1643,1644
toolbay-region-0628-ruler-0005,toolbay-region-0628,哱拜,Bobai,领导,1592,1593
toolbay-region-0629-ruler-0005,toolbay-region-0629,杨应龙,Yang Ying-long,领导,1592,1599
toolbay-region-0635-ruler-0006,toolbay-region-0635,李成桂,Yi Seong-gye,领导,1392,1393
toolbay-region-0635-ruler-0008,toolbay-region-0635,太祖（李成桂）,Yi Seong-gye,国王,1393,1398
toolbay-region-0635-ruler-0009,toolbay-region-0635,定宗,Jeong Jong,国王,1398,1400
toolbay-region-0635-ruler-0010,toolbay-region-0635,太宗,Tae Jong,国王,1400,1418
toolbay-region-0635-ruler-0011,toolbay-region-0635,世宗,Se Jong,国王,1418,1450
toolbay-region-0635-ruler-0012,toolbay-region-0635,文宗,Mun Jong,国王,1450,1452
toolbay-region-0635-ruler-0013,toolbay-region-0635,端宗,Dan Jong,国王,1452,1455
toolbay-region-0635-ruler-0014,toolbay-region-0635,世祖,Se Jo,国王,1455,1468
toolbay-region-0635-ruler-0015,toolbay-region-0635,睿宗,Ye Jong,国王,1468,1469
toolbay-region-0635-ruler-0016,toolbay-region-0635,成宗,Seong Jong,国王,1469,1494
toolbay-region-0635-ruler-0017,toolbay-region-0635,燕山君,Yeon-san Gun,国王,1494,1506
toolbay-region-0635-ruler-0018,toolbay-region-0635,中宗,Jung Jong,国王,1506,1544
toolbay-region-0635-ruler-0019,toolbay-region-0635,仁宗,In Jong,国王,1544,1545
toolbay-region-0635-ruler-0020,toolbay-region-0635,明宗,Myeong Jong,国王,1545,1567
toolbay-region-0635-ruler-0021,toolbay-region-0635,宣祖,Seon Jo,国王,1567,1592
toolbay-region-0636-ruler-0012,toolbay-region-0636,宣祖,Seon Jo,国王,1596,1608
toolbay-region-0636-ruler-0013,toolbay-region-0636,光海君,Gwang-hae Gun,国王,1608,1623
toolbay-region-0636-ruler-0014,toolbay-region-0636,仁祖,In Jo,国王,1623,1649
toolbay-region-0636-ruler-0015,toolbay-region-0636,孝宗,Hyo Jong,国王,1649,1659
toolbay-region-0636-ruler-0016,toolbay-region-0636,顕宗,Hyeon Jong,国王,1659,1674
toolbay-region-0636-ruler-0017,toolbay-region-0636,粛宗,Suk Jong,国王,1674,1720
toolbay-region-0636-ruler-0018,toolbay-region-0636,景宗,Gyeong Jong,国王,1720,1724
toolbay-region-0636-ruler-0019,toolbay-region-0636,英祖,Yong Jo,国王,1724,1776
toolbay-region-0636-ruler-0020,toolbay-region-0636,正祖,Jeong Jo,国王,1776,1800
toolbay-region-0636-ruler-0021,toolbay-region-0636,纯祖,Sun Jo,国王,1800,1834
toolbay-region-0636-ruler-0022,toolbay-region-0636,宪宗,Heon Jong,国王,1834,1849
toolbay-region-0636-ruler-0023,toolbay-region-0636,哲宗,Cheol Jong,国王,1849,1863
toolbay-region-0636-ruler-0024,toolbay-region-0636,高宗,Go Jong,国王,1863,1897
toolbay-region-0636-ruler-0026,toolbay-region-0636,兴宣大院君,Heungseon Daewongun,摄政,1863,1873
toolbay-region-0636-ruler-0028,toolbay-region-0636,高宗,Go Jong,皇帝,1897,1907
toolbay-region-0636-ruler-0029,toolbay-region-0636,纯宗,Sun Jong,皇帝,1907,1910
toolbay-region-0636-ruler-0031,toolbay-region-0636,金弘集,Kim Hong-jip,総理大臣,1894,1895
toolbay-region-0636-ruler-0033,toolbay-region-0636,金弘集,Kim Hong-jip,内阁総理大臣,1895,1896
toolbay-region-0636-ruler-0035,toolbay-region-0636,韩圭呙,Han Kyu-sol,议政府议政大臣,1896,1905
toolbay-region-0636-ruler-0036,toolbay-region-0636,朴齐纯,Pak Che-sun,议政府议政大臣,1905,1906
toolbay-region-0636-ruler-0038,toolbay-region-0636,李完用,Yi Won-yong,内阁総理大臣,1906,1910
toolbay-region-0636-ruler-0040,toolbay-region-0636,伊藤博文,Itou Hirobumi,韩国统监,1906,1909
toolbay-region-0636-ruler-0041,toolbay-region-0636,曾祢荒助,Sone Arasuke,韩国统监,1909,1910
toolbay-region-0636-ruler-0043,toolbay-region-0636,寺内正毅,Terauchi Masatake,総督,1910,1916
toolbay-region-0636-ruler-0044,toolbay-region-0636,长谷川好道,Hasegawa Yoshimichi,総督,1916,1919
toolbay-region-0636-ruler-0045,toolbay-region-0636,斋藤实,Saitou Makoto,総督,1919,1931
toolbay-region-0636-ruler-0046,toolbay-region-0636,宇垣一成,Ugaki Kazushige,総督,1931,1936
toolbay-region-0636-ruler-0047,toolbay-region-0636,南次郎,Minami Jirou,総督,1936,1942
toolbay-region-0636-ruler-0048,toolbay-region-0636,小矶国昭,Koiso Kuniaki,総督,1942,1944
toolbay-region-0636-ruler-0049,toolbay-region-0636,阿部信行,Abe Nobuyuki,総督,1944,1945
toolbay-region-0636-ruler-0051,toolbay-region-0636,Archer L. Lerch,Archer L. Lerch,Military Governor,1945,1947
toolbay-region-0636-ruler-0052,toolbay-region-0636,William F. Dean,William F. Dean,Military Governor,1947,1948
toolbay-region-0636-ruler-0054,toolbay-region-0636,李承晩,Lee Syung-man,大统领（总统）,1948,1960
toolbay-region-0636-ruler-0055,toolbay-region-0636,尹潽善,Yun Bo-seon,大统领（总统）,1960,1962
toolbay-region-0636-ruler-0057,toolbay-region-0636,朴正煕,Park Chung-hee,国家再建最高会议议长,1961,1963
toolbay-region-0636-ruler-0059,toolbay-region-0636,朴正煕,Park Chung-hee,大统领（总统）,1963,1979
toolbay-region-0636-ruler-0060,toolbay-region-0636,崔圭夏,Choe Gyu-ha,大统领（总统）,1979,1980
toolbay-region-0636-ruler-0061,toolbay-region-0636,全斗焕,Chun Doo-hwan,大统领（总统）,1980,1988
toolbay-region-0636-ruler-0062,toolbay-region-0636,卢泰愚,Roh Tae-woo,大统领（总统）,1988,1993
toolbay-region-0636-ruler-0063,toolbay-region-0636,金泳三,Kim Yong-sam,大统领（总统）,1993,1998
toolbay-region-0636-ruler-0064,toolbay-region-0636,金大中,Kim Dae-jung,大统领（总统）,1998,2003
toolbay-region-0636-ruler-0065,toolbay-region-0636,卢武铉,Roh Moo-hyun,大统领（总统）,2003,2008
toolbay-region-0636-ruler-0066,toolbay-region-0636,李明博,Lee Myong-bak,大统领（总统）,2008,2013
toolbay-region-0636-ruler-0067,toolbay-region-0636,朴槿惠,Park Geun-hye,大统领（总统）,2013,9999
toolbay-region-0636-ruler-0069,toolbay-region-0636,李范爽,Lee Beom Seok,国务総理,1948,1950
toolbay-region-0636-ruler-0070,toolbay-region-0636,张勉,Chang Myon,国务総理,1950,1952
toolbay-region-0636-ruler-0071,toolbay-region-0636,白斗镇,Park Gyu-jin,国务総理,1952,1954
toolbay-region-0636-ruler-0072,toolbay-region-0636,张勉,Chang Myon,国务総理,1960,1961
toolbay-region-0636-ruler-0074,toolbay-region-0636,宋尭讃,Song Yo-chan,国务総理,1961,1962
toolbay-region-0636-ruler-0075,toolbay-region-0636,金显哲,Kim Hyun-chul,国务総理,1962,1963
toolbay-region-0636-ruler-0077,toolbay-region-0636,崔斗善,Choe Gyu-ha,国务総理,1963,1964
toolbay-region-0636-ruler-0078,toolbay-region-0636,丁一権,Chung Il-kwon,国务総理,1964,1970
toolbay-region-0636-ruler-0079,toolbay-region-0636,白斗镇,Park Too-chin,国务総理,1970,1971
toolbay-region-0636-ruler-0080,toolbay-region-0636,金锺泌,Kim Jong-pil,国务総理,1971,1975
toolbay-region-0636-ruler-0081,toolbay-region-0636,崔圭夏,Choe Gyu-ha,国务総理,1975,1979
toolbay-region-0636-ruler-0082,toolbay-region-0636,申铉碻,Shin Hyon-hwak,国务総理,1979,1980
toolbay-region-0636-ruler-0083,toolbay-region-0636,南悳右,Nam Duck-woo,国务総理,1980,1982
toolbay-region-0636-ruler-0084,toolbay-region-0636,金相浃,Kim Sang-hyup,国务総理,1982,1983
toolbay-region-0636-ruler-0085,toolbay-region-0636,陈懿锺,Chin Iee-chong,国务総理,1983,1985
toolbay-region-0636-ruler-0086,toolbay-region-0636,卢信永,Ro Shin-yong,国务総理,1985,1987
toolbay-region-0636-ruler-0087,toolbay-region-0636,金贞烈,Kim Chung-yul,国务総理,1987,1988
toolbay-region-0636-ruler-0088,toolbay-region-0636,姜英勳,Kang Young-hoon,国务総理,1988,1990
toolbay-region-0636-ruler-0089,toolbay-region-0636,卢在凤,Ro Jai-bong,国务総理,1990,1991
toolbay-region-0636-ruler-0090,toolbay-region-0636,郑元植,Chung Won-shik,国务総理,1991,1992
toolbay-region-0636-ruler-0091,toolbay-region-0636,玄胜锺,Hyun Soong-jong,国务総理,1992,1993
toolbay-region-0636-ruler-0092,toolbay-region-0636,李会昌,Lee Hoi-chang,国务総理,1993,1994
toolbay-region-0636-ruler-0093,toolbay-region-0636,李洪九,Lee Hong-koo,国务総理,1994,1995
toolbay-region-0636-ruler-0094,toolbay-region-0636,李寿成,Lee Soo-sung,国务総理,1995,1997
toolbay-region-0636-ruler-0095,toolbay-region-0636,高建,Goh Kun,国务総理,1997,1998
toolbay-region-0636-ruler-0096,toolbay-region-0636,金锺泌,Kim Jong-pil,国务総理,1998,2000
toolbay-region-0636-ruler-0097,toolbay-region-0636,李汉东,Lee Han-dong,国务総理,2000,2002
toolbay-region-0636-ruler-0098,toolbay-region-0636,金硕洙,Kim Suk-soo,国务総理,2002,2003
toolbay-region-0636-ruler-0099,toolbay-region-0636,高建,Goh Kun,国务総理,2003,2004
toolbay-region-0636-ruler-0100,toolbay-region-0636,李海瓒,Lee Hae-chan,国务総理,2004,2006
toolbay-region-0636-ruler-0101,toolbay-region-0636,韩明淑,Han Myung-sook,国务総理,2006,2007
toolbay-region-0636-ruler-0102,toolbay-region-0636,韩悳洙,Han Duck-soo,国务総理,2007,2008
toolbay-region-0636-ruler-0103,toolbay-region-0636,韩昇洙,Han Seung-soo,国务総理,2008,2009
toolbay-region-0636-ruler-0104,toolbay-region-0636,郑云灿,Chung Un-chan,国务総理,2009,2010
toolbay-region-0636-ruler-0105,toolbay-region-0636,金滉植,Kim Hwang-sik,国务総理,2010,2013
toolbay-region-0636-ruler-0106,toolbay-region-0636,郑烘原,Jung Hong-won,国务総理,2013,9999
toolbay-region-0637-ruler-0005,toolbay-region-0637,李如松,Lǐ Rú-sòng,东征提督,1593,1594
toolbay-region-0638-ruler-0005,toolbay-region-0638,全琫准,Jeon Bong-jun,领导,1894,1895
toolbay-region-0639-ruler-0005,toolbay-region-0639,帕尼芝,Haniji,国王,1322,1396
toolbay-region-0639-ruler-0006,toolbay-region-0639,珉,Min,国王,1396,1401
toolbay-region-0639-ruler-0007,toolbay-region-0639,拳安知,Hananchi,国王,1401,1416
toolbay-region-0640-ruler-0005,toolbay-region-0640,承察度,Shousatto,国王,1337,1388
toolbay-region-0640-ruler-0006,toolbay-region-0640,汪英紫,Oueishi,国王,1388,1403
toolbay-region-0640-ruler-0007,toolbay-region-0640,汪応祖,Ououso,国王,1403,1414
toolbay-region-0640-ruler-0008,toolbay-region-0640,他鲁毎,Tarumii,国王,1415,1429
toolbay-region-0641-ruler-0008,toolbay-region-0641,玉城,Tamagusuku,国王,1314,1337
toolbay-region-0641-ruler-0009,toolbay-region-0641,西威,Seii,国王,1337,1350
toolbay-region-0641-ruler-0010,toolbay-region-0641,察度,Satto,国王,1350,1396
toolbay-region-0641-ruler-0011,toolbay-region-0641,武宁,Bunei,国王,1396,1406
toolbay-region-0641-ruler-0012,toolbay-region-0641,尚思绍王,Sho-shishou,国王,1406,1421
toolbay-region-0641-ruler-0013,toolbay-region-0641,尚巴志王,Sho-hashi,国王,1421,1439
toolbay-region-0641-ruler-0014,toolbay-region-0641,尚忠王,Sho-chu,国王,1439,1444
toolbay-region-0641-ruler-0015,toolbay-region-0641,尚思达王,Sho-shitatsu,国王,1444,1449
toolbay-region-0641-ruler-0016,toolbay-region-0641,尚金福王,Sho-kimpuku,国王,1449,1453
toolbay-region-0641-ruler-0017,toolbay-region-0641,尚泰久王,Sho-taikyu,国王,1453,1460
toolbay-region-0641-ruler-0018,toolbay-region-0641,尚德王,Sho-toku,国王,1460,1469
toolbay-region-0641-ruler-0019,toolbay-region-0641,尚圆王（内间金丸）,Sho-en (Uchima Kanamaru),国王,1469,1476
toolbay-region-0641-ruler-0020,toolbay-region-0641,尚真王,Sho-shin,国王,1476,1527
toolbay-region-0641-ruler-0021,toolbay-region-0641,尚清王,Sho-sei,国王,1527,1556
toolbay-region-0641-ruler-0022,toolbay-region-0641,尚元王,Sho-gen,国王,1556,1573
toolbay-region-0641-ruler-0023,toolbay-region-0641,尚永王,Sho-ei,国王,1573,1589
toolbay-region-0641-ruler-0024,toolbay-region-0641,尚宁王,Sho-nei,国王,1589,1621
toolbay-region-0641-ruler-0025,toolbay-region-0641,尚豊王,Sho-ho,国王,1621,1641
toolbay-region-0641-ruler-0026,toolbay-region-0641,尚贤王,Sho-ken,国王,1641,1648
toolbay-region-0641-ruler-0027,toolbay-region-0641,尚质王,Sho-shitsu,国王,1648,1669
toolbay-region-0641-ruler-0028,toolbay-region-0641,尚贞王,Sho-tei,国王,1669,1710
toolbay-region-0641-ruler-0029,toolbay-region-0641,尚益王,Sho-eki,国王,1710,1713
toolbay-region-0641-ruler-0030,toolbay-region-0641,尚敬王,Sho-kei,国王,1713,1752
toolbay-region-0641-ruler-0031,toolbay-region-0641,尚穆王,Sho-boku,国王,1752,1794
toolbay-region-0641-ruler-0032,toolbay-region-0641,尚温王,Sho-on,国王,1794,1803
toolbay-region-0641-ruler-0033,toolbay-region-0641,尚成王,Sho-sei,国王,1803,1804
toolbay-region-0641-ruler-0034,toolbay-region-0641,尚灏王,Sho-ko,国王,1804,1835
toolbay-region-0641-ruler-0035,toolbay-region-0641,尚育王,Sho-iku,国王,1835,1847
toolbay-region-0641-ruler-0036,toolbay-region-0641,尚泰王,Sho-tai,国王,1847,1872
toolbay-region-0641-ruler-0038,toolbay-region-0641,尚泰王,Sho-tai,藩王,1872,1879
toolbay-region-0641-ruler-0040,toolbay-region-0641,具志头王子朝盛（尚宏）,Gushichan Chousei,法司,1589,1610
toolbay-region-0641-ruler-0041,toolbay-region-0641,佐敷王子朝昌（尚豊）,Sasiki Chousyou (King Syo-ho),法司,1617,1621
toolbay-region-0641-ruler-0042,toolbay-region-0641,金武王子朝贞（尚盛）,Kin Choutei,法司,1629,1654
toolbay-region-0641-ruler-0043,toolbay-region-0641,具志川王子朝盈（尚亨）,Gushichan Chouei,法司,1654,1666
toolbay-region-0641-ruler-0044,toolbay-region-0641,羽地按司朝秀（向象贤）,Haneji Choushuu,法司,1666,1675
toolbay-region-0641-ruler-0045,toolbay-region-0641,大里王子朝亮（尚弘毅）,Oozato Chouryou,法司,1676,1686
toolbay-region-0641-ruler-0046,toolbay-region-0641,金武王子朝兴（尚熙）,Kin Choukou,法司,1688,1689
toolbay-region-0641-ruler-0047,toolbay-region-0641,北谷王子朝爱（尚弘才）,北谷王子朝爱（尚弘才）,法司,1689,1705
toolbay-region-0641-ruler-0048,toolbay-region-0641,小禄王子朝奇（尚纲）,小禄王子朝奇（尚纲）,法司,1705,1712
toolbay-region-0641-ruler-0049,toolbay-region-0641,豊见城王子朝匡（尚右）,Tomigusuku Choukyou,法司,1712,1722
toolbay-region-0641-ruler-0050,toolbay-region-0641,北谷王子朝骑（尚彻）,北谷王子朝骑（尚彻）,法司,1722,1739
toolbay-region-0641-ruler-0052,toolbay-region-0641,蔡温（具志头文若）,Sai-on (Gushichan Bunjaku),国司,1751,1752
toolbay-region-0641-ruler-0054,toolbay-region-0641,今帰仁王子朝义（尚宣谟）,Nakijin Chougi,法司,1755,1770
toolbay-region-0641-ruler-0055,toolbay-region-0641,読谷山王子朝恒（尚和）,読谷山王子朝恒（尚和）,法司,1770,1785
toolbay-region-0641-ruler-0056,toolbay-region-0641,浦添王子朝英（尚图）,Urazoe Chouei,法司,1794,1798
toolbay-region-0641-ruler-0057,toolbay-region-0641,义村王子朝宜（尚周）,义村王子朝宜（尚周）,法司,1798,1803
toolbay-region-0641-ruler-0058,toolbay-region-0641,読谷山王子朝英（尚太烈）,読谷山王子朝英（尚太烈）,法司,1803,1817
toolbay-region-0641-ruler-0059,toolbay-region-0641,宜野湾王子朝祥（尚容）,Ginowan Choushou,法司,1817,1821
toolbay-region-0641-ruler-0060,toolbay-region-0641,羽地王子朝美（尚廷范）,Haneji Choubi,法司,1822,1831
toolbay-region-0641-ruler-0061,toolbay-region-0641,豊见城王子朝春（尚楷）,Tomigusuku Choushun,法司,1831,1833
toolbay-region-0641-ruler-0062,toolbay-region-0641,浦添王子朝憙（尚元鲁）,Urazoe Chouki,法司,1835,1852
toolbay-region-0641-ruler-0063,toolbay-region-0641,大里王子朝教（尚惇）,Oozato Choukyou,法司,1852,1861
toolbay-region-0641-ruler-0064,toolbay-region-0641,与那城王子朝纪（尚宏勲）,Yonagusuku Chouki,法司,1861,1872
toolbay-region-0641-ruler-0065,toolbay-region-0641,伊江王子朝直（尚建）,伊江王子朝直（尚建）,法司,1872,1875
toolbay-region-0643-ruler-0005,toolbay-region-0643,Fa Ngum,Fa Ngum,王,1353,1375
toolbay-region-0643-ruler-0006,toolbay-region-0643,Vutha Singsavaddy,Vutha Singsavaddy,王,1375,1378
toolbay-region-0643-ruler-0007,toolbay-region-0643,Samsenthai,Samsenthai,王,1378,1417
toolbay-region-0643-ruler-0008,toolbay-region-0643,Lan Kham Deng,Lan Kham Deng,王,1417,1428
toolbay-region-0643-ruler-0009,toolbay-region-0643,Phommathat,Phommathat,王,1428,1429
toolbay-region-0643-ruler-0010,toolbay-region-0643,Meun Sai,Meun Sai,王,1429,1430
toolbay-region-0643-ruler-0011,toolbay-region-0643,Fa Khai,Fa Khai,王,1430,1433
toolbay-region-0643-ruler-0012,toolbay-region-0643,Khong Kham,Khong Kham,王,1433,1434
toolbay-region-0643-ruler-0013,toolbay-region-0643,Yukhon,Yukhon,王,1434,1435
toolbay-region-0643-ruler-0014,toolbay-region-0643,Kham Keut,Kham Keut,王,1435,1441
toolbay-region-0643-ruler-0015,toolbay-region-0643,Chaiyachakkapat-Phaenphaeo (Sao Tiakaphat),Chaiyachakkapat-Phaenphaeo (Sao Tiakaphat),王,1441,1478
toolbay-region-0643-ruler-0016,toolbay-region-0643,Suvarna Banlang (Theng Kham),Suvarna Banlang (Theng Kham),王,1479,1485
toolbay-region-0643-ruler-0017,toolbay-region-0643,Lahsaenthai Puvanart,Lahsaenthai Puvanart,王,1485,1495
toolbay-region-0643-ruler-0018,toolbay-region-0643,Sompou (Samphou),Sompou (Samphou),王,1495,1500
toolbay-region-0643-ruler-0019,toolbay-region-0643,Visunarat,Visunarat,王,1500,1520
toolbay-region-0643-ruler-0020,toolbay-region-0643,Photisarath I,Photisarath I,王,1520,1548
toolbay-region-0643-ruler-0021,toolbay-region-0643,Setthathirat,Setthathirat,王,1548,1572
toolbay-region-0643-ruler-0022,toolbay-region-0643,Saensurin,Saensurin,王,1572,1575
toolbay-region-0643-ruler-0023,toolbay-region-0643,Mahaupahat,Mahaupahat,王,1575,1580
toolbay-region-0643-ruler-0024,toolbay-region-0643,Saensurin,Saensurin,王,1580,1582
toolbay-region-0643-ruler-0025,toolbay-region-0643,Nakhon Noi,Nakhon Noi,王,1582,1583
toolbay-region-0643-ruler-0026,toolbay-region-0643,Nokeo Koumone,Nokeo Koumone,王,1591,1596
toolbay-region-0643-ruler-0027,toolbay-region-0643,Thammikarath,Thammikarath,王,1596,1622
toolbay-region-0643-ruler-0028,toolbay-region-0643,Upanyuvarat,Upanyuvarat,王,1622,1623
toolbay-region-0643-ruler-0029,toolbay-region-0643,Photisarath II,Photisarath II,王,1623,1627
toolbay-region-0643-ruler-0030,toolbay-region-0643,Tone Kham,Tone Kham,王,1627,1633
toolbay-region-0643-ruler-0031,toolbay-region-0643,Vichai,Vichai,王,1633,1637
toolbay-region-0643-ruler-0032,toolbay-region-0643,Sulinya Vongsa,Sulinya Vongsa,王,1637,1694
toolbay-region-0646-ruler-0006,toolbay-region-0646,明吉瑜,Minkyinyo,王,1486,1531
toolbay-region-0646-ruler-0007,toolbay-region-0646,莽瑞体,Tabinshwehti,王,1531,1550
toolbay-region-0646-ruler-0008,toolbay-region-0646,莽应龙,Bayinnaung,王,1550,1581
toolbay-region-0646-ruler-0009,toolbay-region-0646,莽应里,Nandabayin,王,1581,1599
toolbay-region-0646-ruler-0010,toolbay-region-0646,良渊王,Ngyaung Ram Meng,王,1599,1605
toolbay-region-0646-ruler-0011,toolbay-region-0646,阿那华隆,Anaukpetlun,王,1605,1629
toolbay-region-0646-ruler-0012,toolbay-region-0646,他隆王,Thalun,王,1629,1648
toolbay-region-0646-ruler-0013,toolbay-region-0646,平达力,Bengtale,王,1648,1661
toolbay-region-0646-ruler-0014,toolbay-region-0646,白莽,Pyi Meng,王,1661,1672
toolbay-region-0646-ruler-0015,toolbay-region-0646,Mahadhammaraja,Mahadhammaraja,王,1672,1698
toolbay-region-0646-ruler-0016,toolbay-region-0646,Thudhamma,Thudhamma,王,1698,1714
toolbay-region-0646-ruler-0017,toolbay-region-0646,Hsengphyusheng,Hsengphyusheng,王,1714,1733
toolbay-region-0646-ruler-0018,toolbay-region-0646,摩诃陀摩耶沙底波帝,Mahadammayaza-Dipati,王,1733,1752
toolbay-region-0649-ruler-0007,toolbay-region-0649,Khara Khula,Khara Khula,汗,1600,1634
toolbay-region-0649-ruler-0008,toolbay-region-0649,Erdeni Batur,Erdeni Batur,汗,1634,1653
toolbay-region-0649-ruler-0009,toolbay-region-0649,僧格,Sengge,汗,1653,1671
toolbay-region-0649-ruler-0010,toolbay-region-0649,噶尔丹,Galdan Boshugtu Khan,汗,1671,1697
toolbay-region-0649-ruler-0011,toolbay-region-0649,策妄阿拉布坦,Tsewang Rabtan,汗,1694,1727
toolbay-region-0649-ruler-0012,toolbay-region-0649,噶尔丹策零,Galdan Tseren,汗,1727,1745
toolbay-region-0649-ruler-0013,toolbay-region-0649,策妄多尔济那木扎尔,Tsewang-Dorji-Namjil,汗,1745,1750
toolbay-region-0649-ruler-0014,toolbay-region-0649,喇嘛达尔扎,Lamadarjaa,汗,1750,1753
toolbay-region-0649-ruler-0015,toolbay-region-0649,达瓦齐,Dawaachi,汗,1750,1755
toolbay-region-0650-ruler-0005,toolbay-region-0650,Khwajah-i-Jahan,Khwajah-i-Jahan,苏丹,1394,1399
toolbay-region-0650-ruler-0006,toolbay-region-0650,Mubarak Shah,Mubarak Shah,苏丹,1399,1402
toolbay-region-0650-ruler-0007,toolbay-region-0650,Shams-ud-Din Ibrahim Shah,Shams-ud-Din Ibrahim Shah,苏丹,1402,1436
toolbay-region-0650-ruler-0008,toolbay-region-0650,Saif-ud-Din Mahmud Shah,Saif-ud-Din Mahmud Shah,苏丹,1436,1457
toolbay-region-0650-ruler-0009,toolbay-region-0650,Muhammad Shah,Muhammad Shah,苏丹,1457,1458
toolbay-region-0650-ruler-0010,toolbay-region-0650,Hussain Shah,Hussain Shah,苏丹,1458,1479
toolbay-region-0653-ruler-0005,toolbay-region-0653,马哈木,Mahamu,台吉,1403,1413
toolbay-region-0653-ruler-0006,toolbay-region-0653,脱懽,Toghan,台吉,1413,1439
toolbay-region-0653-ruler-0007,toolbay-region-0653,也先,Esen,台吉,1439,1454
toolbay-region-0658-ruler-0020,toolbay-region-0658,Parameswara,Parameswara,苏丹,1402,1414
toolbay-region-0658-ruler-0021,toolbay-region-0658,Megat Iskandar Shah,Megat Iskandar Shah,苏丹,1414,1424
toolbay-region-0658-ruler-0022,toolbay-region-0658,Muhammad Shah,Muhammad Shah,苏丹,1424,1445
toolbay-region-0658-ruler-0023,toolbay-region-0658,Abu Syahid Shah (Parameswara Dewa Shah),Abu Syahid Shah (Parameswara Dewa Shah),苏丹,1445,1446
toolbay-region-0658-ruler-0024,toolbay-region-0658,Muzaffar Shah,Muzaffar Shah,苏丹,1446,1459
toolbay-region-0658-ruler-0025,toolbay-region-0658,Mansur Shah,Mansur Shah,苏丹,1459,1477
toolbay-region-0658-ruler-0026,toolbay-region-0658,Alauddin Riayat Shah,Alauddin Riayat Shah,苏丹,1477,1488
toolbay-region-0658-ruler-0027,toolbay-region-0658,Mahmud Shah,Mahmud Shah,苏丹,1488,1511
toolbay-region-0658-ruler-0029,toolbay-region-0658,Rui de Brito Patalim,Rui de Brito Patalim,総督,1512,1514
toolbay-region-0658-ruler-0030,toolbay-region-0658,Jorge de Albuquerque,Jorge de Albuquerque,総督,1514,1516
toolbay-region-0658-ruler-0031,toolbay-region-0658,Jorge de Brito,Jorge de Brito,総督,1516,1517
toolbay-region-0658-ruler-0032,toolbay-region-0658,Nuno Vaz Pereira,Nuno Vaz Pereira,総督,1517,1518
toolbay-region-0658-ruler-0033,toolbay-region-0658,Afonso Lopes da Costa,Afonso Lopes da Costa,総督,1518,1519
toolbay-region-0658-ruler-0034,toolbay-region-0658,Garcia de Sá,Garcia de Sá,総督,1519,1521
toolbay-region-0658-ruler-0035,toolbay-region-0658,Jorge de Albuquerque,Jorge de Albuquerque,総督,1521,1525
toolbay-region-0658-ruler-0036,toolbay-region-0658,Pero de Mascarenhas,Pero de Mascarenhas,総督,1525,1526
toolbay-region-0658-ruler-0037,toolbay-region-0658,Jorge Cabral,Jorge Cabral,総督,1526,1528
toolbay-region-0658-ruler-0038,toolbay-region-0658,Pero de Faria,Pero de Faria,総督,1528,1529
toolbay-region-0658-ruler-0039,toolbay-region-0658,Johan van Twist,Johan van Twist,総督,1641,1642
toolbay-region-0658-ruler-0040,toolbay-region-0658,Jeremias van Vliet,Jeremias van Vliet,総督,1642,1645
toolbay-region-0658-ruler-0041,toolbay-region-0658,Arnout de Vlamingh van Oudtshoorn,Arnout de Vlamingh van Oudtshoorn,総督,1645,1646
toolbay-region-0658-ruler-0042,toolbay-region-0658,Jan Thyszoon Payart,Jan Thyszoon Payart,総督,1646,1662
toolbay-region-0658-ruler-0043,toolbay-region-0658,Jan Anthonisz van Riebeeck,Jan Anthonisz van Riebeeck,総督,1662,1665
toolbay-region-0658-ruler-0044,toolbay-region-0658,Balthasar Bort,Balthasar Bort,総督,1665,1679
toolbay-region-0658-ruler-0045,toolbay-region-0658,Jacob Joriszoon Pits,Jacob Joriszoon Pits,総督,1679,1680
toolbay-region-0658-ruler-0046,toolbay-region-0658,Cornelis van Quaelberg,Cornelis van Quaelberg,総督,1680,1684
toolbay-region-0658-ruler-0047,toolbay-region-0658,Nikolaas Schaghen,Nikolaas Schaghen,総督,1684,1686
toolbay-region-0658-ruler-0048,toolbay-region-0658,Dirk Komans,Dirk Komans,総督,1686,1686
toolbay-region-0658-ruler-0049,toolbay-region-0658,Thomas Slicher,Thomas Slicher,総督,1686,1691
toolbay-region-0658-ruler-0050,toolbay-region-0658,Dirk Komans,Dirk Komans,総督,1691,1692
toolbay-region-0658-ruler-0051,toolbay-region-0658,Gelmer Vosberg,Gelmer Vosberg,総督,1692,1697
toolbay-region-0658-ruler-0052,toolbay-region-0658,Goevert van Hoorn,Goevert van Hoorn,総督,1697,1700
toolbay-region-0658-ruler-0053,toolbay-region-0658,Bernhard Phoonsen,Bernhard Phoonsen,総督,1700,1704
toolbay-region-0658-ruler-0054,toolbay-region-0658,Johan Grotenhuys,Johan Grotenhuys,総督,1704,1704
toolbay-region-0658-ruler-0055,toolbay-region-0658,Karel Bolner,Karel Bolner,総督,1704,1707
toolbay-region-0658-ruler-0056,toolbay-region-0658,Pieter Rooselaar,Pieter Rooselaar,総督,1707,1709
toolbay-region-0658-ruler-0057,toolbay-region-0658,Willem Six,Willem Six,総督,1709,1711
toolbay-region-0658-ruler-0058,toolbay-region-0658,Willem Moerman,Willem Moerman,総督,1711,1717
toolbay-region-0658-ruler-0059,toolbay-region-0658,Herman van Suchtelen,Herman van Suchtelen,総督,1717,1726
toolbay-region-0658-ruler-0060,toolbay-region-0658,Johan Frederik Gobius,Johan Frederik Gobius,総督,1726,1730
toolbay-region-0658-ruler-0061,toolbay-region-0658,Pieter Rochus Pasques de Chavonnes,Pieter Rochus Pasques de Chavonnes,総督,1730,1735
toolbay-region-0658-ruler-0062,toolbay-region-0658,Roger de Lavez,Roger de Lavez,総督,1735,1741
toolbay-region-0658-ruler-0063,toolbay-region-0658,Willem Bernard Albinus,Willem Bernard Albinus,総督,1741,1748
toolbay-region-0658-ruler-0064,toolbay-region-0658,Pieter van Heemskerk,Pieter van Heemskerk,総督,1748,1753
toolbay-region-0658-ruler-0065,toolbay-region-0658,Willem Dekker,Willem Dekker,総督,1753,1758
toolbay-region-0658-ruler-0066,toolbay-region-0658,David Boelen,David Boelen,総督,1758,1764
toolbay-region-0658-ruler-0067,toolbay-region-0658,Thomas Schippers,Thomas Schippers,総督,1764,1771
toolbay-region-0658-ruler-0068,toolbay-region-0658,Jan Crans,Jan Crans,総督,1771,1775
toolbay-region-0658-ruler-0069,toolbay-region-0658,Pieter Gerardus de Bruijn,Pieter Gerardus de Bruijn,総督,1775,1788
toolbay-region-0658-ruler-0070,toolbay-region-0658,Abraham Couperus,Abraham Couperus,総督,1788,1795
toolbay-region-0658-ruler-0071,toolbay-region-0658,Archibald Brown,Archibald Brown,総督,1795,1795
toolbay-region-0658-ruler-0072,toolbay-region-0658,Thomas Parr,Thomas Parr,総督,1795,1796
toolbay-region-0658-ruler-0073,toolbay-region-0658,Richard Tolson,Richard Tolson,総督,1796,1797
toolbay-region-0658-ruler-0074,toolbay-region-0658,David Campbell,David Campbell,総督,1797,1798
toolbay-region-0658-ruler-0075,toolbay-region-0658,Aldwell Taylor,Aldwell Taylor,総督,1798,1803
toolbay-region-0658-ruler-0076,toolbay-region-0658,William Farquhar,William Farquhar,総督,1803,1818
toolbay-region-0658-ruler-0077,toolbay-region-0658,Jan Samuel Timmermann Thijssen,Jan Samuel Timmermann Thijssen,総督,1818,1822
toolbay-region-0658-ruler-0078,toolbay-region-0658,A. Koek,A. Koek,総督,1822,1824
toolbay-region-0658-ruler-0079,toolbay-region-0658,Hendrik Stephanus van Son,Hendrik Stephanus van Son,総督,1824,1825
toolbay-region-0658-ruler-0081,toolbay-region-0658,Robert Fullerton,Robert Fullerton,総督,1826,1830
toolbay-region-0658-ruler-0082,toolbay-region-0658,Robert Ibbetson,Robert Ibbetson,総督,1830,1833
toolbay-region-0658-ruler-0083,toolbay-region-0658,Kenneth Murchison,Kenneth Murchison,総督,1833,1836
toolbay-region-0658-ruler-0084,toolbay-region-0658,文咸（般咸）,Sir Samuel George Bonham,総督,1836,1843
toolbay-region-0658-ruler-0085,toolbay-region-0658,William John Butterworth,William John Butterworth,総督,1843,1855
toolbay-region-0658-ruler-0086,toolbay-region-0658,Edmund Augustus Blundell,Edmund Augustus Blundell,総督,1855,1859
toolbay-region-0658-ruler-0087,toolbay-region-0658,Sir William Orfeur Cavenagh,Sir William Orfeur Cavenagh,総督,1859,1867
toolbay-region-0658-ruler-0088,toolbay-region-0658,Sir Harry St. George Ord,Sir Harry St. George Ord,総督,1867,1873
toolbay-region-0658-ruler-0089,toolbay-region-0658,Sir Andrew Clarke,Sir Andrew Clarke,総督,1873,1875
toolbay-region-0658-ruler-0090,toolbay-region-0658,Sir William Jervois,Sir William Jervois,総督,1875,1877
toolbay-region-0658-ruler-0091,toolbay-region-0658,Sir William Cleaver Francis Robinson,Sir William Cleaver Francis Robinson,総督,1877,1879
toolbay-region-0658-ruler-0092,toolbay-region-0658,Edward Archibald Harbord Anson,Edward Archibald Harbord Anson,総督,1879,1880
toolbay-region-0658-ruler-0093,toolbay-region-0658,Sir Frederick Weld,Sir Frederick Weld,総督,1880,1887
toolbay-region-0658-ruler-0094,toolbay-region-0658,Sir Cecil Clementi Smith,Sir Cecil Clementi Smith,総督,1887,1893
toolbay-region-0658-ruler-0095,toolbay-region-0658,William Edward Maxwell,William Edward Maxwell,総督,1893,1894
toolbay-region-0658-ruler-0096,toolbay-region-0658,Sir Charles Mitchell,Sir Charles Mitchell,総督,1894,1899
toolbay-region-0658-ruler-0097,toolbay-region-0658,James Alexander Swettenham,James Alexander Swettenham,総督,1899,1901
toolbay-region-0658-ruler-0098,toolbay-region-0658,Sir Frank Swettenham,Sir Frank Swettenham,総督,1901,1904
toolbay-region-0658-ruler-0099,toolbay-region-0658,Sir John Anderson,Sir John Anderson,総督,1904,1911
toolbay-region-0658-ruler-0100,toolbay-region-0658,Sir Arthur Young,Sir Arthur Young,総督,1911,1920
toolbay-region-0658-ruler-0101,toolbay-region-0658,Sir Laurence Guillemard,Sir Laurence Guillemard,総督,1920,1927
toolbay-region-0658-ruler-0102,toolbay-region-0658,Sir Hugh Clifford,Sir Hugh Clifford,総督,1927,1930
toolbay-region-0658-ruler-0103,toolbay-region-0658,金文泰,Sir Cecil Clementi,総督,1930,1934
toolbay-region-0658-ruler-0104,toolbay-region-0658,Sir Shenton Thomas,Sir Shenton Thomas,総督,1934,1942
toolbay-region-0658-ruler-0106,toolbay-region-0658,山下奉文,Yamashita Tomoyuki,Military Governor,1942,1944
toolbay-region-0658-ruler-0107,toolbay-region-0658,寺内寿一,Terauchi Hisaichi,Military Governor,1944,1945
toolbay-region-0658-ruler-0108,toolbay-region-0658,路易斯・蒙巴顿,Louis Mountbatten,Military Governor,1945,1946
toolbay-region-0658-ruler-0110,toolbay-region-0658,Malcolm John MacDonald,Malcolm John MacDonald,総督,1946,1948
toolbay-region-0658-ruler-0112,toolbay-region-0658,Sir Henry Lovell Goldworthy Gurney,Sir Henry Lovell Goldworthy Gurney,高级专员,1948,1951
toolbay-region-0658-ruler-0113,toolbay-region-0658,Sir Gerald Walter Robert Templer,Sir Gerald Walter Robert Templer,高级专员,1952,1954
toolbay-region-0658-ruler-0114,toolbay-region-0658,Sir Donald Charles MacGillivray,Sir Donald Charles MacGillivray,高级专员,1954,1957
toolbay-region-0658-ruler-0116,toolbay-region-0658,东姑・阿都・拉曼,Tunku Abdul Rahman,最高元首,1957,1960
toolbay-region-0658-ruler-0117,toolbay-region-0658,赛义德・普特拉,Tuanku Syed Putra,最高元首,1960,1965
toolbay-region-0658-ruler-0118,toolbay-region-0658,伊斯梅尔・纳西尔丁・沙阿,Sultan Ismail Nasiruddin Shah,最高元首,1965,1970
toolbay-region-0658-ruler-0119,toolbay-region-0658,阿卜杜勒・哈利姆・穆阿扎姆・沙阿,Tuanku Abdul Halim,最高元首,1970,1975
toolbay-region-0658-ruler-0120,toolbay-region-0658,端古・叶海亚・佩特拉,Yahya Petra,最高元首,1975,1979
toolbay-region-0658-ruler-0121,toolbay-region-0658,苏丹・哈吉・艾哈迈德・沙阿,Ahmad Shah Al-Mustain Billah,最高元首,1979,1984
toolbay-region-0658-ruler-0122,toolbay-region-0658,苏丹・伊斯坎达尔・穆塔瓦基尔・安拉,Sultan Iskandar,最高元首,1984,1989
toolbay-region-0658-ruler-0123,toolbay-region-0658,拉贾・图恩・阿兹兰・沙阿,Azlan Muhibbuddin Shah,最高元首,1989,1994
toolbay-region-0658-ruler-0124,toolbay-region-0658,端古・加法尔・伊卜尼・阿卜杜勒・拉赫曼,Tuanku Jaafar Abdul Rahman,最高元首,1994,1999
toolbay-region-0658-ruler-0125,toolbay-region-0658,苏丹沙拉胡丁阿都阿兹沙,Salahuddin Abdul Aziz,最高元首,1999,2001
toolbay-region-0658-ruler-0126,toolbay-region-0658,端姑赛西拉祖丁,Tuanku Syed Sirajuddin,最高元首,2001,2006
toolbay-region-0658-ruler-0127,toolbay-region-0658,端姑米占再那阿比丁,Mizan Zainal Abidin,最高元首,2006,2011
toolbay-region-0658-ruler-0128,toolbay-region-0658,端姑阿都哈林,Tuanku Abdul Halim,最高元首,2011,2016
toolbay-region-0658-ruler-0129,toolbay-region-0658,端姑莫哈末五世,Tuanku Muhammad V,最高元首,2016,9999
toolbay-region-0658-ruler-0131,toolbay-region-0658,东姑・阿都・拉曼,Tunku Abdul Rahman,首相,1957,1970
toolbay-region-0658-ruler-0132,toolbay-region-0658,阿都・拉萨,Abdul Razak,首相,1970,1976
toolbay-region-0658-ruler-0133,toolbay-region-0658,胡先翁,Hussein Onn,首相,1976,1981
toolbay-region-0658-ruler-0134,toolbay-region-0658,马哈迪・莫哈末,Mahathir Mohamad,首相,1981,2003
toolbay-region-0658-ruler-0135,toolbay-region-0658,阿都拉・巴达威,Abdullah Ahmad Badawi,首相,2003,2009
toolbay-region-0658-ruler-0136,toolbay-region-0658,纳吉佈・阿卜杜尔・拉札克,Najib Tun Razak,首相,2009,9999
toolbay-region-0662-ruler-0009,toolbay-region-0662,Parâkramabâhu VI,Parâkramabâhu VI,国王,1412,1467
toolbay-region-0662-ruler-0010,toolbay-region-0662,Jayabâhu II,Jayabâhu II,国王,1467,1470
toolbay-region-0662-ruler-0011,toolbay-region-0662,Bhuvanaikabâhu VI,Bhuvanaikabâhu VI,国王,1470,1480
toolbay-region-0662-ruler-0012,toolbay-region-0662,Parâkkamabâhu VII,Parâkkamabâhu VII,国王,1480,1484
toolbay-region-0662-ruler-0013,toolbay-region-0662,Parâkkamabâhu VIII,Parâkkamabâhu VIII,国王,1484,1489
toolbay-region-0662-ruler-0014,toolbay-region-0662,Dharma Parãkramabãhu IX,Dharma Parãkramabãhu IX,国王,1508,1528
toolbay-region-0662-ruler-0015,toolbay-region-0662,Vijayabahu VII,Vijayabahu VII,国王,1509,1521
toolbay-region-0662-ruler-0016,toolbay-region-0662,Bhuvanekabãhu VII,Bhuvanekabãhu VII,国王,1521,1551
toolbay-region-0662-ruler-0017,toolbay-region-0662,Dharmapala,Dharmapala,国王,1551,1594
toolbay-region-0662-ruler-0019,toolbay-region-0662,Jerónimo de Azevedo,Jerónimo de Azevedo,総督,1594,1613
toolbay-region-0662-ruler-0020,toolbay-region-0662,Francisco de Meneses,Francisco de Meneses,総督,1613,1614
toolbay-region-0662-ruler-0021,toolbay-region-0662,Manuel Mascarenhas Homem,Manuel Mascarenhas Homem,総督,1614,1616
toolbay-region-0662-ruler-0022,toolbay-region-0662,Nuno Álvares Pereira,Nuno Álvares Pereira,総督,1616,1618
toolbay-region-0662-ruler-0023,toolbay-region-0662,Constantino de Sá de Noronha,Constantino de Sá de Noronha,総督,1618,1622
toolbay-region-0662-ruler-0024,toolbay-region-0662,Jorge de Albuquerque,Jorge de Albuquerque,総督,1622,1623
toolbay-region-0662-ruler-0025,toolbay-region-0662,Constantino de Sá de Noronha,Constantino de Sá de Noronha,総督,1623,1630
toolbay-region-0662-ruler-0026,toolbay-region-0662,Filipe Mascarenhas,Filipe Mascarenhas,総督,1630,1631
toolbay-region-0662-ruler-0027,toolbay-region-0662,Jorge de Almeida,Jorge de Almeida,総督,1631,1633
toolbay-region-0662-ruler-0028,toolbay-region-0662,Diego de Melo de Castro,Diego de Melo de Castro,総督,1633,1635
toolbay-region-0662-ruler-0029,toolbay-region-0662,Jorge de Almeida,Jorge de Almeida,総督,1635,1636
toolbay-region-0662-ruler-0030,toolbay-region-0662,Diogo de Melo de Castro,Diogo de Melo de Castro,総督,1636,1638
toolbay-region-0662-ruler-0031,toolbay-region-0662,António Mascarenhas,António Mascarenhas,総督,1638,1640
toolbay-region-0662-ruler-0032,toolbay-region-0662,Filipe Mascarenhas,Filipe Mascarenhas,総督,1640,1645
toolbay-region-0662-ruler-0033,toolbay-region-0662,Manuel Mascarenhas Homem,Manuel Mascarenhas Homem,総督,1645,1653
toolbay-region-0662-ruler-0034,toolbay-region-0662,Francisco de Mello e Castro,Francisco de Mello e Castro,総督,1653,1655
toolbay-region-0662-ruler-0035,toolbay-region-0662,António de Sousa Coutinho,António de Sousa Coutinho,総督,1655,1656
toolbay-region-0662-ruler-0036,toolbay-region-0662,Adriaan van der Meyden,Adriaan van der Meyden,総督,1656,1660
toolbay-region-0662-ruler-0037,toolbay-region-0662,Rijckloff van Goens,Rijckloff van Goens,総督,1660,1661
toolbay-region-0662-ruler-0038,toolbay-region-0662,Adriaan van der Meyden,Adriaan van der Meyden,総督,1661,1663
toolbay-region-0662-ruler-0039,toolbay-region-0662,Jacob Hustaert,Jacob Hustaert,総督,1663,1664
toolbay-region-0662-ruler-0040,toolbay-region-0662,Rijckloff van Goens,Rijckloff van Goens,総督,1664,1675
toolbay-region-0662-ruler-0041,toolbay-region-0662,Ryklof van Goens de jonge,Ryklof van Goens de jonge,総督,1675,1680
toolbay-region-0662-ruler-0042,toolbay-region-0662,Laurens Peil,Laurens Peil,総督,1680,1693
toolbay-region-0662-ruler-0043,toolbay-region-0662,Thomas van Rhee,Thomas van Rhee,総督,1693,1695
toolbay-region-0662-ruler-0044,toolbay-region-0662,Paulus van Rhoo,Paulus van Rhoo,総督,1695,1697
toolbay-region-0662-ruler-0045,toolbay-region-0662,Gerrit de Heere,Gerrit de Heere,総督,1697,1702
toolbay-region-0662-ruler-0046,toolbay-region-0662,Cornelis Joannes Simonszoon,Cornelis Joannes Simonszoon,総督,1703,1707
toolbay-region-0662-ruler-0047,toolbay-region-0662,Hendrik Bekker,Hendrik Bekker,総督,1707,1716
toolbay-region-0662-ruler-0048,toolbay-region-0662,Isaak Augustyn Rumpf,Isaak Augustyn Rumpf,総督,1716,1723
toolbay-region-0662-ruler-0049,toolbay-region-0662,Arnold Mold,Arnold Mold,総督,1723,1724
toolbay-region-0662-ruler-0050,toolbay-region-0662,Johannes Hertenberg,Johannes Hertenberg,総督,1724,1725
toolbay-region-0662-ruler-0051,toolbay-region-0662,Jan Paulus Schagen,Jan Paulus Schagen,総督,1725,1726
toolbay-region-0662-ruler-0052,toolbay-region-0662,Petrus Vuyst,Petrus Vuyst,総督,1726,1729
toolbay-region-0662-ruler-0053,toolbay-region-0662,Stephanus Versluys,Stephanus Versluys,総督,1729,1732
toolbay-region-0662-ruler-0054,toolbay-region-0662,Jacob Christian Pielaat,Jacob Christian Pielaat,総督,1732,1734
toolbay-region-0662-ruler-0055,toolbay-region-0662,Diederik van Domburg,Diederik van Domburg,総督,1734,1736
toolbay-region-0662-ruler-0056,toolbay-region-0662,Gustaaf Willem baron van Imhoff,Gustaaf Willem baron van Imhoff,総督,1736,1740
toolbay-region-0662-ruler-0057,toolbay-region-0662,Willem Maurits Bruyninck,Willem Maurits Bruyninck,総督,1740,1742
toolbay-region-0662-ruler-0058,toolbay-region-0662,Daniel Overbeek,Daniel Overbeek,総督,1742,1743
toolbay-region-0662-ruler-0059,toolbay-region-0662,Julius Valentyn Stein van Gollenesse,Julius Valentyn Stein van Gollenesse,総督,1743,1751
toolbay-region-0662-ruler-0060,toolbay-region-0662,Gerard Joan Vreeland,Gerard Joan Vreeland,総督,1751,1752
toolbay-region-0662-ruler-0061,toolbay-region-0662,Joan Gideon Loten,Joan Gideon Loten,総督,1752,1757
toolbay-region-0662-ruler-0062,toolbay-region-0662,Jan Schreuder,Jan Schreuder,総督,1757,1762
toolbay-region-0662-ruler-0063,toolbay-region-0662,Lubbert Jan baron van Eck,Lubbert Jan baron van Eck,総督,1762,1765
toolbay-region-0662-ruler-0064,toolbay-region-0662,Iman Willem Falck,Iman Willem Falck,総督,1765,1785
toolbay-region-0662-ruler-0065,toolbay-region-0662,Pierré Andre de Suffern Saint,Pierré Andre de Suffern Saint,総督,1782,1784
toolbay-region-0662-ruler-0066,toolbay-region-0662,Willem Jacob van de Graaf,Willem Jacob van de Graaf,総督,1785,1794
toolbay-region-0662-ruler-0067,toolbay-region-0662,Johan Gerard van Angelbeek,Johan Gerard van Angelbeek,総督,1794,1796
toolbay-region-0663-ruler-0006,toolbay-region-0663,赫兹尔汗,Khizr Khan,领导,1414,1421
toolbay-region-0663-ruler-0007,toolbay-region-0663,穆巴拉克沙,Mubarak Shah,领导,1421,1434
toolbay-region-0663-ruler-0008,toolbay-region-0663,穆罕默德沙,Muhammad Shah,领导,1434,1445
toolbay-region-0663-ruler-0009,toolbay-region-0663,Alam Shah,Alam Shah,领导,1445,1451
toolbay-region-0663-ruler-0011,toolbay-region-0663,巴赫鲁尔・洛迪,Bahlul Khan Lodhi,苏丹,1451,1489
toolbay-region-0663-ruler-0012,toolbay-region-0663,Sikandar Lodhi,Sikandar Lodhi,苏丹,1489,1517
toolbay-region-0663-ruler-0013,toolbay-region-0663,Ibrahim Khan Lodhi,Ibrahim Khan Lodhi,苏丹,1517,1526
toolbay-region-0669-ruler-0005,toolbay-region-0669,Abu'l-Khayr Khan,Abu'l-Khayr Khan,领导,1429,1468
toolbay-region-0670-ruler-0005,toolbay-region-0670,穆罕默德・昔班尼,Muhammad Shaybani,领导,1500,1510
toolbay-region-0670-ruler-0006,toolbay-region-0670,Abu Said,Abu Said,领导,1531,1534
toolbay-region-0670-ruler-0007,toolbay-region-0670,Ubayd Allah Khan,Ubayd Allah Khan,领导,1534,1539
toolbay-region-0670-ruler-0008,toolbay-region-0670,Abdullah Khan I,Abdullah Khan I,领导,1539,1540
toolbay-region-0670-ruler-0009,toolbay-region-0670,Bir Muhammand I,Bir Muhammand I,领导,1556,1561
toolbay-region-0672-ruler-0005,toolbay-region-0672,Abu'l-Khayr,Abu'l-Khayr,汗,1428,1464
toolbay-region-0672-ruler-0006,toolbay-region-0672,伊巴克汗,Ibak,汗,1464,1495
toolbay-region-0672-ruler-0007,toolbay-region-0672,马木克,Mamuq,汗,1495,1502
toolbay-region-0672-ruler-0008,toolbay-region-0672,Kuluk,Kuluk,汗,1502,1530
toolbay-region-0672-ruler-0009,toolbay-region-0672,库楚汗,Kuchum,汗,1530,1598
toolbay-region-0676-ruler-0006,toolbay-region-0676,Sharif ul-Hashim,Sharif ul-Hashim,苏丹,1450,1480
toolbay-region-0676-ruler-0007,toolbay-region-0676,Kamal ud-Din,Kamal ud-Din,苏丹,1480,1505
toolbay-region-0676-ruler-0008,toolbay-region-0676,Amir ul-Umara,Amir ul-Umara,苏丹,1505,1527
toolbay-region-0676-ruler-0009,toolbay-region-0676,Mu-izz ul-Mutawadi-in,Mu-izz ul-Mutawadi-in,苏丹,1527,1548
toolbay-region-0676-ruler-0010,toolbay-region-0676,Nasir ud-Din I,Nasir ud-Din I,苏丹,1548,1568
toolbay-region-0676-ruler-0011,toolbay-region-0676,Muhammad ul-Halim,Muhammad ul-Halim,苏丹,1568,1596
toolbay-region-0676-ruler-0012,toolbay-region-0676,Batara Shah Tengah,Batara Shah Tengah,苏丹,1596,1608
toolbay-region-0676-ruler-0013,toolbay-region-0676,Muwallil Wasit,Muwallil Wasit,苏丹,1610,1650
toolbay-region-0676-ruler-0014,toolbay-region-0676,Nasir ud-Din II,Nasir ud-Din II,苏丹,1645,1648
toolbay-region-0676-ruler-0015,toolbay-region-0676,Salah ud-Din Bakhtiar,Salah ud-Din Bakhtiar,苏丹,1649,1680
toolbay-region-0676-ruler-0016,toolbay-region-0676,Shahab ud-Din,Shahab ud-Din,苏丹,1685,1710
toolbay-region-0676-ruler-0017,toolbay-region-0676,Mustafa Shafi ud-Din,Mustafa Shafi ud-Din,苏丹,1710,1718
toolbay-region-0676-ruler-0018,toolbay-region-0676,Badar ud-Din I,Badar ud-Din I,苏丹,1718,1732
toolbay-region-0676-ruler-0019,toolbay-region-0676,Nasar ud-Din,Nasar ud-Din,苏丹,1732,1735
toolbay-region-0676-ruler-0020,toolbay-region-0676,Azim ud-Din I,Azim ud-Din I,苏丹,1735,1748
toolbay-region-0676-ruler-0021,toolbay-region-0676,Muizz ud-Din,Muizz ud-Din,苏丹,1748,1763
toolbay-region-0676-ruler-0022,toolbay-region-0676,Azim ud-Din II,Azim ud-Din II,苏丹,1763,1764
toolbay-region-0676-ruler-0023,toolbay-region-0676,Azim ud-Din I,Azim ud-Din I,苏丹,1764,1774
toolbay-region-0676-ruler-0024,toolbay-region-0676,Muhammad Israil,Muhammad Israil,苏丹,1774,1778
toolbay-region-0676-ruler-0025,toolbay-region-0676,Azim ud-Din II,Azim ud-Din II,苏丹,1778,1791
toolbay-region-0676-ruler-0026,toolbay-region-0676,Sharaf ud-Din,Sharaf ud-Din,苏丹,1791,1808
toolbay-region-0676-ruler-0027,toolbay-region-0676,Ali ud-Din,Ali ud-Din,苏丹,1808,1821
toolbay-region-0676-ruler-0028,toolbay-region-0676,Shakirullah,Shakirullah,苏丹,1821,1823
toolbay-region-0676-ruler-0029,toolbay-region-0676,Jamal ul-Kiram I,Jamal ul-Kiram I,苏丹,1823,1842
toolbay-region-0676-ruler-0030,toolbay-region-0676,Muhammad Fadl,Muhammad Fadl,苏丹,1842,1862
toolbay-region-0676-ruler-0031,toolbay-region-0676,Jamal ul-Azam,Jamal ul-Azam,苏丹,1862,1881
toolbay-region-0676-ruler-0032,toolbay-region-0676,Badar ud-Din II,Badar ud-Din II,苏丹,1881,1884
toolbay-region-0676-ruler-0033,toolbay-region-0676,Harun al-Rashid,Harun al-Rashid,苏丹,1886,1894
toolbay-region-0676-ruler-0034,toolbay-region-0676,Jamal ul-Kiram II,Jamal ul-Kiram II,苏丹,1864,1936
toolbay-region-0677-ruler-0012,toolbay-region-0677,Vimala Dharmasurya I,Vimala Dharmasurya I,国王,1591,1604
toolbay-region-0677-ruler-0013,toolbay-region-0677,Senarat,Senarat,国王,1604,1635
toolbay-region-0677-ruler-0014,toolbay-region-0677,Rajasingha II,Rajasingha II,国王,1635,1686
toolbay-region-0677-ruler-0015,toolbay-region-0677,Vimala Dharmasurya II,Vimala Dharmasurya II,国王,1687,1707
toolbay-region-0677-ruler-0016,toolbay-region-0677,Viraparakkama Narendrasimha,Viraparakkama Narendrasimha,国王,1707,1739
toolbay-region-0677-ruler-0017,toolbay-region-0677,Sri Vijaya Rajasimha,Sri Vijaya Rajasimha,国王,1739,1747
toolbay-region-0677-ruler-0018,toolbay-region-0677,Kirti Sri Rajasimha,Kirti Sri Rajasimha,国王,1747,1782
toolbay-region-0677-ruler-0019,toolbay-region-0677,Sri Rajadhirajasimha,Sri Rajadhirajasimha,国王,1782,1798
toolbay-region-0677-ruler-0020,toolbay-region-0677,Sri Vikrama Rajasinha,Sri Vikrama Rajasinha,国王,1798,1805
toolbay-region-0677-ruler-0022,toolbay-region-0677,"Frederick North, Earl of Guilford","Frederick North, Earl of Guilford",総督,1798,1805
toolbay-region-0677-ruler-0023,toolbay-region-0677,Thomas Maitland,Thomas Maitland,総督,1805,1811
toolbay-region-0677-ruler-0024,toolbay-region-0677,John Wilson,John Wilson,総督,1811,1812
toolbay-region-0677-ruler-0025,toolbay-region-0677,Robert Brownrigg,Robert Brownrigg,総督,1812,1820
toolbay-region-0677-ruler-0026,toolbay-region-0677,Edward Barnes,Edward Barnes,総督,1820,1822
toolbay-region-0677-ruler-0027,toolbay-region-0677,James Campbell,James Campbell,総督,1822,1824
toolbay-region-0677-ruler-0028,toolbay-region-0677,Edward Barnes,Edward Barnes,総督,1824,1831
toolbay-region-0677-ruler-0029,toolbay-region-0677,Robert Wilmot-Horton,Robert Wilmot-Horton,総督,1831,1837
toolbay-region-0677-ruler-0030,toolbay-region-0677,James Alexander Stewart Mackenzie,James Alexander Stewart Mackenzie,総督,1837,1841
toolbay-region-0677-ruler-0031,toolbay-region-0677,Colin Campbell,Colin Campbell,総督,1841,1847
toolbay-region-0677-ruler-0032,toolbay-region-0677,"George Byng, Viscount Torrington","George Byng, Viscount Torrington",総督,1847,1850
toolbay-region-0677-ruler-0033,toolbay-region-0677,Sir George William Anderson,Sir George William Anderson,総督,1850,1855
toolbay-region-0677-ruler-0034,toolbay-region-0677,Henry George Ward,Henry George Ward,総督,1855,1860
toolbay-region-0677-ruler-0035,toolbay-region-0677,Charles Justin MacCarthy,Charles Justin MacCarthy,総督,1860,1863
toolbay-region-0677-ruler-0036,toolbay-region-0677,Terence O'Brien,Terence O'Brien,総督,1863,1865
toolbay-region-0677-ruler-0037,toolbay-region-0677,夏乔士・罗便臣,Hercules George Robert Robinson,総督,1865,1872
toolbay-region-0677-ruler-0038,toolbay-region-0677,William Henry Gregory,William Henry Gregory,総督,1872,1877
toolbay-region-0677-ruler-0039,toolbay-region-0677,Sir James Robert Longden,Sir James Robert Longden,総督,1877,1883
toolbay-region-0677-ruler-0040,toolbay-region-0677,Arthur Hamilton Gordon,Arthur Hamilton Gordon,総督,1883,1890
toolbay-region-0677-ruler-0041,toolbay-region-0677,Arthur Elibank Havelock,Arthur Elibank Havelock,総督,1890,1895
toolbay-region-0677-ruler-0042,toolbay-region-0677,Edward Noël Walker,Edward Noël Walker,総督,1895,1896
toolbay-region-0677-ruler-0043,toolbay-region-0677,Joseph West Ridgeway,Joseph West Ridgeway,総督,1896,1903
toolbay-region-0677-ruler-0044,toolbay-region-0677,Sir Henry Arthur Blake,Sir Henry Arthur Blake,総督,1903,1907
toolbay-region-0677-ruler-0045,toolbay-region-0677,Sir Henry Edward McCallum,Sir Henry Edward McCallum,総督,1907,1913
toolbay-region-0677-ruler-0046,toolbay-region-0677,Robert Chalmers,Robert Chalmers,総督,1913,1915
toolbay-region-0677-ruler-0047,toolbay-region-0677,司徒拔,Sir Reginald Edward Stubbs,総督,1915,1916
toolbay-region-0677-ruler-0048,toolbay-region-0677,Sir John Anderson,Sir John Anderson,総督,1916,1918
toolbay-region-0677-ruler-0049,toolbay-region-0677,Sir William Henry Manning,Sir William Henry Manning,総督,1918,1925
toolbay-region-0677-ruler-0050,toolbay-region-0677,Sir Hugh Charles Clifford,Sir Hugh Charles Clifford,総督,1925,1928
toolbay-region-0677-ruler-0051,toolbay-region-0677,Sir Herbert James Stanley,Sir Herbert James Stanley,総督,1928,1931
toolbay-region-0677-ruler-0052,toolbay-region-0677,Sir Graeme Thomson,Sir Graeme Thomson,総督,1931,1933
toolbay-region-0677-ruler-0053,toolbay-region-0677,司徒拔,Sir Reginald Edward Stubbs,総督,1933,1937
toolbay-region-0677-ruler-0054,toolbay-region-0677,郝德杰,Sir Andrew Caldecott,総督,1937,1944
toolbay-region-0677-ruler-0055,toolbay-region-0677,Henry Monck-Mason Moore,Henry Monck-Mason Moore,総督,1944,1948
toolbay-region-0677-ruler-0057,toolbay-region-0677,Henry Monck-Mason Moore,Henry Monck-Mason Moore,総督,1948,1949
toolbay-region-0677-ruler-0058,toolbay-region-0677,Herwald Ramsbotham,Herwald Ramsbotham,総督,1949,1954
toolbay-region-0677-ruler-0059,toolbay-region-0677,Oliver Ernest Goonetilleke,Oliver Ernest Goonetilleke,総督,1954,1962
toolbay-region-0677-ruler-0060,toolbay-region-0677,威廉・高伯拉瓦,William Gopallawa,総督,1962,1972
toolbay-region-0677-ruler-0062,toolbay-region-0677,威廉・高伯拉瓦,William Gopallawa,总统,1972,1978
toolbay-region-0677-ruler-0063,toolbay-region-0677,朱尼厄斯・理査德・贾亚瓦德纳,Junius Richard Jayewardene,总统,1978,1989
toolbay-region-0677-ruler-0064,toolbay-region-0677,拉纳辛哈・普雷马达萨,Ranasinghe Premadasa,总统,1989,1993
toolbay-region-0677-ruler-0065,toolbay-region-0677,丁吉利・班达・维杰通加,Dingiri Banda Wijetunge,总统,1993,1994
toolbay-region-0677-ruler-0066,toolbay-region-0677,銭德里卡・班达拉奈克・库马拉通加,Chandrika Kumaratunga,总统,1994,2005
toolbay-region-0677-ruler-0067,toolbay-region-0677,马欣达・拉贾帕克萨,Mahinda Rajapaksa,总统,2005,2015
toolbay-region-0677-ruler-0068,toolbay-region-0677,迈特里帕拉・西里塞纳,Maithripala Sirisena,总统,2015,9999
toolbay-region-0677-ruler-0070,toolbay-region-0677,唐・史蒂芬・森纳那亚克,Don Stephen Senanayake,首相,1948,1952
toolbay-region-0677-ruler-0071,toolbay-region-0677,杜德利・谢尔顿・森纳那亚克,Dudley Shelton Senanayake,首相,1952,1953
toolbay-region-0677-ruler-0072,toolbay-region-0677,约翰・莱昂内尔・科特拉瓦拉,John Lionel Kotalawela,首相,1953,1956
toolbay-region-0677-ruler-0073,toolbay-region-0677,所罗门・韦斯特・里奇韦・迪亚斯・班达拉奈克,Solomon Ridgeway Dias Bandaranaike,首相,1956,1959
toolbay-region-0677-ruler-0074,toolbay-region-0677,Wijeyananda Dahanayake,Wijeyananda Dahanayake,首相,1959,1960
toolbay-region-0677-ruler-0075,toolbay-region-0677,西丽玛沃・班达拉奈克,Sirimavo Ratwatte Dias Bandaranaike,首相,1960,1965
toolbay-region-0677-ruler-0076,toolbay-region-0677,杜德利・谢尔顿・森纳那亚克,Dudley Shelton Senanayake,首相,1965,1970
toolbay-region-0677-ruler-0077,toolbay-region-0677,西丽玛沃・班达拉奈克,Sirimavo Ratwatte Dias Bandaranaike,首相,1970,1977
toolbay-region-0677-ruler-0078,toolbay-region-0677,朱尼厄斯・理査德・贾亚瓦德纳,Junius Richard Jayewardene,首相,1977,1978
toolbay-region-0677-ruler-0079,toolbay-region-0677,拉纳辛哈・普雷马达萨,Ranasinghe Premadasa,首相,1978,1989
toolbay-region-0677-ruler-0080,toolbay-region-0677,丁吉利・班达・维杰通加,Dingiri Banda Wijetunge,首相,1989,1993
toolbay-region-0677-ruler-0081,toolbay-region-0677,拉尼尔・维克勒马辛哈,Ranil Wickremesinghe,首相,1993,1994
toolbay-region-0677-ruler-0082,toolbay-region-0677,西丽玛沃・班达拉奈克,Sirimavo Ratwatte Dias Bandaranaike,首相,1994,2000
toolbay-region-0677-ruler-0083,toolbay-region-0677,拉特纳西里・维克勒马纳亚克,Ratnasiri Wickremanayake,首相,2000,2001
toolbay-region-0677-ruler-0084,toolbay-region-0677,拉尼尔・维克勒马辛哈,Ranil Wickremesinghe,首相,2001,2004
toolbay-region-0677-ruler-0085,toolbay-region-0677,马欣达・拉贾帕克萨,Mahinda Rajapaksa,首相,2004,2005
toolbay-region-0677-ruler-0086,toolbay-region-0677,拉特纳西里・维克勒马纳亚克,Ratnasiri Wickremanayake,首相,2005,2010
toolbay-region-0677-ruler-0087,toolbay-region-0677,迪萨纳亚克・贾亚拉特纳,Disanayaka Mudiyanselage Jayaratne,首相,2010,2015
toolbay-region-0677-ruler-0088,toolbay-region-0677,Ranil Wickremesinghe,Ranil Wickremesinghe,首相,2015,9999
toolbay-region-0680-ruler-0005,toolbay-region-0680,Ali Mughayat Syah,Ali Mughayat Syah,苏丹,1496,1528
toolbay-region-0680-ruler-0006,toolbay-region-0680,Salahuddin,Salahuddin,苏丹,1528,1537
toolbay-region-0680-ruler-0007,toolbay-region-0680,Alauddin al Qahhar,Alauddin al Qahhar,苏丹,1537,1568
toolbay-region-0680-ruler-0008,toolbay-region-0680,Husain Ali Riayat Syah,Husain Ali Riayat Syah,苏丹,1568,1575
toolbay-region-0680-ruler-0009,toolbay-region-0680,Sri Alam,Sri Alam,苏丹,1575,1576
toolbay-region-0680-ruler-0010,toolbay-region-0680,Zainal Abidin,Zainal Abidin,苏丹,1576,1577
toolbay-region-0680-ruler-0011,toolbay-region-0680,Alauddin Mansur Syah,Alauddin Mansur Syah,苏丹,1577,1589
toolbay-region-0680-ruler-0012,toolbay-region-0680,Buyong,Buyong,苏丹,1589,1596
toolbay-region-0680-ruler-0013,toolbay-region-0680,Alauddin Riayat Syah Sayyid al-Mukammil,Alauddin Riayat Syah Sayyid al-Mukammil,苏丹,1596,1604
toolbay-region-0680-ruler-0014,toolbay-region-0680,Ali Riayat Syah,Ali Riayat Syah,苏丹,1604,1607
toolbay-region-0680-ruler-0015,toolbay-region-0680,Iskandar Muda,Iskandar Muda,苏丹,1607,1636
toolbay-region-0680-ruler-0016,toolbay-region-0680,Iskandar Thani,Iskandar Thani,苏丹,1636,1641
toolbay-region-0680-ruler-0018,toolbay-region-0680,Ratu Safiatuddin Tajul Alam,Ratu Safiatuddin Tajul Alam,苏丹娜,1641,1675
toolbay-region-0680-ruler-0019,toolbay-region-0680,Ratu Naqiatuddin Nurul Alam,Ratu Naqiatuddin Nurul Alam,苏丹娜,1675,1678
toolbay-region-0680-ruler-0020,toolbay-region-0680,Ratu Zaqiatuddin Inayat Syah,Ratu Zaqiatuddin Inayat Syah,苏丹娜,1678,1688
toolbay-region-0680-ruler-0021,toolbay-region-0680,Ratu Kamalat Syah Zinatuddin,Ratu Kamalat Syah Zinatuddin,苏丹娜,1688,1699
toolbay-region-0680-ruler-0023,toolbay-region-0680,Badrul Alam Syarif Hashim Jamaluddin,Badrul Alam Syarif Hashim Jamaluddin,苏丹,1699,1702
toolbay-region-0680-ruler-0024,toolbay-region-0680,Perkasa Alam Syarif Lamtui,Perkasa Alam Syarif Lamtui,苏丹,1702,1703
toolbay-region-0680-ruler-0025,toolbay-region-0680,Jamal ul Alam Badrul Munir,Jamal ul Alam Badrul Munir,苏丹,1703,1726
toolbay-region-0680-ruler-0026,toolbay-region-0680,Syamsul Alam,Syamsul Alam,苏丹,1726,1727
toolbay-region-0680-ruler-0027,toolbay-region-0680,Alauddin Ahmad Syah,Alauddin Ahmad Syah,苏丹,1727,1735
toolbay-region-0680-ruler-0028,toolbay-region-0680,Alauddin Johan Syah,Alauddin Johan Syah,苏丹,1735,1760
toolbay-region-0680-ruler-0029,toolbay-region-0680,Mahmud Syah,Mahmud Syah,苏丹,1750,1781
toolbay-region-0680-ruler-0030,toolbay-region-0680,Badruddin,Badruddin,苏丹,1764,1785
toolbay-region-0680-ruler-0031,toolbay-region-0680,Sulaiman Syah,Sulaiman Syah,苏丹,1775,1781
toolbay-region-0680-ruler-0032,toolbay-region-0680,Alauddin Muhammad Daud Syah,Alauddin Muhammad Daud Syah,苏丹,1781,1795
toolbay-region-0680-ruler-0033,toolbay-region-0680,Alauddin Jauhar ul Alam,Alauddin Jauhar ul Alam,苏丹,1795,1815
toolbay-region-0680-ruler-0034,toolbay-region-0680,Syarif Saif ul Alam,Syarif Saif ul Alam,苏丹,1815,1818
toolbay-region-0680-ruler-0035,toolbay-region-0680,Alauddin Jauhar ul Alam,Alauddin Jauhar ul Alam,苏丹,1818,1824
toolbay-region-0680-ruler-0036,toolbay-region-0680,Muhammad Syah,Muhammad Syah,苏丹,1824,1838
toolbay-region-0680-ruler-0037,toolbay-region-0680,苏莱曼・沙,Sulaiman Syah,苏丹,1838,1857
toolbay-region-0680-ruler-0038,toolbay-region-0680,Mansur Syah,Mansur Syah,苏丹,1857,1870
toolbay-region-0680-ruler-0039,toolbay-region-0680,Mahmud Syah,Mahmud Syah,苏丹,1870,1874
toolbay-region-0680-ruler-0040,toolbay-region-0680,Muhammad Daud Syah,Muhammad Daud Syah,苏丹,1874,1903
toolbay-region-0692-ruler-0012,toolbay-region-0692,穆罕默德・昔班尼,Muhammad Shaybani,汗,1500,1510
toolbay-region-0692-ruler-0013,toolbay-region-0692,Ubayd Allah Khan,Ubayd Allah Khan,汗,1512,1539
toolbay-region-0692-ruler-0014,toolbay-region-0692,Abdullah Khan I,Abdullah Khan I,汗,1539,1540
toolbay-region-0692-ruler-0015,toolbay-region-0692,Abdul Aziz Khan,Abdul Aziz Khan,汗,1540,1550
toolbay-region-0692-ruler-0016,toolbay-region-0692,Bir Muhammad Khan I,Bir Muhammad Khan I,汗,1550,1551
toolbay-region-0692-ruler-0017,toolbay-region-0692,Abdullah Khan II,Abdullah Khan II,汗,1557,1598
toolbay-region-0692-ruler-0018,toolbay-region-0692,Bir Muhammad Khan II,Bir Muhammad Khan II,汗,1589,1599
toolbay-region-0692-ruler-0019,toolbay-region-0692,Boqi Muhammad,Boqi Muhammad,汗,1599,1605
toolbay-region-0692-ruler-0020,toolbay-region-0692,Vali Muhammad,Vali Muhammad,汗,1605,1611
toolbay-region-0692-ruler-0021,toolbay-region-0692,Imom Quli Khan,Imom Quli Khan,汗,1611,1642
toolbay-region-0692-ruler-0022,toolbay-region-0692,Nodir Muhammad,Nodir Muhammad,汗,1642,1645
toolbay-region-0692-ruler-0023,toolbay-region-0692,Abdu Aziz Khan,Abdu Aziz Khan,汗,1645,1680
toolbay-region-0692-ruler-0024,toolbay-region-0692,Subhan Quli Khan,Subhan Quli Khan,汗,1681,1702
toolbay-region-0692-ruler-0025,toolbay-region-0692,`Ubayd Allah Khan,`Ubayd Allah Khan,汗,1702,1711
toolbay-region-0692-ruler-0026,toolbay-region-0692,Abu al-Fa´id Khan,Abu al-Fa´id Khan,汗,1711,1747
toolbay-region-0692-ruler-0027,toolbay-region-0692,`Abd al-Mu´min Khan,`Abd al-Mu´min Khan,汗,1747,1751
toolbay-region-0692-ruler-0028,toolbay-region-0692,`Ubayd Allah Khan,`Ubayd Allah Khan,汗,1751,1752
toolbay-region-0692-ruler-0030,toolbay-region-0692,Muhammad Rahim Khan,Muhammad Rahim Khan,埃米尔,1753,1758
toolbay-region-0692-ruler-0031,toolbay-region-0692,Daniyal Biy Atalyq,Daniyal Biy Atalyq,埃米尔,1768,1770
toolbay-region-0692-ruler-0032,toolbay-region-0692,Shah Murad Khan,Shah Murad Khan,埃米尔,1770,1799
toolbay-region-0692-ruler-0033,toolbay-region-0692,Haydar Tura Khan,Haydar Tura Khan,埃米尔,1799,1826
toolbay-region-0692-ruler-0034,toolbay-region-0692,Nasr Allah Bahadur Khan,Nasr Allah Bahadur Khan,埃米尔,1826,1860
toolbay-region-0692-ruler-0035,toolbay-region-0692,Muzaffar ad-Din Bahadur Khan,Muzaffar ad-Din Bahadur Khan,埃米尔,1860,1885
toolbay-region-0692-ruler-0036,toolbay-region-0692,`Abd al-Ahad Khan,`Abd al-Ahad Khan,埃米尔,1885,1911
toolbay-region-0692-ruler-0037,toolbay-region-0692,Muhammad `Alim Khan,Muhammad `Alim Khan,埃米尔,1911,1920
toolbay-region-0692-ruler-0039,toolbay-region-0692,Faizullah Khojaev,Faizullah Khojaev,President of the Council,1920,1924
toolbay-region-0693-ruler-0010,toolbay-region-0693,Ilbars I,Ilbars I,汗,1511,1518
toolbay-region-0693-ruler-0011,toolbay-region-0693,Sultan Haji,Sultan Haji,汗,1518,1519
toolbay-region-0693-ruler-0012,toolbay-region-0693,Hasan Quli,Hasan Quli,汗,1519,1524
toolbay-region-0693-ruler-0013,toolbay-region-0693,Bujugha,Bujugha,汗,1524,1529
toolbay-region-0693-ruler-0014,toolbay-region-0693,Sufyan,Sufyan,汗,1529,1535
toolbay-region-0693-ruler-0015,toolbay-region-0693,Avnik,Avnik,汗,1535,1538
toolbay-region-0693-ruler-0016,toolbay-region-0693,Qal,Qal,汗,1539,1549
toolbay-region-0693-ruler-0017,toolbay-region-0693,Aqatay,Aqatay,汗,1549,1557
toolbay-region-0693-ruler-0018,toolbay-region-0693,Dust Muhammad,Dust Muhammad,汗,1557,1558
toolbay-region-0693-ruler-0019,toolbay-region-0693,Haji Muhammad I,Haji Muhammad I,汗,1558,1602
toolbay-region-0693-ruler-0020,toolbay-region-0693,Arab Muhammad I,Arab Muhammad I,汗,1602,1623
toolbay-region-0693-ruler-0021,toolbay-region-0693,Isfandiyar,Isfandiyar,汗,1623,1643
toolbay-region-0693-ruler-0022,toolbay-region-0693,Abu al-Ghazi I Bahadur,Abu al-Ghazi I Bahadur,汗,1643,1663
toolbay-region-0693-ruler-0023,toolbay-region-0693,Anusha,Anusha,汗,1663,1685
toolbay-region-0693-ruler-0024,toolbay-region-0693,Khudaydad,Khudaydad,汗,1685,1687
toolbay-region-0693-ruler-0025,toolbay-region-0693,Muhammad Awrang I,Muhammad Awrang I,汗,1687,1694
toolbay-region-0693-ruler-0026,toolbay-region-0693,Chuchaq,Chuchaq,汗,1694,1697
toolbay-region-0693-ruler-0027,toolbay-region-0693,Vali,Vali,汗,1697,1698
toolbay-region-0693-ruler-0028,toolbay-region-0693,Ishaq Agha Shah Niyaz,Ishaq Agha Shah Niyaz,汗,1698,1701
toolbay-region-0693-ruler-0029,toolbay-region-0693,Awrang II,Awrang II,汗,1701,1702
toolbay-region-0693-ruler-0030,toolbay-region-0693,Musa,Musa,汗,1702,1712
toolbay-region-0693-ruler-0031,toolbay-region-0693,Yadigar I,Yadigar I,汗,1712,1713
toolbay-region-0693-ruler-0032,toolbay-region-0693,Awrang III,Awrang III,汗,1713,1714
toolbay-region-0693-ruler-0033,toolbay-region-0693,Shir Ghazi,Shir Ghazi,汗,1714,1727
toolbay-region-0693-ruler-0034,toolbay-region-0693,Bahadur,Bahadur,汗,1727,1728
toolbay-region-0693-ruler-0035,toolbay-region-0693,Ilbars II,Ilbars II,汗,1728,1740
toolbay-region-0693-ruler-0036,toolbay-region-0693,Tahir,Tahir,汗,1740,1742
toolbay-region-0693-ruler-0037,toolbay-region-0693,Abu al-Ghazi II Muhammad,Abu al-Ghazi II Muhammad,汗,1742,1747
toolbay-region-0693-ruler-0038,toolbay-region-0693,Ghaib,Ghaib,汗,1747,1758
toolbay-region-0693-ruler-0039,toolbay-region-0693,Timur Ghazi,Timur Ghazi,汗,1758,1764
toolbay-region-0693-ruler-0040,toolbay-region-0693,Tawke,Tawke,汗,1764,1766
toolbay-region-0693-ruler-0041,toolbay-region-0693,Shah Ghazi,Shah Ghazi,汗,1766,1768
toolbay-region-0693-ruler-0042,toolbay-region-0693,Abu al-Ghazi III,Abu al-Ghazi III,汗,1768,1769
toolbay-region-0693-ruler-0043,toolbay-region-0693,Jahangir,Jahangir,汗,1769,1770
toolbay-region-0693-ruler-0044,toolbay-region-0693,Aqim,Aqim,汗,1770,1771
toolbay-region-0693-ruler-0045,toolbay-region-0693,Aqim,Aqim,汗,1772,1773
toolbay-region-0693-ruler-0046,toolbay-region-0693,Yadigar II,Yadigar II,汗,1773,1775
toolbay-region-0693-ruler-0047,toolbay-region-0693,Abu'l Fayz,Abu'l Fayz,汗,1775,1779
toolbay-region-0693-ruler-0048,toolbay-region-0693,Yadigar II,Yadigar II,汗,1779,1781
toolbay-region-0693-ruler-0049,toolbay-region-0693,Pulad Ghazi,Pulad Ghazi,汗,1781,1783
toolbay-region-0693-ruler-0050,toolbay-region-0693,Yadigar II,Yadigar II,汗,1783,1790
toolbay-region-0693-ruler-0051,toolbay-region-0693,Abu al-Ghazi IV,Abu al-Ghazi IV,汗,1790,1802
toolbay-region-0693-ruler-0052,toolbay-region-0693,Abu al-Ghazi V ibn Gha'ib,Abu al-Ghazi V ibn Gha'ib,汗,1802,1804
toolbay-region-0693-ruler-0053,toolbay-region-0693,Iltazar Inaq ibn Iwaz Inaq Biy,Iltazar Inaq ibn Iwaz Inaq Biy,汗,1804,1806
toolbay-region-0693-ruler-0054,toolbay-region-0693,Muhammad Rahim Bahadur,Muhammad Rahim Bahadur,汗,1806,1825
toolbay-region-0693-ruler-0055,toolbay-region-0693,Allah Quli Bahadur,Allah Quli Bahadur,汗,1825,1842
toolbay-region-0693-ruler-0056,toolbay-region-0693,Muhammad Rahim Quli,Muhammad Rahim Quli,汗,1842,1846
toolbay-region-0693-ruler-0057,toolbay-region-0693,Abu al-Ghazi Muhammad Amin Bahadur,Abu al-Ghazi Muhammad Amin Bahadur,汗,1846,1855
toolbay-region-0693-ruler-0058,toolbay-region-0693,Qutlugh Muhammad Murad Bahadur,Qutlugh Muhammad Murad Bahadur,汗,1855,1856
toolbay-region-0693-ruler-0059,toolbay-region-0693,Sayyid Muhammad,Sayyid Muhammad,汗,1856,1864
toolbay-region-0693-ruler-0060,toolbay-region-0693,Muhammad Rahim Bahadur,Muhammad Rahim Bahadur,汗,1864,1910
toolbay-region-0693-ruler-0061,toolbay-region-0693,Isfandiyar Jurji Bahadur,Isfandiyar Jurji Bahadur,汗,1910,1918
toolbay-region-0693-ruler-0062,toolbay-region-0693,Sayid Abdullah,Sayid Abdullah,汗,1918,1920
toolbay-region-0693-ruler-0064,toolbay-region-0693,Hoji Pahlavon Niyoz Yusuf,Hoji Pahlavon Niyoz Yusuf,Chairman of the Revolutionary Committee,1920,1921
toolbay-region-0693-ruler-0065,toolbay-region-0693,Jangibay Murodoghli,Jangibay Murodoghli,Chairman of the Revolutionary Committee,1921,1922
toolbay-region-0693-ruler-0066,toolbay-region-0693,Abdulla Abdurahmon Khojaoghli,Abdulla Abdurahmon Khojaoghli,Chairman of the Revolutionary Committee,1922,1923
toolbay-region-0693-ruler-0067,toolbay-region-0693,Sultonkari Jumaniyoz,Sultonkari Jumaniyoz,Chairman of the Revolutionary Committee,1923,1924
toolbay-region-0695-ruler-0005,toolbay-region-0695,Alauddin Riayat Shah II,Alauddin Riayat Shah II,苏丹,1528,1564
toolbay-region-0695-ruler-0006,toolbay-region-0695,Muzaffar Shah II,Muzaffar Shah II,苏丹,1564,1570
toolbay-region-0695-ruler-0007,toolbay-region-0695,Abdul Jalil Shah II,Abdul Jalil Shah II,苏丹,1570,1571
toolbay-region-0695-ruler-0008,toolbay-region-0695,Ali Jalla Abdul Jalil Shah II,Ali Jalla Abdul Jalil Shah II,苏丹,1571,1594
toolbay-region-0695-ruler-0009,toolbay-region-0695,Alauddin Riayat Shah III,Alauddin Riayat Shah III,苏丹,1597,1615
toolbay-region-0695-ruler-0010,toolbay-region-0695,Abdullah Ma'ayat Shah,Abdullah Ma'ayat Shah,苏丹,1615,1623
toolbay-region-0695-ruler-0011,toolbay-region-0695,Abdul Jalil Shah III,Abdul Jalil Shah III,苏丹,1623,1677
toolbay-region-0695-ruler-0012,toolbay-region-0695,Ibrahim Shah,Ibrahim Shah,苏丹,1677,1685
toolbay-region-0695-ruler-0013,toolbay-region-0695,Mahmud Shah II,Mahmud Shah II,苏丹,1685,1699
toolbay-region-0695-ruler-0014,toolbay-region-0695,Abdul Jalil IV (Bendahara Abdul Jalil),Abdul Jalil IV (Bendahara Abdul Jalil),苏丹,1699,1720
toolbay-region-0695-ruler-0015,toolbay-region-0695,Abdul Jalil Rahmat Shah (Raja Kecil),Abdul Jalil Rahmat Shah (Raja Kecil),苏丹,1718,1722
toolbay-region-0695-ruler-0016,toolbay-region-0695,Sulaiman Badrul Alam Shah,Sulaiman Badrul Alam Shah,苏丹,1722,1760
toolbay-region-0695-ruler-0017,toolbay-region-0695,Abdul Jalil Muazzam Shah,Abdul Jalil Muazzam Shah,苏丹,1760,1761
toolbay-region-0695-ruler-0018,toolbay-region-0695,Mahmud Shah III,Mahmud Shah III,苏丹,1761,1812
toolbay-region-0695-ruler-0019,toolbay-region-0695,Abdul Rahman Muazzam Shah,Abdul Rahman Muazzam Shah,苏丹,1812,1819
toolbay-region-0699-ruler-0013,toolbay-region-0699,阿方索・德・阿尔布克尔克,Afonso de Albuquerque,総督,1509,1515
toolbay-region-0699-ruler-0014,toolbay-region-0699,Lopo Soares de Albergaria,Lopo Soares de Albergaria,総督,1515,1518
toolbay-region-0699-ruler-0015,toolbay-region-0699,Diogo Lopes de Sequeira,Diogo Lopes de Sequeira,総督,1518,1522
toolbay-region-0699-ruler-0016,toolbay-region-0699,Duarte de Meneses,Duarte de Meneses,総督,1522,1524
toolbay-region-0699-ruler-0017,toolbay-region-0699,瓦斯科・达伽马,Vasco da Gama,総督,1524,1525
toolbay-region-0699-ruler-0018,toolbay-region-0699,Henrique de Meneses,Henrique de Meneses,総督,1525,1526
toolbay-region-0699-ruler-0019,toolbay-region-0699,Lopo Vaz de Sampaio,Lopo Vaz de Sampaio,総督,1526,1529
toolbay-region-0699-ruler-0020,toolbay-region-0699,Nunho da Cunha,Nunho da Cunha,総督,1529,1538
toolbay-region-0699-ruler-0021,toolbay-region-0699,Garcia de Noronha,Garcia de Noronha,総督,1538,1540
toolbay-region-0699-ruler-0022,toolbay-region-0699,Estevão da Gama,Estevão da Gama,総督,1540,1542
toolbay-region-0699-ruler-0023,toolbay-region-0699,Martim Afonso de Sousa,Martim Afonso de Sousa,総督,1542,1545
toolbay-region-0699-ruler-0024,toolbay-region-0699,João de Castro,João de Castro,総督,1545,1548
toolbay-region-0699-ruler-0025,toolbay-region-0699,Garcia de Sá,Garcia de Sá,総督,1548,1549
toolbay-region-0699-ruler-0026,toolbay-region-0699,Jorge Cabral,Jorge Cabral,総督,1549,1550
toolbay-region-0699-ruler-0028,toolbay-region-0699,Afonso de Noronha,Afonso de Noronha,副王,1550,1554
toolbay-region-0699-ruler-0029,toolbay-region-0699,Pedro Mascarenhaa,Pedro Mascarenhaa,副王,1554,1555
toolbay-region-0699-ruler-0030,toolbay-region-0699,Francisco Barreto,Francisco Barreto,副王,1555,1558
toolbay-region-0699-ruler-0031,toolbay-region-0699,Constantino de Bragança,Constantino de Bragança,副王,1558,1561
toolbay-region-0699-ruler-0032,toolbay-region-0699,"Francisco Coutinho, conde do Redondo","Francisco Coutinho, conde do Redondo",副王,1561,1564
toolbay-region-0699-ruler-0033,toolbay-region-0699,Antão de Noronha,Antão de Noronha,副王,1564,1568
toolbay-region-0699-ruler-0034,toolbay-region-0699,"Luís de Ataíde, conde de Atouguia","Luís de Ataíde, conde de Atouguia",副王,1568,1571
toolbay-region-0699-ruler-0035,toolbay-region-0699,António de Noronhe,António de Noronhe,副王,1571,1573
toolbay-region-0699-ruler-0037,toolbay-region-0699,António Moniz Barreto,António Moniz Barreto,総督,1573,1576
toolbay-region-0699-ruler-0038,toolbay-region-0699,Diogo de Meneses,Diogo de Meneses,総督,1576,1578
toolbay-region-0699-ruler-0040,toolbay-region-0699,"Luís de Ataíde, conde de Atouguia","Luís de Ataíde, conde de Atouguia",副王,1578,1580
toolbay-region-0699-ruler-0041,toolbay-region-0699,"Francisco Mascarenhas, conde de Santa Cruz","Francisco Mascarenhas, conde de Santa Cruz",副王,1581,1584
toolbay-region-0699-ruler-0042,toolbay-region-0699,"Duarte de Meneses, conde de Tarouca","Duarte de Meneses, conde de Tarouca",副王,1584,1588
toolbay-region-0699-ruler-0043,toolbay-region-0699,Manuel de Sousa Coutinho,Manuel de Sousa Coutinho,副王,1588,1591
toolbay-region-0699-ruler-0044,toolbay-region-0699,Matias de Albuquerque,Matias de Albuquerque,副王,1591,1597
toolbay-region-0699-ruler-0045,toolbay-region-0699,"Francisco da Gama, conde de Vidigueira","Francisco da Gama, conde de Vidigueira",副王,1597,1600
toolbay-region-0699-ruler-0046,toolbay-region-0699,Aires de Saldanha,Aires de Saldanha,副王,1600,1605
toolbay-region-0699-ruler-0047,toolbay-region-0699,Martim Afonso de Castro,Martim Afonso de Castro,副王,1605,1607
toolbay-region-0699-ruler-0048,toolbay-region-0699,"Aleixo de Menezes, arcebispo de Braga","Aleixo de Menezes, arcebispo de Braga",副王,1607,1609
toolbay-region-0699-ruler-0049,toolbay-region-0699,Rui Lourenço de Tavora,Rui Lourenço de Tavora,副王,1609,1612
toolbay-region-0699-ruler-0050,toolbay-region-0699,Jerónimo de Azevedo,Jerónimo de Azevedo,副王,1612,1617
toolbay-region-0699-ruler-0051,toolbay-region-0699,"João Coutinho, conde de Redondo","João Coutinho, conde de Redondo",副王,1617,1619
toolbay-region-0699-ruler-0052,toolbay-region-0699,Fernão de Albuquerque,Fernão de Albuquerque,副王,1619,1622
toolbay-region-0699-ruler-0053,toolbay-region-0699,"Francisco da Gama, conde de Vidigueira","Francisco da Gama, conde de Vidigueira",副王,1622,1627
toolbay-region-0699-ruler-0054,toolbay-region-0699,Fray Luis de Brito e Meneses,Fray Luis de Brito e Meneses,副王,1627,1628
toolbay-region-0699-ruler-0055,toolbay-region-0699,"Miguel de Noronha, conde de Linhares","Miguel de Noronha, conde de Linhares",副王,1629,1635
toolbay-region-0699-ruler-0056,toolbay-region-0699,Pedro da Silva,Pedro da Silva,副王,1635,1639
toolbay-region-0699-ruler-0057,toolbay-region-0699,"António Teles de Menezes, conde de Vila Pouca de Aguiar","António Teles de Menezes, conde de Vila Pouca de Aguiar",副王,1639,1640
toolbay-region-0699-ruler-0058,toolbay-region-0699,"João da Silva Telo de Meneses, conde de Aveiras","João da Silva Telo de Meneses, conde de Aveiras",副王,1640,1645
toolbay-region-0699-ruler-0059,toolbay-region-0699,Filipe Mascarenhas,Filipe Mascarenhas,副王,1645,1651
toolbay-region-0699-ruler-0060,toolbay-region-0699,"Vasco Mascarenhas, conde de Óbidos","Vasco Mascarenhas, conde de Óbidos",副王,1652,1653
toolbay-region-0699-ruler-0061,toolbay-region-0699,Brás de Castro,Brás de Castro,副王,1653,1655
toolbay-region-0699-ruler-0062,toolbay-region-0699,"Rodrigo Lobo da Silveira, conde de Sarzedas","Rodrigo Lobo da Silveira, conde de Sarzedas",副王,1655,1656
toolbay-region-0699-ruler-0063,toolbay-region-0699,António de Melo Castro,António de Melo Castro,副王,1662,1666
toolbay-region-0699-ruler-0064,toolbay-region-0699,"João Nunes da Castro, conde de São Vicente","João Nunes da Castro, conde de São Vicente",副王,1666,1668
toolbay-region-0699-ruler-0065,toolbay-region-0699,"Luís de Mendonça Furtado e Albuquerque, conde de Lavradio","Luís de Mendonça Furtado e Albuquerque, conde de Lavradio",副王,1671,1677
toolbay-region-0699-ruler-0066,toolbay-region-0699,"Pedro de Almeida, conde de Assumar","Pedro de Almeida, conde de Assumar",副王,1677,1678
toolbay-region-0699-ruler-0067,toolbay-region-0699,"Francisco de Tavora, conde de Alvor","Francisco de Tavora, conde de Alvor",副王,1681,1686
toolbay-region-0699-ruler-0068,toolbay-region-0699,Rodrigo da Costa,Rodrigo da Costa,副王,1686,1690
toolbay-region-0699-ruler-0069,toolbay-region-0699,Miguel de Almeida,Miguel de Almeida,副王,1690,1691
toolbay-region-0699-ruler-0070,toolbay-region-0699,Pedro António de Noronha Albuquerque e Sousa,Pedro António de Noronha Albuquerque e Sousa,副王,1693,1698
toolbay-region-0699-ruler-0071,toolbay-region-0699,António Luís Gonçalves da Câmara Coutinho,António Luís Gonçalves da Câmara Coutinho,副王,1698,1701
toolbay-region-0699-ruler-0072,toolbay-region-0699,Caetano de Melo e Castro,Caetano de Melo e Castro,副王,1703,1707
toolbay-region-0699-ruler-0073,toolbay-region-0699,Rodrigo da Costa,Rodrigo da Costa,副王,1707,1712
toolbay-region-0699-ruler-0074,toolbay-region-0699,Vasco Fernandes César de Meneses,Vasco Fernandes César de Meneses,副王,1712,1717
toolbay-region-0699-ruler-0075,toolbay-region-0699,"Luís Carlos Inácio Xavier de Meneses, conde de Ericeira","Luís Carlos Inácio Xavier de Meneses, conde de Ericeira",副王,1717,1720
toolbay-region-0699-ruler-0076,toolbay-region-0699,Francisco José de Sampaio e Castro,Francisco José de Sampaio e Castro,副王,1720,1723
toolbay-region-0699-ruler-0077,toolbay-region-0699,João de Saldanha da Gama,João de Saldanha da Gama,副王,1725,1732
toolbay-region-0699-ruler-0078,toolbay-region-0699,"Pedro Mascarenhas, conde de Sandomil","Pedro Mascarenhas, conde de Sandomil",副王,1732,1741
toolbay-region-0699-ruler-0079,toolbay-region-0699,"Luís Carlos Inácio Xavier de Meneses, conde de Ericeira","Luís Carlos Inácio Xavier de Meneses, conde de Ericeira",副王,1741,1742
toolbay-region-0699-ruler-0080,toolbay-region-0699,"Pedro Miguel de Almeida, conde de Assumar","Pedro Miguel de Almeida, conde de Assumar",副王,1744,1750
toolbay-region-0699-ruler-0081,toolbay-region-0699,"Francisco de Assis da Tavora, marquês de Tavora","Francisco de Assis da Tavora, marquês de Tavora",副王,1750,1754
toolbay-region-0699-ruler-0082,toolbay-region-0699,"Luís Mascarenhas, conde de Alva","Luís Mascarenhas, conde de Alva",副王,1754,1756
toolbay-region-0699-ruler-0083,toolbay-region-0699,"Manuel de Saldanha de Albuquerque e Castro, conde da Ega","Manuel de Saldanha de Albuquerque e Castro, conde da Ega",副王,1756,1765
toolbay-region-0699-ruler-0085,toolbay-region-0699,João José de Melo,João José de Melo,総督,1768,1774
toolbay-region-0699-ruler-0086,toolbay-region-0699,José Pedro da Câmara,José Pedro da Câmara,総督,1774,1779
toolbay-region-0699-ruler-0087,toolbay-region-0699,Federico Guilherme de Sousa,Federico Guilherme de Sousa,総督,1779,1786
toolbay-region-0699-ruler-0088,toolbay-region-0699,Francisco da Cunha e Meneses,Francisco da Cunha e Meneses,総督,1786,1794
toolbay-region-0699-ruler-0089,toolbay-region-0699,Francisco António da Veiga Cabral da Câmara Pimentel,Francisco António da Veiga Cabral da Câmara Pimentel,総督,1794,1799
toolbay-region-0699-ruler-0090,toolbay-region-0699,William Clarke,William Clarke,総督,1799,1806
toolbay-region-0699-ruler-0092,toolbay-region-0699,"Bernardo José da Silveira e Lorena, conde de Sarzedas","Bernardo José da Silveira e Lorena, conde de Sarzedas",副王,1807,1816
toolbay-region-0699-ruler-0093,toolbay-region-0699,"Diogo de Sousa, conde de Rio Pardo","Diogo de Sousa, conde de Rio Pardo",副王,1816,1821
toolbay-region-0699-ruler-0094,toolbay-region-0699,Manuel Maria Gonçalves Zarco da Câmara,Manuel Maria Gonçalves Zarco da Câmara,副王,1823,1825
toolbay-region-0699-ruler-0095,toolbay-region-0699,Manuel Francisco de Portugal e Castro,Manuel Francisco de Portugal e Castro,副王,1827,1835
toolbay-region-0699-ruler-0097,toolbay-region-0699,"Simão Infante de Lacerda de Sousa Tavares, barão de Sabroso","Simão Infante de Lacerda de Sousa Tavares, barão de Sabroso",総督,1837,1838
toolbay-region-0699-ruler-0098,toolbay-region-0699,"Manuel José Mendes, barão de Candal","Manuel José Mendes, barão de Candal",総督,1839,1840
toolbay-region-0699-ruler-0099,toolbay-region-0699,José Joaquim Lopez de Lima,José Joaquim Lopez de Lima,総督,1840,1842
toolbay-region-0699-ruler-0100,toolbay-region-0699,"Francisco Xavier da Silva Pereira, conde das Antas","Francisco Xavier da Silva Pereira, conde das Antas",総督,1842,1843
toolbay-region-0699-ruler-0101,toolbay-region-0699,Joaquim Mourão Garcês Palha,Joaquim Mourão Garcês Palha,総督,1843,1844
toolbay-region-0699-ruler-0102,toolbay-region-0699,José Ferreira Pestana,José Ferreira Pestana,総督,1844,1851
toolbay-region-0699-ruler-0103,toolbay-region-0699,"José Joaquim Januario Lapa, barão de Villa Nova de Ourém","José Joaquim Januario Lapa, barão de Villa Nova de Ourém",総督,1851,1855
toolbay-region-0699-ruler-0104,toolbay-region-0699,António César de Vasconcellos Correia,António César de Vasconcellos Correia,総督,1855,1864
toolbay-region-0699-ruler-0105,toolbay-region-0699,José Ferreira Pestana,José Ferreira Pestana,総督,1864,1870
toolbay-region-0699-ruler-0106,toolbay-region-0699,Januario Correia de Almeida,Januario Correia de Almeida,総督,1870,1871
toolbay-region-0699-ruler-0107,toolbay-region-0699,Joaquim José de Macedo e Couto,Joaquim José de Macedo e Couto,総督,1871,1875
toolbay-region-0699-ruler-0108,toolbay-region-0699,João Tavares de Almeida,João Tavares de Almeida,総督,1875,1877
toolbay-region-0699-ruler-0109,toolbay-region-0699,António Sérgio de Sousa,António Sérgio de Sousa,総督,1877,1878
toolbay-region-0699-ruler-0110,toolbay-region-0699,Caetano Alexandre de Almeida e Albuquerque,Caetano Alexandre de Almeida e Albuquerque,総督,1878,1881
toolbay-region-0699-ruler-0111,toolbay-region-0699,Carlos Eugénio Correia da Silva,Carlos Eugénio Correia da Silva,総督,1881,1885
toolbay-region-0699-ruler-0112,toolbay-region-0699,Francisco Joaquim Ferreira do Amaral,Francisco Joaquim Ferreira do Amaral,総督,1885,1886
toolbay-region-0699-ruler-0113,toolbay-region-0699,Augusto César Cardoso de Carvalho,Augusto César Cardoso de Carvalho,総督,1886,1889
toolbay-region-0699-ruler-0114,toolbay-region-0699,Vasco Guedes de Carvalho e Meneses,Vasco Guedes de Carvalho e Meneses,総督,1889,1891
toolbay-region-0699-ruler-0115,toolbay-region-0699,Francisco Maria da Cunha,Francisco Maria da Cunha,総督,1891,1892
toolbay-region-0699-ruler-0116,toolbay-region-0699,Francisco Teixeira da Silva,Francisco Teixeira da Silva,総督,1892,1893
toolbay-region-0699-ruler-0117,toolbay-region-0699,Raphael Jácome Lopes de Andrade,Raphael Jácome Lopes de Andrade,総督,1893,1894
toolbay-region-0699-ruler-0118,toolbay-region-0699,Elesbão José de Betencourt Lapa,Elesbão José de Betencourt Lapa,総督,1894,1895
toolbay-region-0699-ruler-0119,toolbay-region-0699,Raphael Jácome Lopes de Andrade,Raphael Jácome Lopes de Andrade,総督,1895,1896
toolbay-region-0699-ruler-0120,toolbay-region-0699,João António de Brissac das Neves Ferreira,João António de Brissac das Neves Ferreira,総督,1896,1897
toolbay-region-0699-ruler-0121,toolbay-region-0699,Joaquim José Machado,Joaquim José Machado,総督,1897,1900
toolbay-region-0699-ruler-0122,toolbay-region-0699,Eduardo Augusto Rodrigues Galhardo,Eduardo Augusto Rodrigues Galhardo,総督,1900,1905
toolbay-region-0699-ruler-0123,toolbay-region-0699,Arnoldo de Novais Guedes Rebelo,Arnoldo de Novais Guedes Rebelo,総督,1905,1907
toolbay-region-0699-ruler-0124,toolbay-region-0699,José Maria de Sousa Horta e Costa,José Maria de Sousa Horta e Costa,総督,1907,1910
toolbay-region-0699-ruler-0125,toolbay-region-0699,Francisco Manuel Couceiro da Costa,Francisco Manuel Couceiro da Costa,総督,1910,1917
toolbay-region-0699-ruler-0126,toolbay-region-0699,José de Freitas Ribeiro,José de Freitas Ribeiro,総督,1917,1919
toolbay-region-0699-ruler-0127,toolbay-region-0699,Jaime Alberto da Castro Morais,Jaime Alberto da Castro Morais,総督,1919,1925
toolbay-region-0699-ruler-0128,toolbay-region-0699,Mariano Martins,Mariano Martins,総督,1925,1926
toolbay-region-0699-ruler-0129,toolbay-region-0699,Pedro Francisco Massano de Amorim,Pedro Francisco Massano de Amorim,総督,1926,1929
toolbay-region-0699-ruler-0130,toolbay-region-0699,João Carlos Craveiro Lopes,João Carlos Craveiro Lopes,総督,1929,1936
toolbay-region-0699-ruler-0131,toolbay-region-0699,弗朗西斯科・克拉维罗・洛佩斯,Francisco Higino Craveiro Lopes,総督,1936,1938
toolbay-region-0699-ruler-0132,toolbay-region-0699,José Ricardo Pereira Cabral,José Ricardo Pereira Cabral,総督,1938,1945
toolbay-region-0699-ruler-0133,toolbay-region-0699,Paulo Bénard Guedes,Paulo Bénard Guedes,総督,1945,1946
toolbay-region-0699-ruler-0134,toolbay-region-0699,José Silvestre Ferreira Bossa,José Silvestre Ferreira Bossa,総督,1946,1947
toolbay-region-0699-ruler-0135,toolbay-region-0699,Fernando Quintanilha Mendonça,Fernando Quintanilha Mendonça,総督,1947,1948
toolbay-region-0699-ruler-0136,toolbay-region-0699,Fernando Quintanilha Mendonça Dias,Fernando Quintanilha Mendonça Dias,総督,1948,1952
toolbay-region-0699-ruler-0137,toolbay-region-0699,Paulo Bénard Guedes,Paulo Bénard Guedes,総督,1952,1958
toolbay-region-0699-ruler-0138,toolbay-region-0699,Manuel António Vassalo e Silva,Manuel António Vassalo e Silva,総督,1958,1962
toolbay-region-0700-ruler-0005,toolbay-region-0700,Ismail Shah,Ismail Shah,国王,1512,1530
toolbay-region-0700-ruler-0006,toolbay-region-0700,Mudhaffar Shah,Mudhaffar Shah,国王,1530,1564
toolbay-region-0700-ruler-0007,toolbay-region-0700,Manzur Shah,Manzur Shah,国王,1564,1572
toolbay-region-0700-ruler-0008,toolbay-region-0700,Patik Siam,Patik Siam,国王,1572,1573
toolbay-region-0700-ruler-0009,toolbay-region-0700,Bahdur,Bahdur,国王,1573,1584
toolbay-region-0700-ruler-0011,toolbay-region-0700,Raja Ijau (the Green Queen),Raja Ijau (the Green Queen),女王,1584,1616
toolbay-region-0700-ruler-0012,toolbay-region-0700,Raja Biru (the Blue Queen),Raja Biru (the Blue Queen),女王,1616,1624
toolbay-region-0700-ruler-0013,toolbay-region-0700,Raja Ungu (the Purple Queen),Raja Ungu (the Purple Queen),女王,1624,1635
toolbay-region-0700-ruler-0014,toolbay-region-0700,Raja Kuning (the Yellow Queen),Raja Kuning (the Yellow Queen),女王,1635,1649
toolbay-region-0700-ruler-0016,toolbay-region-0700,Raja Bakal,Raja Bakal,国王,1688,1690
toolbay-region-0700-ruler-0017,toolbay-region-0700,Raja Emas Kelantan,Raja Emas Kelantan,国王,1690,1707
toolbay-region-0700-ruler-0018,toolbay-region-0700,Raja Emas Chayam,Raja Emas Chayam,国王,1707,1710
toolbay-region-0700-ruler-0019,toolbay-region-0700,Raja Dewi,Raja Dewi,国王,1710,1719
toolbay-region-0700-ruler-0020,toolbay-region-0700,Raja Bendang Badan,Raja Bendang Badan,国王,1719,1723
toolbay-region-0700-ruler-0021,toolbay-region-0700,Raja Laksamana Dajang,Raja Laksamana Dajang,国王,1723,1724
toolbay-region-0700-ruler-0022,toolbay-region-0700,Raja Emas Chayam,Raja Emas Chayam,国王,1724,1726
toolbay-region-0700-ruler-0023,toolbay-region-0700,Raja Alung Yunus,Raja Alung Yunus,国王,1726,1729
toolbay-region-0700-ruler-0024,toolbay-region-0700,Raja Yunus,Raja Yunus,国王,1729,1749
toolbay-region-0700-ruler-0025,toolbay-region-0700,Raja Long Nuh,Raja Long Nuh,国王,1749,1771
toolbay-region-0705-ruler-0006,toolbay-region-0705,巴布尔,Babur,苏丹,1526,1530
toolbay-region-0705-ruler-0007,toolbay-region-0705,胡马雍,Humayun,苏丹,1530,1540
toolbay-region-0705-ruler-0008,toolbay-region-0705,Sher Shah Suri,Sher Shah Suri,苏丹,1540,1545
toolbay-region-0705-ruler-0009,toolbay-region-0705,Islam Shah Suri,Islam Shah Suri,苏丹,1545,1554
toolbay-region-0705-ruler-0010,toolbay-region-0705,Muhammad Adil Shah,Muhammad Adil Shah,苏丹,1554,1555
toolbay-region-0706-ruler-0011,toolbay-region-0706,胡马雍,Humayun,皇帝,1545,1556
toolbay-region-0706-ruler-0012,toolbay-region-0706,阿克巴,Akbar,皇帝,1556,1605
toolbay-region-0706-ruler-0013,toolbay-region-0706,贾汉吉尔,Jahangir,皇帝,1605,1628
toolbay-region-0706-ruler-0014,toolbay-region-0706,沙・贾汉,Shah Jahan I,皇帝,1628,1658
toolbay-region-0706-ruler-0015,toolbay-region-0706,奥朗则布,Aurangzeb Alamgir,皇帝,1658,1707
toolbay-region-0706-ruler-0016,toolbay-region-0706,巴哈杜尔・沙一世,Bahadur Shah I,皇帝,1707,1712
toolbay-region-0706-ruler-0017,toolbay-region-0706,贾汗达尔・沙,Jahandar Shah,皇帝,1712,1713
toolbay-region-0706-ruler-0018,toolbay-region-0706,法罗克锡亚,Furrukhsiyar,皇帝,1713,1719
toolbay-region-0706-ruler-0019,toolbay-region-0706,穆罕默德・沙,Mohammed Shah,皇帝,1719,1748
toolbay-region-0706-ruler-0020,toolbay-region-0706,艾哈迈德・沙,Ahmad Shah Bahadur,皇帝,1748,1754
toolbay-region-0706-ruler-0021,toolbay-region-0706,阿拉姆吉尔二世,Alamgir II,皇帝,1754,1759
toolbay-region-0706-ruler-0022,toolbay-region-0706,沙・阿拉姆二世,Shah Alaam II,皇帝,1759,1806
toolbay-region-0706-ruler-0023,toolbay-region-0706,穆罕默德・阿克巴・沙,Akbar Shah II,皇帝,1806,1837
toolbay-region-0706-ruler-0024,toolbay-region-0706,巴哈杜尔・沙二世,Bahadur Shah II,皇帝,1837,1857
toolbay-region-0706-ruler-0026,toolbay-region-0706,巴哈杜尔・沙二世,Bahadur Shah II,(名义上的领导),1857,1858
toolbay-region-0706-ruler-0028,toolbay-region-0706,拉克西米・芭伊,Rani Lakshmibai,领导,1858,1859
toolbay-region-0713-ruler-0014,toolbay-region-0713,Miguel Lopez de Legazpi,Miguel Lopez de Legazpi,総督,1571,1572
toolbay-region-0713-ruler-0015,toolbay-region-0713,Guido de Lavezaris,Guido de Lavezaris,総督,1572,1575
toolbay-region-0713-ruler-0016,toolbay-region-0713,Francisco de Sande,Francisco de Sande,総督,1575,1580
toolbay-region-0713-ruler-0017,toolbay-region-0713,Gonzalo Ronquillo de Peñaloza,Gonzalo Ronquillo de Peñaloza,総督,1580,1583
toolbay-region-0713-ruler-0018,toolbay-region-0713,Diego Ronquillo,Diego Ronquillo,総督,1583,1584
toolbay-region-0713-ruler-0019,toolbay-region-0713,Santiago de Vera,Santiago de Vera,総督,1584,1590
toolbay-region-0713-ruler-0020,toolbay-region-0713,Gómez Pérez Dasmariñas,Gómez Pérez Dasmariñas,総督,1590,1593
toolbay-region-0713-ruler-0021,toolbay-region-0713,Luis Pérez Dasmariñas,Luis Pérez Dasmariñas,総督,1593,1596
toolbay-region-0713-ruler-0022,toolbay-region-0713,Francisco de Tello de Guzmán,Francisco de Tello de Guzmán,総督,1596,1602
toolbay-region-0713-ruler-0023,toolbay-region-0713,Pedro Bravo de Acuña,Pedro Bravo de Acuña,総督,1602,1606
toolbay-region-0713-ruler-0024,toolbay-region-0713,Cristóbal Téllez de Almanza,Cristóbal Téllez de Almanza,総督,1606,1608
toolbay-region-0713-ruler-0025,toolbay-region-0713,Rodrigo de Vivero y Velasco,Rodrigo de Vivero y Velasco,総督,1608,1609
toolbay-region-0713-ruler-0026,toolbay-region-0713,Juan de Silva,Juan de Silva,総督,1609,1616
toolbay-region-0713-ruler-0027,toolbay-region-0713,Andrés Alcaraz,Andrés Alcaraz,総督,1616,1618
toolbay-region-0713-ruler-0028,toolbay-region-0713,Alonso Fajardo de Entenza,Alonso Fajardo de Entenza,総督,1618,1624
toolbay-region-0713-ruler-0029,toolbay-region-0713,Jeronimo de Silva,Jeronimo de Silva,総督,1624,1625
toolbay-region-0713-ruler-0030,toolbay-region-0713,Fernándo de Silva,Fernándo de Silva,総督,1625,1626
toolbay-region-0713-ruler-0031,toolbay-region-0713,Juan Niño de Tabora,Juan Niño de Tabora,総督,1626,1632
toolbay-region-0713-ruler-0032,toolbay-region-0713,Lorenzo de Olaza,Lorenzo de Olaza,総督,1632,1633
toolbay-region-0713-ruler-0033,toolbay-region-0713,Juan Cerezo de Salamanca,Juan Cerezo de Salamanca,総督,1633,1635
toolbay-region-0713-ruler-0034,toolbay-region-0713,Sebastián Hurtado de Corcuera,Sebastián Hurtado de Corcuera,総督,1635,1644
toolbay-region-0713-ruler-0035,toolbay-region-0713,Diego Fajardo Chacón,Diego Fajardo Chacón,総督,1644,1653
toolbay-region-0713-ruler-0036,toolbay-region-0713,Sabiniano Manrique de Lara,Sabiniano Manrique de Lara,総督,1653,1663
toolbay-region-0713-ruler-0037,toolbay-region-0713,Diego de Salcedo,Diego de Salcedo,総督,1663,1668
toolbay-region-0713-ruler-0038,toolbay-region-0713,Juan Manuel de la Peña Bonifaz,Juan Manuel de la Peña Bonifaz,総督,1668,1669
toolbay-region-0713-ruler-0039,toolbay-region-0713,Manuel de León,Manuel de León,総督,1669,1677
toolbay-region-0713-ruler-0040,toolbay-region-0713,Francisco Sotomayor y Mansilla,Francisco Sotomayor y Mansilla,総督,1677,1678
toolbay-region-0713-ruler-0041,toolbay-region-0713,Juan de Vargas y Hurtado,Juan de Vargas y Hurtado,総督,1678,1684
toolbay-region-0713-ruler-0042,toolbay-region-0713,Gabriel de Curuzealegui y Arriola,Gabriel de Curuzealegui y Arriola,総督,1684,1689
toolbay-region-0713-ruler-0043,toolbay-region-0713,Alonso de Avila Fuertes,Alonso de Avila Fuertes,総督,1689,1690
toolbay-region-0713-ruler-0044,toolbay-region-0713,Fausto Cruzat y Gongora,Fausto Cruzat y Gongora,総督,1690,1701
toolbay-region-0713-ruler-0045,toolbay-region-0713,Domingo Zabálburu de Echevarri,Domingo Zabálburu de Echevarri,総督,1701,1709
toolbay-region-0713-ruler-0046,toolbay-region-0713,Martín de Urzua y Arismendi,Martín de Urzua y Arismendi,総督,1709,1715
toolbay-region-0713-ruler-0047,toolbay-region-0713,Jose Torralba,Jose Torralba,総督,1715,1717
toolbay-region-0713-ruler-0048,toolbay-region-0713,Fernando Manuel de Bustillo Bustamante y Rueda,Fernando Manuel de Bustillo Bustamante y Rueda,総督,1717,1719
toolbay-region-0713-ruler-0049,toolbay-region-0713,Francisco de la Cuesta,Francisco de la Cuesta,総督,1719,1721
toolbay-region-0713-ruler-0050,toolbay-region-0713,Toribio José Cosio y Campo,Toribio José Cosio y Campo,総督,1721,1729
toolbay-region-0713-ruler-0051,toolbay-region-0713,Fernándo Valdés y Tamon,Fernándo Valdés y Tamon,総督,1729,1739
toolbay-region-0713-ruler-0052,toolbay-region-0713,Gaspar de la Torre,Gaspar de la Torre,総督,1739,1745
toolbay-region-0713-ruler-0053,toolbay-region-0713,Juan Arrechederra,Juan Arrechederra,総督,1745,1750
toolbay-region-0713-ruler-0054,toolbay-region-0713,Jose Francisco de Obando y Solis,Jose Francisco de Obando y Solis,総督,1750,1754
toolbay-region-0713-ruler-0055,toolbay-region-0713,Pedro Manuel de Arandia Santisteban,Pedro Manuel de Arandia Santisteban,総督,1754,1759
toolbay-region-0713-ruler-0056,toolbay-region-0713,Miguel Lino de Ezpeleta,Miguel Lino de Ezpeleta,総督,1759,1762
toolbay-region-0713-ruler-0057,toolbay-region-0713,Dawson Drake,Dawson Drake,総督,1762,1764
toolbay-region-0713-ruler-0058,toolbay-region-0713,Francisco Javíer de la Torre,Francisco Javíer de la Torre,総督,1764,1765
toolbay-region-0713-ruler-0059,toolbay-region-0713,José Antonio Raón y Gutiérrez,José Antonio Raón y Gutiérrez,総督,1765,1770
toolbay-region-0713-ruler-0060,toolbay-region-0713,Simón de Anda y Salazar,Simón de Anda y Salazar,総督,1770,1776
toolbay-region-0713-ruler-0061,toolbay-region-0713,Pedro de Sarrio (Soriano),Pedro de Sarrio (Soriano),総督,1776,1778
toolbay-region-0713-ruler-0062,toolbay-region-0713,José Basco y Vargas,José Basco y Vargas,総督,1778,1787
toolbay-region-0713-ruler-0063,toolbay-region-0713,Pedro de Sarrio (Soriano),Pedro de Sarrio (Soriano),総督,1787,1788
toolbay-region-0713-ruler-0064,toolbay-region-0713,Félix Berenguer de Marquina,Félix Berenguer de Marquina,総督,1788,1793
toolbay-region-0713-ruler-0065,toolbay-region-0713,Rafael María de Aguilar y Ponce de León,Rafael María de Aguilar y Ponce de León,総督,1793,1806
toolbay-region-0713-ruler-0066,toolbay-region-0713,Mariano Fernández de Folgueras,Mariano Fernández de Folgueras,総督,1806,1810
toolbay-region-0713-ruler-0067,toolbay-region-0713,Manuel Gonzalez de Aguilar,Manuel Gonzalez de Aguilar,総督,1810,1813
toolbay-region-0713-ruler-0068,toolbay-region-0713,José Gardoqui Jaraveitia,José Gardoqui Jaraveitia,総督,1813,1816
toolbay-region-0713-ruler-0069,toolbay-region-0713,Mariano Fernández de Folgueras,Mariano Fernández de Folgueras,総督,1816,1822
toolbay-region-0713-ruler-0070,toolbay-region-0713,Juan Antonio Martínez,Juan Antonio Martínez,総督,1822,1825
toolbay-region-0713-ruler-0071,toolbay-region-0713,Mariano Ricafort Palacín y Abarca,Mariano Ricafort Palacín y Abarca,総督,1825,1830
toolbay-region-0713-ruler-0072,toolbay-region-0713,Pascual Enrile y Alcedo,Pascual Enrile y Alcedo,総督,1830,1835
toolbay-region-0713-ruler-0073,toolbay-region-0713,Gabriel de Torres,Gabriel de Torres,総督,1835,1835
toolbay-region-0713-ruler-0074,toolbay-region-0713,Joaquín de Crámer,Joaquín de Crámer,総督,1835,1835
toolbay-region-0713-ruler-0075,toolbay-region-0713,Pedro Antonio Salazar Castillo y Varona,Pedro Antonio Salazar Castillo y Varona,総督,1835,1837
toolbay-region-0713-ruler-0076,toolbay-region-0713,Andrés García Camba,Andrés García Camba,総督,1837,1838
toolbay-region-0713-ruler-0077,toolbay-region-0713,Luis Lardizábal,Luis Lardizábal,総督,1838,1841
toolbay-region-0713-ruler-0078,toolbay-region-0713,Marcelino de Oraá Lecumberri,Marcelino de Oraá Lecumberri,総督,1841,1843
toolbay-region-0713-ruler-0079,toolbay-region-0713,Francisco de Paula Alcalá de la Torre,Francisco de Paula Alcalá de la Torre,総督,1843,1844
toolbay-region-0713-ruler-0080,toolbay-region-0713,Narciso Clavería y Zaldua,Narciso Clavería y Zaldua,総督,1844,1849
toolbay-region-0713-ruler-0081,toolbay-region-0713,Antonio María Blanco,Antonio María Blanco,総督,1849,1850
toolbay-region-0713-ruler-0082,toolbay-region-0713,Antonio de Urbistondo y Eguía,Antonio de Urbistondo y Eguía,総督,1850,1853
toolbay-region-0713-ruler-0083,toolbay-region-0713,Ramón Montero y Blandino,Ramón Montero y Blandino,総督,1853,1854
toolbay-region-0713-ruler-0084,toolbay-region-0713,Manuel Crespo y Cebrían,Manuel Crespo y Cebrían,総督,1854,1856
toolbay-region-0713-ruler-0085,toolbay-region-0713,Ramón Montero y Blandino,Ramón Montero y Blandino,総督,1856,1857
toolbay-region-0713-ruler-0086,toolbay-region-0713,Fernándo Norzagaray y Escudero,Fernándo Norzagaray y Escudero,総督,1857,1860
toolbay-region-0713-ruler-0087,toolbay-region-0713,Juan Herrera Dávila,Juan Herrera Dávila,総督,1860,1861
toolbay-region-0713-ruler-0088,toolbay-region-0713,José Lemery e Ibarrola Ney y González,José Lemery e Ibarrola Ney y González,総督,1861,1862
toolbay-region-0713-ruler-0089,toolbay-region-0713,Rafael de Echague y Bermingham,Rafael de Echague y Bermingham,総督,1862,1865
toolbay-region-0713-ruler-0090,toolbay-region-0713,Juan de Lara e Irigoyen,Juan de Lara e Irigoyen,総督,1865,1866
toolbay-region-0713-ruler-0091,toolbay-region-0713,José de la Gándara y Navarro,José de la Gándara y Navarro,総督,1866,1869
toolbay-region-0713-ruler-0092,toolbay-region-0713,Cárlos María de la Torre y Nava Cerrada,Cárlos María de la Torre y Nava Cerrada,総督,1869,1871
toolbay-region-0713-ruler-0093,toolbay-region-0713,Rafael de Izquierdo y Gutíerrez,Rafael de Izquierdo y Gutíerrez,総督,1871,1873
toolbay-region-0713-ruler-0094,toolbay-region-0713,Juan Alminos y de Vivar,Juan Alminos y de Vivar,総督,1873,1874
toolbay-region-0713-ruler-0095,toolbay-region-0713,José Malcampo y Monje,José Malcampo y Monje,総督,1874,1877
toolbay-region-0713-ruler-0096,toolbay-region-0713,Domingo Moriones y Murillo,Domingo Moriones y Murillo,総督,1877,1880
toolbay-region-0713-ruler-0097,toolbay-region-0713,Fernando Primo de Rivera,Fernando Primo de Rivera,総督,1880,1883
toolbay-region-0713-ruler-0098,toolbay-region-0713,Joaquín Jovellar y Soler,Joaquín Jovellar y Soler,総督,1883,1885
toolbay-region-0713-ruler-0099,toolbay-region-0713,Emilio Terrero y Perinat,Emilio Terrero y Perinat,総督,1885,1888
toolbay-region-0713-ruler-0100,toolbay-region-0713,Valeriano Wéyler,Valeriano Wéyler,総督,1888,1891
toolbay-region-0713-ruler-0101,toolbay-region-0713,Eulogio Despujol,Eulogio Despujol,総督,1891,1893
toolbay-region-0713-ruler-0102,toolbay-region-0713,Ramón Blanco y Erenas,Ramón Blanco y Erenas,総督,1893,1896
toolbay-region-0713-ruler-0103,toolbay-region-0713,Camilo Polavieja,Camilo Polavieja,総督,1896,1897
toolbay-region-0713-ruler-0104,toolbay-region-0713,Fernando Primo de Rivera,Fernando Primo de Rivera,総督,1897,1898
toolbay-region-0713-ruler-0106,toolbay-region-0713,"Arthur MacArthur, Jr.","Arthur MacArthur, Jr.",Military Governor,1900,1901
toolbay-region-0713-ruler-0108,toolbay-region-0713,威廉・霍华德・塔夫脱,William Howard Taft,Civil Governor,1901,1904
toolbay-region-0713-ruler-0109,toolbay-region-0713,Luke E.Wright,Luke E.Wright,Civil Governor,1904,1905
toolbay-region-0713-ruler-0111,toolbay-region-0713,Luke E.Wright,Luke E.Wright,総督,1905,1906
toolbay-region-0713-ruler-0112,toolbay-region-0713,James Francis Smith,James Francis Smith,総督,1906,1909
toolbay-region-0713-ruler-0113,toolbay-region-0713,William Cameron Forbes,William Cameron Forbes,総督,1909,1913
toolbay-region-0713-ruler-0114,toolbay-region-0713,Francis Burton Harrison,Francis Burton Harrison,総督,1913,1921
toolbay-region-0713-ruler-0115,toolbay-region-0713,Leonard Wood,Leonard Wood,総督,1921,1927
toolbay-region-0713-ruler-0116,toolbay-region-0713,亨利・刘易斯・史汀生,Henry L. Stimson,総督,1927,1929
toolbay-region-0713-ruler-0117,toolbay-region-0713,Dwight F. Davis,Dwight F. Davis,総督,1929,1932
toolbay-region-0713-ruler-0118,toolbay-region-0713,"Theodore Roosevelt, Jr.","Theodore Roosevelt, Jr.",総督,1932,1933
toolbay-region-0713-ruler-0119,toolbay-region-0713,弗兰克・墨菲,Frank Murphy,総督,1933,1935
toolbay-region-0713-ruler-0121,toolbay-region-0713,埃米利奥・阿奎纳多,Emilio Aguinaldo y Famy,领导,1898,1899
toolbay-region-0713-ruler-0123,toolbay-region-0713,埃米利奥・阿奎纳多,Emilio Aguinaldo y Famy,总统,1899,1900
toolbay-region-0713-ruler-0124,toolbay-region-0713,曼努埃尔・奎松,Manuel Luis Quezon y Molina,总统,1935,1942
toolbay-region-0713-ruler-0125,toolbay-region-0713,何塞・帕西亚诺・劳威尔,José Paciano Laurel,总统,1942,1945
toolbay-region-0713-ruler-0126,toolbay-region-0713,曼努埃尔・A・罗哈斯,Manuel Roxas,总统,1945,1948
toolbay-region-0713-ruler-0127,toolbay-region-0713,埃尔皮迪奥・R・基里诺,Elpidio Quirino,总统,1948,1953
toolbay-region-0713-ruler-0128,toolbay-region-0713,拉蒙・F・马格赛赛,Ramon Magsaysay,总统,1953,1957
toolbay-region-0713-ruler-0129,toolbay-region-0713,卡洛斯・P・加西亚,Carlos P. Garcia,总统,1957,1961
toolbay-region-0713-ruler-0130,toolbay-region-0713,迪奥斯达多・马卡帕加尔,Diosdado Macapagal,总统,1961,1965
toolbay-region-0713-ruler-0131,toolbay-region-0713,费迪南・马科斯,Ferdinand Marcos,总统,1965,1986
toolbay-region-0713-ruler-0132,toolbay-region-0713,柯拉蓉・艾奎诺,Corazon Aquino,总统,1986,1992
toolbay-region-0713-ruler-0133,toolbay-region-0713,菲德尔・拉莫斯,Fidel V. Ramos,总统,1992,1998
toolbay-region-0713-ruler-0134,toolbay-region-0713,约瑟夫・埃斯特拉达,Joseph Estrada,总统,1998,2000
toolbay-region-0713-ruler-0135,toolbay-region-0713,格洛丽亚・马卡帕加尔・阿罗约,Gloria Macapagal-Arroyo,总统,2000,2010
toolbay-region-0713-ruler-0136,toolbay-region-0713,诺诺・艾奎诺,"Benigno Simeon ""Noynoy"" Aquino III",总统,2010,2016
toolbay-region-0713-ruler-0137,toolbay-region-0713,罗德里戈・杜特蒂,Rodrigo Duterte,总统,2016,9999
toolbay-region-0713-ruler-0139,toolbay-region-0713,Apolinario Mabini,Apolinario Mabini,首相,1899,1900
toolbay-region-0713-ruler-0140,toolbay-region-0713,费迪南・马科斯,Ferdinand Marcos,首相,1978,1981
toolbay-region-0713-ruler-0141,toolbay-region-0713,Cesar E. A. Virata,Cesar E. A. Virata,首相,1981,1986
toolbay-region-0713-ruler-0143,toolbay-region-0713,Sergio Osmeña,Sergio Osmeña,副总统,1935,1942
toolbay-region-0713-ruler-0144,toolbay-region-0713,埃尔皮迪奥・R・基里诺,Elpidio Quirino,副总统,1946,1948
toolbay-region-0713-ruler-0145,toolbay-region-0713,费尔南多・洛佩斯,Fernando López,副总统,1949,1953
toolbay-region-0713-ruler-0146,toolbay-region-0713,Carlos Polistico Garcia,Carlos Polistico Garcia,副总统,1953,1957
toolbay-region-0713-ruler-0147,toolbay-region-0713,迪奥斯达多・马卡帕加尔,Diosdado Macapagal,副总统,1957,1961
toolbay-region-0713-ruler-0148,toolbay-region-0713,Emmanuel Pelaez,Emmanuel Pelaez,副总统,1961,1965
toolbay-region-0713-ruler-0149,toolbay-region-0713,费尔南多・洛佩斯,Fernando López,副总统,1965,1973
toolbay-region-0713-ruler-0150,toolbay-region-0713,萨尔瓦多・劳威尔,Salvador Laurel,副总统,1986,1992
toolbay-region-0713-ruler-0151,toolbay-region-0713,约瑟夫・埃斯特拉达,Joseph Estrada,副总统,1992,1998
toolbay-region-0713-ruler-0152,toolbay-region-0713,格洛丽亚・马卡帕加尔・阿罗约,Gloria Macapagal-Arroyo,副总统,1998,2000
toolbay-region-0713-ruler-0153,toolbay-region-0713,Teofisto Guingona,Teofisto Guingona,副总统,2000,2004
toolbay-region-0713-ruler-0154,toolbay-region-0713,Noli de Castro,Noli de Castro,副总统,2004,2010
toolbay-region-0713-ruler-0155,toolbay-region-0713,Jejomar Binay,Jejomar Binay,副总统,2010,2016
toolbay-region-0713-ruler-0156,toolbay-region-0713,莱妮・罗布雷多,Leni Robredo,副总统,2016,9999
toolbay-region-0713-ruler-0158,toolbay-region-0713,Frank William Murphy,Frank William Murphy,高级专员,1935,1937
toolbay-region-0713-ruler-0159,toolbay-region-0713,Paul Vories McNutt,Paul Vories McNutt,高级专员,1937,1939
toolbay-region-0713-ruler-0160,toolbay-region-0713,Francis Bowes Sayers,Francis Bowes Sayers,高级专员,1939,1942
toolbay-region-0713-ruler-0161,toolbay-region-0713,Paul Vories McNutt,Paul Vories McNutt,高级专员,1945,1946
toolbay-region-0713-ruler-0163,toolbay-region-0713,田中静壱,Tanaka Shizuichi,军政长官,1942,1943
toolbay-region-0713-ruler-0164,toolbay-region-0713,黒田重德,Kuroda Shigenori,军政长官,1943,1944
toolbay-region-0713-ruler-0165,toolbay-region-0713,山下奉文,Yamashita Tomoyuki,军政长官,1944,1945
toolbay-region-0727-ruler-0008,toolbay-region-0727,Hubertus Johannes van Mook,Hubertus Johannes van Mook,副総督,1945,1948
toolbay-region-0727-ruler-0010,toolbay-region-0727,路易・贝尔,Louis Joseph Beel,高级专员,1948,1949
toolbay-region-0727-ruler-0012,toolbay-region-0727,Jan Pieter Karel van Eechoud,Jan Pieter Karel van Eechoud,総督,1949,1950
toolbay-region-0727-ruler-0013,toolbay-region-0727,Simon Lodewijk Johan van Waardenburg,Simon Lodewijk Johan van Waardenburg,総督,1950,1953
toolbay-region-0727-ruler-0014,toolbay-region-0727,Jan van Baal,Jan van Baal,総督,1953,1958
toolbay-region-0727-ruler-0015,toolbay-region-0727,Pieter Johannes Platteel,Pieter Johannes Platteel,総督,1958,1962
toolbay-region-0727-ruler-0017,toolbay-region-0727,Djalal Abdoh,Djalal Abdoh,UN Administrator,1962,1963
toolbay-region-0728-ruler-0010,toolbay-region-0728,爱新覚罗・努尔哈赤,Aisin gioro Nurhaci,领导,1589,1616
toolbay-region-0728-ruler-0012,toolbay-region-0728,爱新覚罗・努尔哈赤,Aisin gioro Nurhaci,皇帝,1616,1626
toolbay-region-0728-ruler-0013,toolbay-region-0728,爱新覚罗・皇太极,Aisin gioro Huang-taiji,皇帝,1626,1643
toolbay-region-0728-ruler-0014,toolbay-region-0728,顺治帝,Shunzhi,皇帝,1643,1661
toolbay-region-0728-ruler-0015,toolbay-region-0728,康熙帝,Kangxi,皇帝,1661,1722
toolbay-region-0728-ruler-0016,toolbay-region-0728,雍正帝,Yongzheng,皇帝,1722,1735
toolbay-region-0728-ruler-0017,toolbay-region-0728,乾隆帝,Qianlong,皇帝,1735,1796
toolbay-region-0728-ruler-0018,toolbay-region-0728,嘉庆帝,Jiaqing,皇帝,1796,1820
toolbay-region-0728-ruler-0019,toolbay-region-0728,道光帝,Daoguang,皇帝,1820,1850
toolbay-region-0728-ruler-0020,toolbay-region-0728,咸丰帝,Xianfeng,皇帝,1850,1861
toolbay-region-0728-ruler-0021,toolbay-region-0728,同治帝,Tongzhi,皇帝,1861,1875
toolbay-region-0728-ruler-0022,toolbay-region-0728,光绪帝,Guangxu,皇帝,1875,1908
toolbay-region-0728-ruler-0023,toolbay-region-0728,宣统帝（爱新覚罗溥仪）,Xuantong(Àixīnjuéluó Pǔyí),皇帝,1908,1912
toolbay-region-0728-ruler-0025,toolbay-region-0728,睿亲王多尔衮,"Dorgon, Prince Rui",摄政王,1643,1650
toolbay-region-0728-ruler-0026,toolbay-region-0728,醇亲王载沣,"Zaifeng, 2nd Prince Chun",摄政王,1908,1911
toolbay-region-0728-ruler-0028,toolbay-region-0728,慈喜太后,Empress Dowager Cixi,(实际统治者),1881,1908
toolbay-region-0728-ruler-0030,toolbay-region-0728,袁世凯,Yuan Shi-kai,内阁総理大臣,1911,1912
toolbay-region-0729-ruler-0006,toolbay-region-0729,吴三桂,Wu San-gui,领导,1645,1678
toolbay-region-0729-ruler-0008,toolbay-region-0729,吴世璠,Wu Sei-fan,皇帝,1678,1681
toolbay-region-0730-ruler-0005,toolbay-region-0730,尚之信,Shang Zhi-xin,领导,1645,1674
toolbay-region-0731-ruler-0005,toolbay-region-0731,耿精忠,Geng Jing-zhong,领导,1645,1674
toolbay-region-0732-ruler-0005,toolbay-region-0732,洪秀全,Hong Xiu-quan,天王,1851,1864
toolbay-region-0733-ruler-0005,toolbay-region-0733,陈开,Chen Kai,领导,1855,1861
toolbay-region-0733-ruler-0006,toolbay-region-0733,李文茂,Lǐ Wén-mào,领导,1855,1858
toolbay-region-0734-ruler-0005,toolbay-region-0734,杜文秀,Du Wen-xiu,领导,1856,1872
toolbay-region-0740-ruler-0005,toolbay-region-0740,Kantheerava Narasaraja I,Kantheerava Narasaraja I,马哈拉贾(国王),1638,1659
toolbay-region-0740-ruler-0006,toolbay-region-0740,Dodda Devaraja,Dodda Devaraja,马哈拉贾(国王),1659,1673
toolbay-region-0740-ruler-0007,toolbay-region-0740,Chikka Devaraja,Chikka Devaraja,马哈拉贾(国王),1673,1704
toolbay-region-0740-ruler-0008,toolbay-region-0740,Kantheerava Narasaraja II,Kantheerava Narasaraja II,马哈拉贾(国王),1704,1714
toolbay-region-0740-ruler-0009,toolbay-region-0740,Dodda Krishnaraja,Dodda Krishnaraja,马哈拉贾(国王),1714,1732
toolbay-region-0740-ruler-0010,toolbay-region-0740,Chamaraja VI,Chamaraja VI,马哈拉贾(国王),1732,1734
toolbay-region-0740-ruler-0011,toolbay-region-0740,Krishnaraja II,Krishnaraja II,马哈拉贾(国王),1734,1766
toolbay-region-0740-ruler-0012,toolbay-region-0740,Nanajaraja,Nanajaraja,马哈拉贾(国王),1766,1770
toolbay-region-0740-ruler-0013,toolbay-region-0740,Bettada Chamaraja VII,Bettada Chamaraja VII,马哈拉贾(国王),1770,1776
toolbay-region-0740-ruler-0014,toolbay-region-0740,Khasa Chamaraja VIII,Khasa Chamaraja VIII,马哈拉贾(国王),1776,1782
toolbay-region-0740-ruler-0016,toolbay-region-0740,Hyder Ali,Hyder Ali,(实际统治者),1761,1782
toolbay-region-0740-ruler-0017,toolbay-region-0740,蒂普苏丹,Tipu Sultan,(实际统治者),1782,1799
toolbay-region-0753-ruler-0007,toolbay-region-0753,贾特拉帕蒂・希瓦吉,Chatrapati Shivaji,领导,1674,1681
toolbay-region-0753-ruler-0008,toolbay-region-0753,Sambhaji,Sambhaji,领导,1681,1689
toolbay-region-0753-ruler-0009,toolbay-region-0753,Rajaram I,Rajaram I,领导,1689,1700
toolbay-region-0753-ruler-0010,toolbay-region-0753,Tarabai,Tarabai,领导,1700,1707
toolbay-region-0753-ruler-0011,toolbay-region-0753,Shahu,Shahu,领导,1707,1747
toolbay-region-0753-ruler-0012,toolbay-region-0753,Rajaram II,Rajaram II,领导,1747,1777
toolbay-region-0756-ruler-0009,toolbay-region-0756,Shabdrung Ngawang Namgyal,Shabdrung Ngawang Namgyal,精神领导,1616,1651
toolbay-region-0756-ruler-0010,toolbay-region-0756,Kunga Gyaltshen,Kunga Gyaltshen,精神领导,1698,1712
toolbay-region-0756-ruler-0011,toolbay-region-0756,Phyogla Namgyal,Phyogla Namgyal,精神领导,1712,1730
toolbay-region-0756-ruler-0012,toolbay-region-0756,Jigme Norbu I,Jigme Norbu I,精神领导,1730,1735
toolbay-region-0756-ruler-0013,toolbay-region-0756,Mipham Wangpo,Mipham Wangpo,精神领导,1735,1738
toolbay-region-0756-ruler-0014,toolbay-region-0756,Jigme Dragpa I,Jigme Dragpa I,精神领导,1738,1762
toolbay-region-0756-ruler-0015,toolbay-region-0756,Choeki Gyaltshen,Choeki Gyaltshen,精神领导,1762,1788
toolbay-region-0756-ruler-0016,toolbay-region-0756,Jigme Dragpa II,Jigme Dragpa II,精神领导,1791,1831
toolbay-region-0756-ruler-0017,toolbay-region-0756,Jigme Norbu II,Jigme Norbu II,精神领导,1831,1862
toolbay-region-0756-ruler-0018,toolbay-region-0756,Jigme Chogyal,Jigme Chogyal,精神领导,1862,1904
toolbay-region-0756-ruler-0020,toolbay-region-0756,乌颜・旺楚克,Ugyen Wangchuck,马哈拉贾(大王),1907,1926
toolbay-region-0756-ruler-0021,toolbay-region-0756,吉格梅・旺楚克,Jigme Wangchuck,马哈拉贾(大王),1926,1952
toolbay-region-0756-ruler-0022,toolbay-region-0756,吉格梅・多尔吉・旺楚克,Jigme Dorji Wangchuck,马哈拉贾(大王),1952,1963
toolbay-region-0756-ruler-0024,toolbay-region-0756,吉格梅・多尔吉・旺楚克,Jigme Dorji Wangchuck,国王,1963,1972
toolbay-region-0756-ruler-0025,toolbay-region-0756,吉格梅・辛格・旺楚克,Jigme Singye Wangchuck,国王,1972,2006
toolbay-region-0756-ruler-0026,toolbay-region-0756,吉格梅・凯萨尔・纳姆耶尔・旺楚克,Jigme Khesar Namgyal Wangchuck,国王,2006,9999
toolbay-region-0756-ruler-0028,toolbay-region-0756,Raja Ugyen Dorji,Raja Ugyen Dorji,首相,1907,1917
toolbay-region-0756-ruler-0029,toolbay-region-0756,Raja Sonam Tobgay Dorji,Raja Sonam Tobgay Dorji,首相,1917,1952
toolbay-region-0756-ruler-0031,toolbay-region-0756,吉美・帕丹・多吉,Jigme Palden Dorji,首相,1952,1964
toolbay-region-0756-ruler-0032,toolbay-region-0756,吉格梅・廷里,Jigme Thinley,首相,1998,1999
toolbay-region-0756-ruler-0033,toolbay-region-0756,桑格・乃杜伦,Sangay Ngedup,首相,1999,2000
toolbay-region-0756-ruler-0034,toolbay-region-0756,益西・金巴,Yeshey Zimba,首相,2000,2001
toolbay-region-0756-ruler-0035,toolbay-region-0756,坎杜・旺楚克,Khandu Wangchuk,首相,2001,2002
toolbay-region-0756-ruler-0036,toolbay-region-0756,肯赞・多吉,Kinzang Dorji,首相,2002,2003
toolbay-region-0756-ruler-0037,toolbay-region-0756,吉格梅・廷里,Jigme Thinley,首相,2003,2004
toolbay-region-0756-ruler-0038,toolbay-region-0756,益西・金巴,Yeshey Zimba,首相,2004,2005
toolbay-region-0756-ruler-0039,toolbay-region-0756,桑格・乃杜伦,Sangay Ngedup,首相,2005,2006
toolbay-region-0756-ruler-0040,toolbay-region-0756,坎杜・旺楚克,Khandu Wangchuk,首相,2006,2007
toolbay-region-0756-ruler-0041,toolbay-region-0756,肯赞・多吉,Kinzang Dorji,首相,2007,2008
toolbay-region-0756-ruler-0042,toolbay-region-0756,吉格梅・廷里,Jigme Thinley,首相,2008,2013
toolbay-region-0756-ruler-0043,toolbay-region-0756,策林・托杰,Tshering Tobgay,首相,2013,9999
toolbay-region-0766-ruler-0010,toolbay-region-0766,Phuntso Namgyal I,Phuntso Namgyal I,马哈拉贾(大王),1642,1670
toolbay-region-0766-ruler-0011,toolbay-region-0766,Tensung Namgyal,Tensung Namgyal,马哈拉贾(大王),1670,1700
toolbay-region-0766-ruler-0012,toolbay-region-0766,Chhagdor Namgyal,Chhagdor Namgyal,马哈拉贾(大王),1700,1716
toolbay-region-0766-ruler-0013,toolbay-region-0766,Gyurmed Namgyal,Gyurmed Namgyal,马哈拉贾(大王),1716,1733
toolbay-region-0766-ruler-0014,toolbay-region-0766,Chandzod Tamding,Chandzod Tamding,马哈拉贾(大王),1733,1736
toolbay-region-0766-ruler-0015,toolbay-region-0766,Phuntso Namgyal II,Phuntso Namgyal II,马哈拉贾(大王),1736,1780
toolbay-region-0766-ruler-0016,toolbay-region-0766,Tenzing Namgyal,Tenzing Namgyal,马哈拉贾(大王),1780,1793
toolbay-region-0766-ruler-0017,toolbay-region-0766,Tsugphud Namgyal,Tsugphud Namgyal,马哈拉贾(大王),1793,1862
toolbay-region-0766-ruler-0018,toolbay-region-0766,Sidkeong Trulku Namgyal I,Sidkeong Trulku Namgyal I,马哈拉贾(大王),1862,1874
toolbay-region-0766-ruler-0019,toolbay-region-0766,Thutob Namgyal,Thutob Namgyal,马哈拉贾(大王),1874,1914
toolbay-region-0766-ruler-0020,toolbay-region-0766,Tashi Namgyal,Tashi Namgyal,马哈拉贾(大王),1914,1963
toolbay-region-0766-ruler-0021,toolbay-region-0766,Palden Thondup Namgyal,Palden Thondup Namgyal,马哈拉贾(大王),1963,1965
toolbay-region-0766-ruler-0023,toolbay-region-0766,Palden Thondup Namgyal,Palden Thondup Namgyal,国王,1965,1975
toolbay-region-0766-ruler-0025,toolbay-region-0766,Palden Thondup Namgyal,Palden Thondup Namgyal,国务委员会主席,1944,1949
toolbay-region-0766-ruler-0027,toolbay-region-0766,John S. Lall,John S. Lall,Dewan,1949,1954
toolbay-region-0766-ruler-0028,toolbay-region-0766,Nari Kaikhosru Rustomji,Nari Kaikhosru Rustomji,Dewan,1954,1959
toolbay-region-0766-ruler-0029,toolbay-region-0766,Baleshwar Prasad,Baleshwar Prasad,Dewan,1959,1963
toolbay-region-0766-ruler-0031,toolbay-region-0766,Ramdas Narayan Haldipur,Ramdas Narayan Haldipur,Principal administrative officer,1963,1969
toolbay-region-0766-ruler-0033,toolbay-region-0766,Inder Sen Chopra,Inder Sen Chopra,Sidlon,1969,1973
toolbay-region-0766-ruler-0035,toolbay-region-0766,B.S. Das,B.S. Das,Chief administrative officer,1973,1974
toolbay-region-0766-ruler-0037,toolbay-region-0766,Lhendup Dorjee Khangsarpa,Lhendup Dorjee Khangsarpa,Prime minister (Kazi),1974,1975
toolbay-region-0767-ruler-0006,toolbay-region-0767,宋克,Martinus Sonck,総督,1624,1625
toolbay-region-0767-ruler-0007,toolbay-region-0767,伟斯,Gerard F. de With,総督,1625,1627
toolbay-region-0767-ruler-0008,toolbay-region-0767,彼得・奴易兹,Pieter Nuyts,総督,1627,1629
toolbay-region-0767-ruler-0009,toolbay-region-0767,汉斯・普特曼斯,Hans Putmans,総督,1629,1636
toolbay-region-0767-ruler-0010,toolbay-region-0767,德包尔,Johan Van Der Burg,総督,1636,1640
toolbay-region-0767-ruler-0011,toolbay-region-0767,保罗・杜拉弟纽司,Paulus Traudenius,総督,1640,1643
toolbay-region-0767-ruler-0012,toolbay-region-0767,麦尔,Maximiliaan le Maire,総督,1643,1644
toolbay-region-0767-ruler-0013,toolbay-region-0767,加龙,Francois Caron,総督,1644,1646
toolbay-region-0767-ruler-0014,toolbay-region-0767,欧沃德,Pieter A. Overwater,総督,1646,1649
toolbay-region-0767-ruler-0015,toolbay-region-0767,费尔勃格,Nicolas Verburg,総督,1649,1653
toolbay-region-0767-ruler-0016,toolbay-region-0767,凯撒,Cornelis Caesar,総督,1653,1656
toolbay-region-0767-ruler-0017,toolbay-region-0767,揆一,Frederick Coyet,総督,1656,1662
toolbay-region-0767-ruler-0019,toolbay-region-0767,郑成功（国姓爷）,Zhèng Chéng-gōng (Koxinga),王,1662,1663
toolbay-region-0767-ruler-0020,toolbay-region-0767,郑経,Zheng Jing,王,1663,1681
toolbay-region-0767-ruler-0021,toolbay-region-0767,郑克塽,Zheng Ke-shuang,王,1681,1683
toolbay-region-0771-ruler-0011,toolbay-region-0771,Padre Diego Luís de San Vitores,Padre Diego Luís de San Vitores,総督,1668,1672
toolbay-region-0771-ruler-0012,toolbay-region-0771,Francisco Ezquerra,Francisco Ezquerra,総督,1672,1674
toolbay-region-0771-ruler-0013,toolbay-region-0771,Damián de Esplana,Damián de Esplana,総督,1674,1676
toolbay-region-0771-ruler-0014,toolbay-region-0771,Francisco de Irisarri y Vivar,Francisco de Irisarri y Vivar,総督,1676,1678
toolbay-region-0771-ruler-0015,toolbay-region-0771,Juan Antonio de Salas,Juan Antonio de Salas,総督,1678,1680
toolbay-region-0771-ruler-0016,toolbay-region-0771,José de Quiroga y Losada,José de Quiroga y Losada,総督,1680,1681
toolbay-region-0771-ruler-0017,toolbay-region-0771,Antonio de Saravia,Antonio de Saravia,総督,1681,1683
toolbay-region-0771-ruler-0018,toolbay-region-0771,Damián de Esplana,Damián de Esplana,総督,1683,1686
toolbay-region-0771-ruler-0019,toolbay-region-0771,José de Quiroga y Losada,José de Quiroga y Losada,総督,1686,1689
toolbay-region-0771-ruler-0020,toolbay-region-0771,Damián de Esplana,Damián de Esplana,総督,1689,1694
toolbay-region-0771-ruler-0021,toolbay-region-0771,José de Quiroga y Losada,José de Quiroga y Losada,総督,1694,1696
toolbay-region-0771-ruler-0022,toolbay-region-0771,José Madrazo,José Madrazo,総督,1696,1700
toolbay-region-0771-ruler-0023,toolbay-region-0771,Francisco Medrano y Asiain,Francisco Medrano y Asiain,総督,1700,1704
toolbay-region-0771-ruler-0024,toolbay-region-0771,Antonio Villamor y Vadillo,Antonio Villamor y Vadillo,総督,1704,1709
toolbay-region-0771-ruler-0025,toolbay-region-0771,Juan Antonio Pimentel,Juan Antonio Pimentel,総督,1709,1720
toolbay-region-0771-ruler-0026,toolbay-region-0771,Luis Antonio Sánchez de Tagle,Luis Antonio Sánchez de Tagle,総督,1720,1725
toolbay-region-0771-ruler-0027,toolbay-region-0771,Manuel Argüelles y Valdés,Manuel Argüelles y Valdés,総督,1725,1730
toolbay-region-0771-ruler-0028,toolbay-region-0771,Diego Félix de Balboa,Diego Félix de Balboa,総督,1730,1734
toolbay-region-0771-ruler-0029,toolbay-region-0771,Francisco Cárdenas Pacheco,Francisco Cárdenas Pacheco,総督,1734,1740
toolbay-region-0771-ruler-0030,toolbay-region-0771,Miguel Fernández de Cárdenas,Miguel Fernández de Cárdenas,総督,1740,1746
toolbay-region-0771-ruler-0031,toolbay-region-0771,Domingo Gómez de la Sierra,Domingo Gómez de la Sierra,総督,1746,1749
toolbay-region-0771-ruler-0032,toolbay-region-0771,Enrique de Olavide y Michelena,Enrique de Olavide y Michelena,総督,1749,1756
toolbay-region-0771-ruler-0033,toolbay-region-0771,Andrés del Barrio y Rábago,Andrés del Barrio y Rábago,総督,1756,1759
toolbay-region-0771-ruler-0034,toolbay-region-0771,José de Soroa,José de Soroa,総督,1759,1768
toolbay-region-0771-ruler-0035,toolbay-region-0771,Enrique de Olavide y Michelena,Enrique de Olavide y Michelena,総督,1768,1771
toolbay-region-0771-ruler-0036,toolbay-region-0771,Mariano Tobías,Mariano Tobías,総督,1771,1774
toolbay-region-0771-ruler-0037,toolbay-region-0771,Antonio Apodaca,Antonio Apodaca,総督,1774,1776
toolbay-region-0771-ruler-0038,toolbay-region-0771,Felipe de Ceraín,Felipe de Ceraín,総督,1776,1786
toolbay-region-0771-ruler-0039,toolbay-region-0771,José Arleguí y León,José Arleguí y León,総督,1786,1794
toolbay-region-0771-ruler-0040,toolbay-region-0771,Manuel Muro,Manuel Muro,総督,1794,1802
toolbay-region-0771-ruler-0041,toolbay-region-0771,Vicente Blanco,Vicente Blanco,総督,1802,1806
toolbay-region-0771-ruler-0042,toolbay-region-0771,Alejandro Parreño,Alejandro Parreño,総督,1806,1812
toolbay-region-0771-ruler-0043,toolbay-region-0771,José de Medinilla y Pineda,José de Medinilla y Pineda,総督,1812,1822
toolbay-region-0771-ruler-0044,toolbay-region-0771,José Montilla,José Montilla,総督,1822,1823
toolbay-region-0771-ruler-0045,toolbay-region-0771,José Ganga Herrero,José Ganga Herrero,総督,1823,1826
toolbay-region-0771-ruler-0046,toolbay-region-0771,José de Medinilla y Pineda,José de Medinilla y Pineda,総督,1826,1831
toolbay-region-0771-ruler-0047,toolbay-region-0771,Francisco Ramón de Villalobos,Francisco Ramón de Villalobos,総督,1831,1837
toolbay-region-0771-ruler-0048,toolbay-region-0771,José Casillas Salazar,José Casillas Salazar,総督,1837,1843
toolbay-region-0771-ruler-0049,toolbay-region-0771,Gregorio Santa Maria,Gregorio Santa Maria,総督,1843,1848
toolbay-region-0771-ruler-0050,toolbay-region-0771,Pablo Pérez,Pablo Pérez,総督,1848,1855
toolbay-region-0771-ruler-0051,toolbay-region-0771,Felipe María de la Corte y Ruano Calderón,Felipe María de la Corte y Ruano Calderón,総督,1855,1866
toolbay-region-0771-ruler-0052,toolbay-region-0771,Francisco Moscoso y Lara,Francisco Moscoso y Lara,総督,1866,1871
toolbay-region-0771-ruler-0053,toolbay-region-0771,Luis de Ibáñez y García,Luis de Ibáñez y García,総督,1871,1873
toolbay-region-0771-ruler-0054,toolbay-region-0771,Eduardo Beaumont y Calafat,Eduardo Beaumont y Calafat,総督,1873,1875
toolbay-region-0771-ruler-0055,toolbay-region-0771,Manuel Bravo y Barrera,Manuel Bravo y Barrera,総督,1875,1880
toolbay-region-0771-ruler-0056,toolbay-region-0771,Francisco Brochero y Parreño,Francisco Brochero y Parreño,総督,1880,1884
toolbay-region-0771-ruler-0057,toolbay-region-0771,Francisco Olive y García,Francisco Olive y García,総督,1884,1885
toolbay-region-0771-ruler-0058,toolbay-region-0771,Enrique Solano Llanderal,Enrique Solano Llanderal,総督,1885,1890
toolbay-region-0771-ruler-0059,toolbay-region-0771,Joaquín Vara de Rey y Rubio,Joaquín Vara de Rey y Rubio,総督,1890,1891
toolbay-region-0771-ruler-0060,toolbay-region-0771,Luis Santos Fontordera,Luis Santos Fontordera,総督,1891,1892
toolbay-region-0771-ruler-0061,toolbay-region-0771,Vicente Gómez Hernández,Vicente Gómez Hernández,総督,1892,1893
toolbay-region-0771-ruler-0062,toolbay-region-0771,Emilio Galisteo y Brunenque,Emilio Galisteo y Brunenque,総督,1893,1895
toolbay-region-0771-ruler-0063,toolbay-region-0771,Jacobo Marina,Jacobo Marina,総督,1895,1897
toolbay-region-0771-ruler-0064,toolbay-region-0771,Juan Marina,Juan Marina,総督,1897,1898
toolbay-region-0771-ruler-0065,toolbay-region-0771,Richard Phillips Leary,Richard Phillips Leary,総督,1899,1900
toolbay-region-0771-ruler-0066,toolbay-region-0771,Seaton Schroeder,Seaton Schroeder,総督,1900,1903
toolbay-region-0771-ruler-0067,toolbay-region-0771,William Elbridge Sewell,William Elbridge Sewell,総督,1903,1904
toolbay-region-0771-ruler-0068,toolbay-region-0771,George Leland Dyer,George Leland Dyer,総督,1904,1905
toolbay-region-0771-ruler-0069,toolbay-region-0771,Luke McNamee,Luke McNamee,総督,1905,1906
toolbay-region-0771-ruler-0070,toolbay-region-0771,Templin Morris Potts,Templin Morris Potts,総督,1906,1907
toolbay-region-0771-ruler-0071,toolbay-region-0771,Edward John Dorn,Edward John Dorn,総督,1907,1910
toolbay-region-0771-ruler-0072,toolbay-region-0771,F.B. Freyer,F.B. Freyer,総督,1910,1911
toolbay-region-0771-ruler-0073,toolbay-region-0771,George Robert Salisbury,George Robert Salisbury,総督,1911,1912
toolbay-region-0771-ruler-0074,toolbay-region-0771,Robert Edward Coontz,Robert Edward Coontz,総督,1912,1913
toolbay-region-0771-ruler-0075,toolbay-region-0771,A.W. Hinds,A.W. Hinds,総督,1913,1914
toolbay-region-0771-ruler-0076,toolbay-region-0771,William John Maxwell,William John Maxwell,総督,1914,1916
toolbay-region-0771-ruler-0077,toolbay-region-0771,Roy Campbell Smith,Roy Campbell Smith,総督,1916,1918
toolbay-region-0771-ruler-0078,toolbay-region-0771,William Wirt Gilmer,William Wirt Gilmer,総督,1918,1920
toolbay-region-0771-ruler-0079,toolbay-region-0771,Ivan Cyrus Wettengel,Ivan Cyrus Wettengel,総督,1920,1921
toolbay-region-0771-ruler-0080,toolbay-region-0771,James S. Spore,James S. Spore,総督,1921,1922
toolbay-region-0771-ruler-0081,toolbay-region-0771,Adelbert Althouse,Adelbert Althouse,総督,1922,1923
toolbay-region-0771-ruler-0082,toolbay-region-0771,Henry Bertram Price,Henry Bertram Price,総督,1923,1924
toolbay-region-0771-ruler-0083,toolbay-region-0771,A.W. Brown,A.W. Brown,総督,1924,1926
toolbay-region-0771-ruler-0084,toolbay-region-0771,Lloyd Stogell Shapley,Lloyd Stogell Shapley,総督,1926,1929
toolbay-region-0771-ruler-0085,toolbay-region-0771,Willis Winter Bradley,Willis Winter Bradley,総督,1929,1931
toolbay-region-0771-ruler-0086,toolbay-region-0771,Edmund Spence Root,Edmund Spence Root,総督,1931,1933
toolbay-region-0771-ruler-0087,toolbay-region-0771,George Andrew Alexander,George Andrew Alexander,総督,1933,1936
toolbay-region-0771-ruler-0088,toolbay-region-0771,Benjamin Vaughan McCandlish,Benjamin Vaughan McCandlish,総督,1936,1938
toolbay-region-0771-ruler-0089,toolbay-region-0771,James Thomas Alexander,James Thomas Alexander,総督,1938,1940
toolbay-region-0771-ruler-0090,toolbay-region-0771,George Johnson McMillin,George Johnson McMillin,総督,1940,1941
toolbay-region-0771-ruler-0092,toolbay-region-0771,堀井富太郎,Horii Tomitarou,Military Governor,1941,1942
toolbay-region-0771-ruler-0093,toolbay-region-0771,焔贞一,Homura Teiichi,Military Governor,1942,1944
toolbay-region-0771-ruler-0094,toolbay-region-0771,Henry Louis Larsen,Henry Louis Larsen,Military Governor,1944,1946
toolbay-region-0771-ruler-0095,toolbay-region-0771,Charles Alan Pownall,Charles Alan Pownall,Military Governor,1946,1949
toolbay-region-0771-ruler-0097,toolbay-region-0771,Carlton S. Skinner,Carlton S. Skinner,Governor,1949,1953
toolbay-region-0771-ruler-0098,toolbay-region-0771,Ford Quint Elvidge,Ford Quint Elvidge,Governor,1953,1956
toolbay-region-0771-ruler-0099,toolbay-region-0771,Richard Barrett Lowe,Richard Barrett Lowe,Governor,1956,1959
toolbay-region-0771-ruler-0100,toolbay-region-0771,Marcellus G. Boss,Marcellus G. Boss,Governor,1959,1960
toolbay-region-0771-ruler-0101,toolbay-region-0771,Joseph F. Flores,Joseph F. Flores,Governor,1960,1961
toolbay-region-0771-ruler-0102,toolbay-region-0771,"William ""Bill"" Patlov Daniel","William ""Bill"" Patlov Daniel",Governor,1961,1963
toolbay-region-0771-ruler-0103,toolbay-region-0771,Manuel Flores Leon Guerrero,Manuel Flores Leon Guerrero,Governor,1963,1969
toolbay-region-0771-ruler-0105,toolbay-region-0771,Carlos Garcia Camacho,Carlos Garcia Camacho,州长,1969,1975
toolbay-region-0771-ruler-0106,toolbay-region-0771,Ricardo Jerome Bordallo,Ricardo Jerome Bordallo,州长,1975,1979
toolbay-region-0771-ruler-0107,toolbay-region-0771,Paul McDonald Calvo,Paul McDonald Calvo,州长,1979,1983
toolbay-region-0771-ruler-0108,toolbay-region-0771,Ricardo Jerome Bordallo,Ricardo Jerome Bordallo,州长,1983,1987
toolbay-region-0771-ruler-0109,toolbay-region-0771,Joseph F. Ada,Joseph F. Ada,州长,1987,1995
toolbay-region-0771-ruler-0110,toolbay-region-0771,Carl Tommy Cruz Gutierrez,Carl Tommy Cruz Gutierrez,州长,1995,2003
toolbay-region-0771-ruler-0111,toolbay-region-0771,Felix Perez Camacho,Felix Perez Camacho,州长,2003,2011
toolbay-region-0771-ruler-0112,toolbay-region-0771,Eddie Calvo,Eddie Calvo,州长,2011,9999
toolbay-region-0772-ruler-0017,toolbay-region-0772,François Baron,François Baron,专员,1672,1681
toolbay-region-0772-ruler-0018,toolbay-region-0772,François Martin,François Martin,专员,1681,1693
toolbay-region-0772-ruler-0020,toolbay-region-0772,François Martin,François Martin,総督,1699,1707
toolbay-region-0772-ruler-0021,toolbay-region-0772,Pierre Dulivier,Pierre Dulivier,総督,1707,1708
toolbay-region-0772-ruler-0022,toolbay-region-0772,Guillaume André d'Hébert,Guillaume André d'Hébert,総督,1708,1712
toolbay-region-0772-ruler-0023,toolbay-region-0772,Pierre Dulivier,Pierre Dulivier,総督,1712,1717
toolbay-region-0772-ruler-0024,toolbay-region-0772,Guillaume André d'Hébert,Guillaume André d'Hébert,総督,1717,1718
toolbay-region-0772-ruler-0025,toolbay-region-0772,Pierre André Prévost de La Prévostière,Pierre André Prévost de La Prévostière,総督,1718,1721
toolbay-region-0772-ruler-0026,toolbay-region-0772,Pierre Christoph Le Noir,Pierre Christoph Le Noir,総督,1721,1723
toolbay-region-0772-ruler-0027,toolbay-region-0772,Joseph Beauvollier de Courchant,Joseph Beauvollier de Courchant,総督,1723,1726
toolbay-region-0772-ruler-0028,toolbay-region-0772,Pierre Christoph Le Noir,Pierre Christoph Le Noir,総督,1726,1734
toolbay-region-0772-ruler-0029,toolbay-region-0772,Pierre Benoît Dumas,Pierre Benoît Dumas,総督,1734,1735
toolbay-region-0772-ruler-0030,toolbay-region-0772,Joseph François Dupleix,Joseph François Dupleix,総督,1742,1754
toolbay-region-0772-ruler-0031,toolbay-region-0772,Georges Duval de Leyrit,Georges Duval de Leyrit,総督,1754,1758
toolbay-region-0772-ruler-0032,toolbay-region-0772,"Thomas Arthur, comte de Lally","Thomas Arthur, comte de Lally",総督,1758,1761
toolbay-region-0772-ruler-0033,toolbay-region-0772,Jean Law de Lauriston,Jean Law de Lauriston,総督,1765,1766
toolbay-region-0772-ruler-0034,toolbay-region-0772,Antoine Boyellau,Antoine Boyellau,総督,1766,1767
toolbay-region-0772-ruler-0035,toolbay-region-0772,Jean Law de Lauriston,Jean Law de Lauriston,総督,1767,1777
toolbay-region-0772-ruler-0036,toolbay-region-0772,"Guillaume de Bellecombe, seigneur de Teirac","Guillaume de Bellecombe, seigneur de Teirac",総督,1777,1783
toolbay-region-0772-ruler-0037,toolbay-region-0772,"Charles Joseph Pâtissier, Marquis de Bussy-Castelnau","Charles Joseph Pâtissier, Marquis de Bussy-Castelnau",総督,1783,1785
toolbay-region-0772-ruler-0038,toolbay-region-0772,David Charpentier de Cossigny,David Charpentier de Cossigny,総督,1785,1787
toolbay-region-0772-ruler-0039,toolbay-region-0772,"Thomas, comte de Conway","Thomas, comte de Conway",総督,1787,1789
toolbay-region-0772-ruler-0040,toolbay-region-0772,"Camille Charles Leclerc, Chevalier de Fresne","Camille Charles Leclerc, Chevalier de Fresne",総督,1789,1792
toolbay-region-0772-ruler-0041,toolbay-region-0772,Dominique Prosper de Chermont,Dominique Prosper de Chermont,総督,1792,1793
toolbay-region-0772-ruler-0042,toolbay-region-0772,Charles Mathieu Isidore Decaen,Charles Mathieu Isidore Decaen,総督,1802,1803
toolbay-region-0772-ruler-0043,toolbay-region-0772,André Julien Comte Dupuy,André Julien Comte Dupuy,総督,1816,1825
toolbay-region-0772-ruler-0044,toolbay-region-0772,"Joseph Cordier, Marie Emmanuel","Joseph Cordier, Marie Emmanuel",総督,1825,1826
toolbay-region-0772-ruler-0045,toolbay-region-0772,"Eugène Panon, comte Desbassayns de Richemont","Eugène Panon, comte Desbassayns de Richemont",総督,1826,1828
toolbay-region-0772-ruler-0046,toolbay-region-0772,"Joseph Cordier, Marie Emmanuel","Joseph Cordier, Marie Emmanuel",総督,1828,1829
toolbay-region-0772-ruler-0047,toolbay-region-0772,Auguste Jacques Nicolas Peureux de Mélay,Auguste Jacques Nicolas Peureux de Mélay,総督,1829,1835
toolbay-region-0772-ruler-0048,toolbay-region-0772,"Hubert Jean Victor, Marquis de Saint-Simon","Hubert Jean Victor, Marquis de Saint-Simon",総督,1835,1840
toolbay-region-0772-ruler-0049,toolbay-region-0772,Paul de Nourquer du Camper,Paul de Nourquer du Camper,総督,1840,1844
toolbay-region-0772-ruler-0050,toolbay-region-0772,Louis Pujol,Louis Pujol,総督,1844,1849
toolbay-region-0772-ruler-0051,toolbay-region-0772,Hyacinth Marie de Lalande de Calan,Hyacinth Marie de Lalande de Calan,総督,1849,1850
toolbay-region-0772-ruler-0052,toolbay-region-0772,Philippe Achille Bédier,Philippe Achille Bédier,総督,1850,1852
toolbay-region-0772-ruler-0053,toolbay-region-0772,Raymond de Saint-Maur,Raymond de Saint-Maur,総督,1852,1857
toolbay-region-0772-ruler-0054,toolbay-region-0772,Alexandre Durand d'Ubraye,Alexandre Durand d'Ubraye,総督,1857,1863
toolbay-region-0772-ruler-0055,toolbay-region-0772,Napoléon Joseph Louis Bontemps,Napoléon Joseph Louis Bontemps,総督,1863,1871
toolbay-region-0772-ruler-0056,toolbay-region-0772,Pierre Aristide Faron,Pierre Aristide Faron,総督,1871,1875
toolbay-region-0772-ruler-0057,toolbay-region-0772,Adolph Joseph Antoine Trillard,Adolph Joseph Antoine Trillard,総督,1875,1878
toolbay-region-0772-ruler-0058,toolbay-region-0772,Léonce Laugier,Léonce Laugier,総督,1879,1881
toolbay-region-0772-ruler-0059,toolbay-region-0772,Théodore Drouhet,Théodore Drouhet,総督,1881,1884
toolbay-region-0772-ruler-0060,toolbay-region-0772,Étienne Richaud,Étienne Richaud,総督,1884,1886
toolbay-region-0772-ruler-0061,toolbay-region-0772,Édouard Manès,Édouard Manès,総督,1886,1888
toolbay-region-0772-ruler-0062,toolbay-region-0772,Georges Jules Piquet,Georges Jules Piquet,総督,1888,1889
toolbay-region-0772-ruler-0063,toolbay-region-0772,Louis Hippolyte Marie Nouet,Louis Hippolyte Marie Nouet,総督,1889,1891
toolbay-region-0772-ruler-0064,toolbay-region-0772,Léon Émile Clément-Thomas,Léon Émile Clément-Thomas,総督,1891,1896
toolbay-region-0772-ruler-0065,toolbay-region-0772,Louis Jean Girod,Louis Jean Girod,総督,1896,1898
toolbay-region-0772-ruler-0066,toolbay-region-0772,François Pierre Rodier,François Pierre Rodier,総督,1898,1902
toolbay-region-0772-ruler-0067,toolbay-region-0772,Victor Louis Marie Lanrezac,Victor Louis Marie Lanrezac,総督,1902,1904
toolbay-region-0772-ruler-0068,toolbay-region-0772,Philema Lemaire,Philema Lemaire,総督,1904,1905
toolbay-region-0772-ruler-0069,toolbay-region-0772,Joseph Pascal François,Joseph Pascal François,総督,1905,1906
toolbay-region-0772-ruler-0070,toolbay-region-0772,Gabriel Louis Angoulvant,Gabriel Louis Angoulvant,総督,1906,1907
toolbay-region-0772-ruler-0071,toolbay-region-0772,Adrien Jules Jean Bonhoure,Adrien Jules Jean Bonhoure,総督,1908,1909
toolbay-region-0772-ruler-0072,toolbay-region-0772,Ernest Fernand Lévecque,Ernest Fernand Lévecque,総督,1909,1910
toolbay-region-0772-ruler-0073,toolbay-region-0772,Alfred Albert Martineau,Alfred Albert Martineau,総督,1910,1911
toolbay-region-0772-ruler-0074,toolbay-region-0772,Pierre Louis Alfred Duprat,Pierre Louis Alfred Duprat,総督,1911,1913
toolbay-region-0772-ruler-0075,toolbay-region-0772,Alfred Martineau,Alfred Martineau,総督,1913,1918
toolbay-region-0772-ruler-0076,toolbay-region-0772,（名字失传）,(unknown),総督,1918,1919
toolbay-region-0772-ruler-0077,toolbay-region-0772,Louis Martial Innocent Gerbinis,Louis Martial Innocent Gerbinis,総督,1919,1926
toolbay-region-0772-ruler-0078,toolbay-region-0772,Pierre Jean Henri Didelot,Pierre Jean Henri Didelot,総督,1926,1928
toolbay-region-0772-ruler-0079,toolbay-region-0772,Robert Paul Marie de Guise,Robert Paul Marie de Guise,総督,1928,1931
toolbay-region-0772-ruler-0080,toolbay-region-0772,François Adrien Juvanon,François Adrien Juvanon,総督,1931,1934
toolbay-region-0772-ruler-0081,toolbay-region-0772,Léon Solomiac,Léon Solomiac,総督,1934,1936
toolbay-region-0772-ruler-0082,toolbay-region-0772,Horace Valentin Crocicchia,Horace Valentin Crocicchia,総督,1936,1938
toolbay-region-0772-ruler-0083,toolbay-region-0772,Louis Alexis Étienne Bonvin,Louis Alexis Étienne Bonvin,総督,1938,1945
toolbay-region-0772-ruler-0084,toolbay-region-0772,Nicolas Ernest Marie Maurice Jeandin,Nicolas Ernest Marie Maurice Jeandin,総督,1945,1946
toolbay-region-0772-ruler-0085,toolbay-region-0772,Charles François Marie Baron,Charles François Marie Baron,総督,1946,1947
toolbay-region-0772-ruler-0087,toolbay-region-0772,Charles François Marie Baron,Charles François Marie Baron,专员,1947,1949
toolbay-region-0772-ruler-0088,toolbay-region-0772,Charles Chambon,Charles Chambon,专员,1949,1950
toolbay-region-0772-ruler-0089,toolbay-region-0772,André Ménard,André Ménard,专员,1950,1954
toolbay-region-0773-ruler-0007,toolbay-region-0773,沙鲁克,Shah Rukh II,汗,1709,1721
toolbay-region-0773-ruler-0008,toolbay-region-0773,阿布德・拉赫曼,`Abd ar-Rahman Khan,汗,1721,1739
toolbay-region-0773-ruler-0009,toolbay-region-0773,阿布德・卡里姆,`Abd al-Karim Khan,汗,1739,1746
toolbay-region-0773-ruler-0010,toolbay-region-0773,伊尔达娜・比・额尔德尼女王,Irdana Bi Erdeni Khan,汗,1746,1770
toolbay-region-0773-ruler-0011,toolbay-region-0773,纳尔布塔,Narbuta Khan,汗,1770,1800
toolbay-region-0773-ruler-0012,toolbay-region-0773,爱里木,`Alim Khan,汗,1800,1809
toolbay-region-0773-ruler-0013,toolbay-region-0773,穆罕默德・奥马尔,Muhammad `Umar Khan,汗,1809,1822
toolbay-region-0773-ruler-0014,toolbay-region-0773,马达里（穆罕默德・阿里）,Muhammad `Ali Khan,汗,1822,1842
toolbay-region-0773-ruler-0015,toolbay-region-0773,西尔・阿里,Shir `Ali Khan,汗,1842,1845
toolbay-region-0773-ruler-0016,toolbay-region-0773,穆罕默德・古德亚,Muhammad Khudayar Khan,汗,1845,1858
toolbay-region-0773-ruler-0017,toolbay-region-0773,马拉（穆罕默德・马拉・贝格）,Muhammad Malla Beg Khan,汗,1858,1862
toolbay-region-0773-ruler-0018,toolbay-region-0773,穆罕默德・古德亚,Muhammad Khudayar Khan,汗,1862,1863
toolbay-region-0773-ruler-0019,toolbay-region-0773,穆罕默德・苏丹,Muhammad Sultan Khan,汗,1863,1866
toolbay-region-0773-ruler-0020,toolbay-region-0773,穆罕默德・古德亚,Muhammad Khudayar Khan,汗,1866,1875
toolbay-region-0773-ruler-0021,toolbay-region-0773,纳西尔丁,Nasir ad-Din Khan,汗,1875,1876
toolbay-region-0773-ruler-0023,toolbay-region-0773,Konstantin von Kaufmann,Konstantin von Kaufmann,総督,1876,1882
toolbay-region-0773-ruler-0024,toolbay-region-0773,Michail Chernyayev,Michail Chernyayev,総督,1882,1884
toolbay-region-0773-ruler-0025,toolbay-region-0773,Nikolai Rosenbach,Nikolai Rosenbach,総督,1884,1889
toolbay-region-0773-ruler-0026,toolbay-region-0773,Alexander Vrevski,Alexander Vrevski,総督,1889,1898
toolbay-region-0773-ruler-0027,toolbay-region-0773,Sergei Dukhovski,Sergei Dukhovski,総督,1898,1901
toolbay-region-0773-ruler-0028,toolbay-region-0773,Nikolai Ivanov,Nikolai Ivanov,総督,1901,1904
toolbay-region-0773-ruler-0029,toolbay-region-0773,Nikolai Teviachov,Nikolai Teviachov,総督,1904,1905
toolbay-region-0773-ruler-0030,toolbay-region-0773,Dean Subbotitch,Dean Subbotitch,総督,1905,1906
toolbay-region-0773-ruler-0031,toolbay-region-0773,Nikolai Grodekov,Nikolai Grodekov,総督,1906,1908
toolbay-region-0773-ruler-0032,toolbay-region-0773,Pavel Misichenko,Pavel Misichenko,総督,1908,1909
toolbay-region-0773-ruler-0033,toolbay-region-0773,Alexandr Samsonov,Alexandr Samsonov,総督,1909,1914
toolbay-region-0773-ruler-0034,toolbay-region-0773,Feodor Martson,Feodor Martson,総督,1914,1916
toolbay-region-0773-ruler-0035,toolbay-region-0773,亚歴克塞・库罗帕特金,Aleksey Kuropatkin,総督,1916,1917
toolbay-region-0773-ruler-0037,toolbay-region-0773,Mustafa Shokay,Mustafa Shokay,总统,1917,1918
toolbay-region-0775-ruler-0007,toolbay-region-0775,"Qamar-ud-din Khan, Asaf Jah I","Qamar-ud-din Khan, Asaf Jah I",Nizam,1724,1748
toolbay-region-0775-ruler-0008,toolbay-region-0775,Nasir Jang Mir Ahmad,Nasir Jang Mir Ahmad,Nizam,1748,1750
toolbay-region-0775-ruler-0009,toolbay-region-0775,Muhyi ad-Din Muzaffar Jang Hidayat,Muhyi ad-Din Muzaffar Jang Hidayat,Nizam,1750,1751
toolbay-region-0775-ruler-0010,toolbay-region-0775,Asaf ad-Dawlah Mir Ali Salabat Jang,Asaf ad-Dawlah Mir Ali Salabat Jang,Nizam,1751,1762
toolbay-region-0775-ruler-0011,toolbay-region-0775,Ali Khan Asaf Jah II,Ali Khan Asaf Jah II,Nizam,1762,1803
toolbay-region-0775-ruler-0012,toolbay-region-0775,"Mir Akbar Ali Khan Sikander Jah, Asaf Jah III","Mir Akbar Ali Khan Sikander Jah, Asaf Jah III",Nizam,1803,1829
toolbay-region-0775-ruler-0013,toolbay-region-0775,"Nasir-ud-dawlah, Asaf Jah IV","Nasir-ud-dawlah, Asaf Jah IV",Nizam,1829,1857
toolbay-region-0775-ruler-0014,toolbay-region-0775,"Afzal ad-Dawlah, Asaf Jah V","Afzal ad-Dawlah, Asaf Jah V",Nizam,1857,1869
toolbay-region-0775-ruler-0015,toolbay-region-0775,"Mahbub Ali Khan, Asaf Jah VI","Mahbub Ali Khan, Asaf Jah VI",Nizam,1869,1911
toolbay-region-0775-ruler-0016,toolbay-region-0775,"Osman Ali Khan, Asaf Jah VII","Osman Ali Khan, Asaf Jah VII",Nizam,1911,1948
toolbay-region-0791-ruler-0005,toolbay-region-0791,米尔维斯・霍塔克,Mirwais Khan Hotaki,埃米尔,1709,1715
toolbay-region-0791-ruler-0006,toolbay-region-0791,阿卜杜勒・阿齐兹,Abdul Aziz Hotaki,埃米尔,1715,1717
toolbay-region-0791-ruler-0007,toolbay-region-0791,马哈茂德・汉达基,Mahmud Hotaki,埃米尔,1717,1722
toolbay-region-0791-ruler-0009,toolbay-region-0791,马哈茂德・汉达基,Mahmud Hotaki,沙阿,1722,1725
toolbay-region-0791-ruler-0010,toolbay-region-0791,阿什拉夫・汉达基,Ashraf Hotaki,沙阿,1725,1729
toolbay-region-0792-ruler-0021,toolbay-region-0792,艾哈迈德・沙・杜兰尼,Ahmed Shah Durrani,沙,1747,1773
toolbay-region-0792-ruler-0022,toolbay-region-0792,铁木尔沙,Timur Shah,沙,1773,1793
toolbay-region-0792-ruler-0023,toolbay-region-0792,査曼沙,Zaman Shah,沙,1793,1801
toolbay-region-0792-ruler-0024,toolbay-region-0792,马茂德沙,Mahmud Shah,沙,1801,1803
toolbay-region-0792-ruler-0025,toolbay-region-0792,苏加沙,Shuja Shah,沙,1803,1809
toolbay-region-0792-ruler-0026,toolbay-region-0792,马茂德沙,Mahmud Shah,沙,1809,1818
toolbay-region-0792-ruler-0027,toolbay-region-0792,阿里沙,Sultan Ali Shah,沙,1818,1819
toolbay-region-0792-ruler-0028,toolbay-region-0792,阿尤布沙,Ayub Shah,沙,1819,1823
toolbay-region-0792-ruler-0030,toolbay-region-0792,Dost Mohammad Khan,Dost Mohammad Khan,埃米尔,1826,1839
toolbay-region-0792-ruler-0031,toolbay-region-0792,苏加沙,Shuja Shah,埃米尔,1839,1842
toolbay-region-0792-ruler-0032,toolbay-region-0792,Dost Mohammad Khan,Dost Mohammad Khan,埃米尔,1842,1863
toolbay-region-0792-ruler-0033,toolbay-region-0792,Sher Ali Khan,Sher Ali Khan,埃米尔,1863,1880
toolbay-region-0792-ruler-0034,toolbay-region-0792,阿布杜尔・拉赫曼・汗,Abdur Rahman Khan,埃米尔,1880,1901
toolbay-region-0792-ruler-0035,toolbay-region-0792,Habibullah Khan,Habibullah Khan,埃米尔,1901,1919
toolbay-region-0792-ruler-0036,toolbay-region-0792,阿曼诺拉・汗,Amanullah Khan,埃米尔,1919,1926
toolbay-region-0792-ruler-0038,toolbay-region-0792,阿曼诺拉・汗,Amanullah Khan,国王,1926,1929
toolbay-region-0792-ruler-0039,toolbay-region-0792,Mohammed Nadir Shah,Mohammed Nadir Shah,国王,1929,1933
toolbay-region-0792-ruler-0040,toolbay-region-0792,穆罕默德・査希尔・沙阿,Mohammed Zahir Shah,国王,1933,1973
toolbay-region-0792-ruler-0042,toolbay-region-0792,穆罕默德・达乌德・可汗,Mohammed Daoud Khan,总统,1973,1978
toolbay-region-0792-ruler-0044,toolbay-region-0792,穆罕默德・塔拉基,Nur Mohammad Taraki,Presidents of The Revolutionary Council,1978,1979
toolbay-region-0792-ruler-0045,toolbay-region-0792,巴布拉卡・卡尔迈勒,Babrak Karmal,Presidents of The Revolutionary Council,1979,1986
toolbay-region-0792-ruler-0046,toolbay-region-0792,Haji Mohammad Chamkani,Haji Mohammad Chamkani,Presidents of The Revolutionary Council,1986,1987
toolbay-region-0792-ruler-0048,toolbay-region-0792,穆罕默德・纳吉布拉,Mohammad Najibullah,总统,1987,1992
toolbay-region-0792-ruler-0049,toolbay-region-0792,布尔汉丁・拉巴尼,Burhanuddin Rabbani,总统,1992,1996
toolbay-region-0792-ruler-0051,toolbay-region-0792,穆罕默德・奥马尔,Mohammed Omar,埃米尔（自称）,1996,2001
toolbay-region-0792-ruler-0053,toolbay-region-0792,哈米德・卡尔扎伊,Hamid Karzai,Chairman of the Transitional Authority,2001,2004
toolbay-region-0792-ruler-0055,toolbay-region-0792,哈米德・卡尔扎伊,Hamid Karzai,总统,2004,2014
toolbay-region-0792-ruler-0056,toolbay-region-0792,阿什拉夫・加尼,Ashraf Ghani Ahmadzai,总统,2014,9999
toolbay-region-0792-ruler-0058,toolbay-region-0792,Abdul al-Qudduz Khan,Abdul al-Qudduz Khan,大臣主席（首相）,1905,1916
toolbay-region-0792-ruler-0059,toolbay-region-0792,Nasr Ullah Khan,Nasr Ullah Khan,大臣主席（首相）,1916,1919
toolbay-region-0792-ruler-0060,toolbay-region-0792,Abdul al-Qudduz Khan,Abdul al-Qudduz Khan,大臣主席（首相）,1919,1927
toolbay-region-0792-ruler-0062,toolbay-region-0792,Shir Ahmad,Shir Ahmad,首相,1927,1929
toolbay-region-0792-ruler-0063,toolbay-region-0792,Mohammad Hashim Khan,Mohammad Hashim Khan,首相,1929,1946
toolbay-region-0792-ruler-0064,toolbay-region-0792,Shah Mahmud Khan,Shah Mahmud Khan,首相,1946,1953
toolbay-region-0792-ruler-0065,toolbay-region-0792,穆罕默德・达乌德・可汗,Mohammed Daoud Khan,首相,1953,1963
toolbay-region-0792-ruler-0066,toolbay-region-0792,Mohammad Yusuf,Mohammad Yusuf,首相,1963,1965
toolbay-region-0792-ruler-0067,toolbay-region-0792,Mohammad Hashim Maiwandwal,Mohammad Hashim Maiwandwal,首相,1965,1967
toolbay-region-0792-ruler-0068,toolbay-region-0792,Mohammad Nur Ahmad Etemadi,Mohammad Nur Ahmad Etemadi,首相,1967,1971
toolbay-region-0792-ruler-0069,toolbay-region-0792,Abdul Zahir,Abdul Zahir,首相,1971,1972
toolbay-region-0792-ruler-0070,toolbay-region-0792,Mohammad Musa Shafiq,Mohammad Musa Shafiq,首相,1972,1973
toolbay-region-0792-ruler-0071,toolbay-region-0792,穆罕默德・塔拉基,Nur Mohammad Taraki,首相,1978,1979
toolbay-region-0792-ruler-0072,toolbay-region-0792,巴布拉卡・卡尔迈勒,Babrak Karmal,首相,1979,1981
toolbay-region-0792-ruler-0073,toolbay-region-0792,Sultan Ali Keshtmand,Sultan Ali Keshtmand,首相,1981,1988
toolbay-region-0792-ruler-0074,toolbay-region-0792,Mohammad Hasan Sharq,Mohammad Hasan Sharq,首相,1988,1989
toolbay-region-0792-ruler-0075,toolbay-region-0792,Sultan Ali Keshtmand,Sultan Ali Keshtmand,首相,1989,1990
toolbay-region-0792-ruler-0076,toolbay-region-0792,Fazal Haq Khaliqyar,Fazal Haq Khaliqyar,首相,1990,1992
toolbay-region-0792-ruler-0077,toolbay-region-0792,Abdul Sabur Farid Kuhestani,Abdul Sabur Farid Kuhestani,首相,1992,1993
toolbay-region-0792-ruler-0078,toolbay-region-0792,Gulbuddin Hekmatyar,Gulbuddin Hekmatyar,首相,1993,1994
toolbay-region-0792-ruler-0079,toolbay-region-0792,Arsala Rahmani,Arsala Rahmani,首相,1994,1995
toolbay-region-0792-ruler-0080,toolbay-region-0792,Ahmad Shah Ahmadzai,Ahmad Shah Ahmadzai,首相,1995,1996
toolbay-region-0792-ruler-0081,toolbay-region-0792,穆罕默德・拉巴尼,Mohammad Rabbani,首相,1996,2001
toolbay-region-0792-ruler-0083,toolbay-region-0792,Yuri Vladimirovich Tukharinov,Yuri Vladimirovich Tukharinov,苏联军司令官,1979,1980
toolbay-region-0792-ruler-0084,toolbay-region-0792,B.T. Tkach,B.T. Tkach,苏联军司令官,1980,1982
toolbay-region-0792-ruler-0085,toolbay-region-0792,V.F. Ermakov,V.F. Ermakov,苏联军司令官,1982,1983
toolbay-region-0792-ruler-0086,toolbay-region-0792,I.E. Generalov,I.E. Generalov,苏联军司令官,1983,1985
toolbay-region-0792-ruler-0087,toolbay-region-0792,Igor N. Rodionov,Igor N. Rodionov,苏联军司令官,1985,1986
toolbay-region-0792-ruler-0088,toolbay-region-0792,V.P. Dubynin,V.P. Dubynin,苏联军司令官,1986,1987
toolbay-region-0792-ruler-0089,toolbay-region-0792,Boris V. Gromov,Boris V. Gromov,苏联军司令官,1987,1989
toolbay-region-0792-ruler-0091,toolbay-region-0792,John Chalmers McColl,John Chalmers McColl,ISAF司令官,2001,2002
toolbay-region-0792-ruler-0092,toolbay-region-0792,Hilmi Akin Zorlu,Hilmi Akin Zorlu,ISAF司令官,2002,2003
toolbay-region-0792-ruler-0093,toolbay-region-0792,Götz Gliemeroth,Götz Gliemeroth,ISAF司令官,2003,2004
toolbay-region-0792-ruler-0094,toolbay-region-0792,Jean-Louis Py,Jean-Louis Py,ISAF司令官,2004,2005
toolbay-region-0792-ruler-0095,toolbay-region-0792,Mauro Del Vecchio,Mauro Del Vecchio,ISAF司令官,2005,2006
toolbay-region-0792-ruler-0096,toolbay-region-0792,David J. Richards,David J. Richards,ISAF司令官,2006,2007
toolbay-region-0792-ruler-0097,toolbay-region-0792,Dan K. McNeill,Dan K. McNeill,ISAF司令官,2007,2008
toolbay-region-0792-ruler-0098,toolbay-region-0792,David D. McKiernan,David D. McKiernan,ISAF司令官,2008,2009
toolbay-region-0792-ruler-0099,toolbay-region-0792,Stanley A. McChrystal,Stanley A. McChrystal,ISAF司令官,2009,2010
toolbay-region-0792-ruler-0100,toolbay-region-0792,David Petraeus,David Petraeus,ISAF司令官,2010,2011
toolbay-region-0792-ruler-0101,toolbay-region-0792,John R. Allen,John R. Allen,ISAF司令官,2011,2013
toolbay-region-0792-ruler-0103,toolbay-region-0792,阿卜杜拉・阿卜杜拉,Abdullah Abdullah,Chief Executive Officer,2014,9999
toolbay-region-0793-ruler-0005,toolbay-region-0793,Saadat Ali Khan I,Saadat Ali Khan I,Nawab(王公),1722,1739
toolbay-region-0793-ruler-0006,toolbay-region-0793,Safdar Jung,Safdar Jung,Nawab(王公),1739,1754
toolbay-region-0793-ruler-0007,toolbay-region-0793,Shuja-ud-Daula,Shuja-ud-Daula,Nawab(王公),1754,1775
toolbay-region-0793-ruler-0008,toolbay-region-0793,Asaf-ud-Dowlah,Asaf-ud-Dowlah,Nawab(王公),1775,1797
toolbay-region-0793-ruler-0009,toolbay-region-0793,Wazir Ali Khan,Wazir Ali Khan,Nawab(王公),1797,1798
toolbay-region-0793-ruler-0010,toolbay-region-0793,Saadat Ali Khan II,Saadat Ali Khan II,Nawab(王公),1798,1814
toolbay-region-0794-ruler-0005,toolbay-region-0794,Alivardi Khan,Alivardi Khan,Nawab(王公),1740,1756
toolbay-region-0794-ruler-0006,toolbay-region-0794,西拉杰・乌德・达乌拉,Siraj ud-Daulah,Nawab(王公),1756,1757
toolbay-region-0794-ruler-0007,toolbay-region-0794,米尔・贾法尔,Mir Jafar,Nawab(王公),1757,1760
toolbay-region-0794-ruler-0008,toolbay-region-0794,米尔・卡西姆,Mir Qasim,Nawab(王公),1760,1763
toolbay-region-0794-ruler-0009,toolbay-region-0794,米尔・贾法尔,Mir Jafar,Nawab(王公),1763,1765
toolbay-region-0795-ruler-0005,toolbay-region-0795,布尔汉丁・拉巴尼,Burhanuddin Rabbani,总统,1996,2001
toolbay-region-0795-ruler-0007,toolbay-region-0795,Gulbuddin Hekmatyar,Gulbuddin Hekmatyar,首相,1996,1997
toolbay-region-0795-ruler-0008,toolbay-region-0795,Abdul Ghafoor Rawan Farhadi,Abdul Ghafoor Rawan Farhadi,首相,1997,2001
toolbay-region-0796-ruler-0005,toolbay-region-0796,海巴图拉・阿洪扎达,Hibatullah Akhundzada,领导,2016,9999
toolbay-region-0797-ruler-0007,toolbay-region-0797,雍笈牙,Alaungpaya,国王,1752,1760
toolbay-region-0797-ruler-0008,toolbay-region-0797,囊陀基,Naungdawgyi,国王,1760,1763
toolbay-region-0797-ruler-0009,toolbay-region-0797,辛标信,Hsinbyushin,国王,1763,1776
toolbay-region-0797-ruler-0010,toolbay-region-0797,新古王,Singu Min,国王,1776,1781
toolbay-region-0797-ruler-0011,toolbay-region-0797,莽莽,Phaungkaza Maung Maung,国王,1781,1782
toolbay-region-0797-ruler-0012,toolbay-region-0797,孟云,Bodawpaya,国王,1782,1819
toolbay-region-0797-ruler-0013,toolbay-region-0797,孟既,Bagyidaw,国王,1819,1837
toolbay-region-0797-ruler-0014,toolbay-region-0797,孟坑,Tharrawaddy Min,国王,1837,1846
toolbay-region-0797-ruler-0015,toolbay-region-0797,蒲甘王,Pagan Min,国王,1846,1853
toolbay-region-0797-ruler-0016,toolbay-region-0797,敏东,Mindon Min,国王,1853,1878
toolbay-region-0797-ruler-0017,toolbay-region-0797,锡袍,Thibaw Min,国王,1878,1885
toolbay-region-0800-ruler-0009,toolbay-region-0800,沃伦・黑斯廷斯,Warren Hastings,総督,1774,1785
toolbay-region-0800-ruler-0010,toolbay-region-0800,约翰・麦克弗森,Sir John Macpherson,総督,1785,1786
toolbay-region-0800-ruler-0011,toolbay-region-0800,査理・康威利斯,Charles Cornwallis,総督,1786,1793
toolbay-region-0800-ruler-0012,toolbay-region-0800,约翰・肖,John Shore,総督,1793,1798
toolbay-region-0800-ruler-0013,toolbay-region-0800,理査德・韦尔斯利,Richard Wellesley,総督,1798,1805
toolbay-region-0800-ruler-0014,toolbay-region-0800,乔治・巴洛,George Hilario Barlow,総督,1805,1807
toolbay-region-0800-ruler-0015,toolbay-region-0800,明托伯爵吉尔伯特,"Gilbert Elliot-Murray-Kynynmound, 1st Earl of Minto",総督,1807,1813
toolbay-region-0800-ruler-0016,toolbay-region-0800,弗朗西斯・黑斯廷斯,Francis Rawdon-Hastings,総督,1813,1823
toolbay-region-0800-ruler-0017,toolbay-region-0800,威廉・阿美士德,William Pitt Amherst,総督,1823,1828
toolbay-region-0800-ruler-0018,toolbay-region-0800,威廉・本廷克,William Henry Cavendish-Bentinck,総督,1828,1836
toolbay-region-0800-ruler-0019,toolbay-region-0800,乔治・艾登,George Eden,総督,1836,1842
toolbay-region-0800-ruler-0020,toolbay-region-0800,爱德华・劳,Edward Law,総督,1842,1844
toolbay-region-0800-ruler-0021,toolbay-region-0800,亨利・哈丁,Henry Hardinge,総督,1844,1848
toolbay-region-0800-ruler-0022,toolbay-region-0800,詹姆斯・布朗-拉姆乔,James Broun-Ramsay,総督,1848,1856
toolbay-region-0800-ruler-0023,toolbay-region-0800,査尔斯・坎宁,Charles Canning,総督,1856,1858
toolbay-region-0800-ruler-0025,toolbay-region-0800,査尔斯・坎宁,Charles Canning,総督・副王,1858,1862
toolbay-region-0800-ruler-0026,toolbay-region-0800,额尔金伯爵詹姆斯・布鲁斯,"James Bruce, Earl of Elgin",総督・副王,1862,1864
toolbay-region-0800-ruler-0027,toolbay-region-0800,约翰・劳伦斯,John Lawrence,総督・副王,1864,1869
toolbay-region-0800-ruler-0028,toolbay-region-0800,梅奥伯爵理査德・勃克,"Richard Bourke, Earl of Mayo",総督・副王,1869,1872
toolbay-region-0800-ruler-0029,toolbay-region-0800,诺思布鲁克勋爵托马斯・巴林,"Thomas Baring, 1st Earl of Northbrook",総督・副王,1872,1876
toolbay-region-0800-ruler-0030,toolbay-region-0800,罗伯特・布尔沃-利赖,Robert Bulwer-Lytton,総督・副王,1876,1880
toolbay-region-0800-ruler-0031,toolbay-region-0800,乔治・罗宾逊,"George Robinson, Marquess of Ripon",総督・副王,1880,1884
toolbay-region-0800-ruler-0032,toolbay-region-0800,达费林伯爵弗雷德里克・布莱克伍德,"Frederick Hamilton-Temple-Blackwood, Earl of Dufferin",総督・副王,1884,1888
toolbay-region-0800-ruler-0033,toolbay-region-0800,亨利・佩蒂-菲茨莫里斯,"Henry Petty-Fitzmaurice, 5th Marquess of Lansdowne",総督・副王,1888,1894
toolbay-region-0800-ruler-0034,toolbay-region-0800,额尔金伯爵维克托・亚歴山大・布鲁斯,"Victor Alexander Bruce, Earl of Elgin",総督・副王,1894,1899
toolbay-region-0800-ruler-0035,toolbay-region-0800,寇松伯爵乔治・寇松,"George Curzon, 1st Marquess Curzon",総督・副王,1899,1905
toolbay-region-0800-ruler-0036,toolbay-region-0800,明托伯爵吉尔伯特・基宁蒙德,"Gilbert Elliot-Murray-Kynynmound, Earl of Minto",総督・副王,1905,1910
toolbay-region-0800-ruler-0037,toolbay-region-0800,査理・哈丁,Charles Hardinge,総督・副王,1910,1916
toolbay-region-0800-ruler-0038,toolbay-region-0800,弗雷德里克・塞西杰,"Frederic John Napier Thesiger, Viscount Chelmsford",総督・副王,1916,1921
toolbay-region-0800-ruler-0039,toolbay-region-0800,鲁弗斯・艾萨克斯,"Rufus Isaacs, Earl of Reading",総督・副王,1921,1926
toolbay-region-0800-ruler-0040,toolbay-region-0800,爱德华・伍德,"Edward F. L. Wood, Earl of Halifax",総督・副王,1926,1931
toolbay-region-0800-ruler-0041,toolbay-region-0800,乔治・弗里曼-托马斯,"George Freeman Thomas, Marquess of Willingdon",総督・副王,1931,1936
toolbay-region-0800-ruler-0042,toolbay-region-0800,林利思戈侯爵维克托・霍普,"Victor Hope, 2nd Marquess of Linlithgow",総督・副王,1936,1943
toolbay-region-0800-ruler-0043,toolbay-region-0800,阿奇博尔德・韦维尔,Archibald Wavell,総督・副王,1943,1947
toolbay-region-0800-ruler-0045,toolbay-region-0800,路易斯・蒙巴顿,Louis Mountbatten,総督,1947,1948
toolbay-region-0800-ruler-0046,toolbay-region-0800,査克拉瓦尔蒂・拉贾戈巴拉査理,Shri Chakravarthi Rajagopalachari,総督,1948,1950
toolbay-region-0800-ruler-0048,toolbay-region-0800,拉金德拉・普拉萨德,Rajendra Prasad,总统,1950,1962
toolbay-region-0800-ruler-0049,toolbay-region-0800,萨瓦帕利・拉达克里希南,Sarvepalli Radhakrishnan,总统,1962,1967
toolbay-region-0800-ruler-0050,toolbay-region-0800,扎基尔・侯赛因,Zakir Hussain,总统,1967,1969
toolbay-region-0800-ruler-0051,toolbay-region-0800,瓦拉哈吉里・文卡塔・吉里,Varahagiri Venkata Giri,总统,1969,1974
toolbay-region-0800-ruler-0052,toolbay-region-0800,法赫鲁丁・阿里・艾哈迈德,Fakhruddin Ali Ahmed,总统,1974,1977
toolbay-region-0800-ruler-0053,toolbay-region-0800,尼兰・桑吉瓦・雷迪,Neelam Sanjiva Reddy,总统,1977,1982
toolbay-region-0800-ruler-0054,toolbay-region-0800,吉亚尼・宰尔・辛格,Giani Zail Singh,总统,1982,1987
toolbay-region-0800-ruler-0055,toolbay-region-0800,拉马斯瓦米・文卡塔拉曼,Ramaswamy Venkataraman,总统,1987,1992
toolbay-region-0800-ruler-0056,toolbay-region-0800,尚卡尔・达亚尔・夏尔马,Shankar Dayal Sharma,总统,1992,1997
toolbay-region-0800-ruler-0057,toolbay-region-0800,科切里尔・拉曼・纳拉亚南,Kocheril Raman Narayanan,总统,1997,2002
toolbay-region-0800-ruler-0058,toolbay-region-0800,阿卜杜尔・卡拉姆,Abul Pakir Jainulabdeen Abdul Kalam,总统,2002,2007
toolbay-region-0800-ruler-0059,toolbay-region-0800,普拉蒂巴・帕蒂尔,Pratibha Patil,总统,2007,2012
toolbay-region-0800-ruler-0060,toolbay-region-0800,普拉纳布・慕克吉,Pranab Mukherjee,总统,2012,9999
toolbay-region-0800-ruler-0062,toolbay-region-0800,贾瓦哈拉尔・尼赫鲁,Jawaharlal Nehru,首相,1947,1964
toolbay-region-0800-ruler-0063,toolbay-region-0800,拉尔・巴哈杜尔・夏斯特里,Lal Bahadur Shastri,首相,1964,1966
toolbay-region-0800-ruler-0064,toolbay-region-0800,英迪拉・甘地,Indira Gandhi,首相,1966,1977
toolbay-region-0800-ruler-0065,toolbay-region-0800,莫拉尔吉・德赛,Morarji Desai,首相,1977,1979
toolbay-region-0800-ruler-0066,toolbay-region-0800,Choudhary Charan Singh,Choudhary Charan Singh,首相,1979,1980
toolbay-region-0800-ruler-0067,toolbay-region-0800,英迪拉・甘地,Indira Gandhi,首相,1980,1984
toolbay-region-0800-ruler-0068,toolbay-region-0800,拉吉夫・甘地,Rajiv Gandhi,首相,1984,1989
toolbay-region-0800-ruler-0069,toolbay-region-0800,维什瓦纳特・普拉塔普・辛格,Vishwanath Pratap Singh,首相,1989,1990
toolbay-region-0800-ruler-0070,toolbay-region-0800,銭德拉・谢卡尔,Chandra Shekhar,首相,1990,1991
toolbay-region-0800-ruler-0071,toolbay-region-0800,纳拉辛哈・拉奥,Pamulaparthi Venkata Narasimha Rao,首相,1991,1996
toolbay-region-0800-ruler-0072,toolbay-region-0800,Haradanahalli Doddegowda Deve Gowda,Haradanahalli Doddegowda Deve Gowda,首相,1996,1997
toolbay-region-0800-ruler-0073,toolbay-region-0800,因德尔・库马尔・古杰拉尔,Inder Kumar Gujral,首相,1997,1998
toolbay-region-0800-ruler-0074,toolbay-region-0800,阿塔尔・比哈里・瓦杰帕伊,Atal Behari Vajpayee,首相,1998,2004
toolbay-region-0800-ruler-0075,toolbay-region-0800,曼莫汉・辛格,Manmohan Singh,首相,2004,2014
toolbay-region-0800-ruler-0076,toolbay-region-0800,纳伦德拉・莫迪,Narendra Modi,首相,2014,9999
toolbay-region-0802-ruler-0011,toolbay-region-0802,普里特维・纳拉扬・沙阿,Prithvi Narayan Shah,国王,1742,1775
toolbay-region-0802-ruler-0012,toolbay-region-0802,普拉塔普・辛格・沙阿,Pratap Singh Shah,国王,1775,1777
toolbay-region-0802-ruler-0013,toolbay-region-0802,拉纳・巴哈杜尔・沙阿,Rana Bahadur Shah,国王,1777,1799
toolbay-region-0802-ruler-0014,toolbay-region-0802,吉尔凡・尤达・比克拉姆・沙阿,Girvan Yudha Bikram Shah,国王,1799,1804
toolbay-region-0802-ruler-0015,toolbay-region-0802,拉纳・巴哈杜尔・沙阿,Rana Bahadur Shah,国王,1804,1805
toolbay-region-0802-ruler-0016,toolbay-region-0802,吉尔凡・尤达・比克拉姆・沙阿,Girvan Yudha Bikram Shah,国王,1805,1816
toolbay-region-0802-ruler-0017,toolbay-region-0802,拉金德拉・比克拉姆・沙阿,Rajendra Bikram Shah,国王,1816,1847
toolbay-region-0802-ruler-0018,toolbay-region-0802,苏兰德拉・比克拉姆・沙阿,Surendra Bikram Shah,国王,1847,1881
toolbay-region-0802-ruler-0019,toolbay-region-0802,普里特维・比尔・比克拉姆・沙阿,Prithvi Bir Bikram Shah,国王,1881,1911
toolbay-region-0802-ruler-0020,toolbay-region-0802,特里布文・比尔・比克拉姆・沙阿,Tribhuvan Bir Bikram Shah,国王,1911,1950
toolbay-region-0802-ruler-0021,toolbay-region-0802,贾南德拉・比尔・比克拉姆・沙阿・德瓦,Gyanendra Bir Bikram Shah Dev,国王,1950,1951
toolbay-region-0802-ruler-0022,toolbay-region-0802,特里布文・比尔・比克拉姆・沙阿・德瓦,Tribhuvan Bir Bikram Shah,国王,1951,1955
toolbay-region-0802-ruler-0023,toolbay-region-0802,马亨德拉・比尔・比克拉姆・沙阿・德瓦,Mahendra Bir Bikram Shah,国王,1955,1972
toolbay-region-0802-ruler-0024,toolbay-region-0802,毕兰德拉・比尔・比克拉姆・沙阿・德瓦,Birendra Bir Bikram Shah Dev,国王,1972,2001
toolbay-region-0802-ruler-0025,toolbay-region-0802,贾南德拉・比尔・比克拉姆・沙阿・德瓦,Gyanendra Bir Bikram Shah Dev,国王,2001,2007
toolbay-region-0802-ruler-0027,toolbay-region-0802,吉里贾・普拉萨德・柯伊拉腊,Girija Prasad Koirala,临时总统,2007,2008
toolbay-region-0802-ruler-0029,toolbay-region-0802,拉姆・亚达夫,Ram Baran Yadav,总统,2008,2015
toolbay-region-0802-ruler-0030,toolbay-region-0802,比迪娅・戴维・班达里,Vidya Devi Bhandari,总统,2015,9999
toolbay-region-0802-ruler-0032,toolbay-region-0802,达摩达尔・潘德,Damodar Pande,首相,1799,1804
toolbay-region-0802-ruler-0033,toolbay-region-0802,拉纳・巴哈杜尔・沙阿・德瓦,Rana Bahadur Shah Deva,首相,1804,1806
toolbay-region-0802-ruler-0034,toolbay-region-0802,比姆森・塔帕,Bhimsen Thapa,首相,1806,1837
toolbay-region-0802-ruler-0035,toolbay-region-0802,兰格・纳斯・鲍第尔,Ranga Nath Poudyal,首相,1837,1838
toolbay-region-0802-ruler-0036,toolbay-region-0802,普斯卡・沙阿,Chautariya Puskar Shah,首相,1838,1839
toolbay-region-0802-ruler-0037,toolbay-region-0802,拉纳・江格・潘德,Rana Jang Pande,首相,1839,1840
toolbay-region-0802-ruler-0038,toolbay-region-0802,法塔赫・江格・査乌塔里亚,Fateh Jang Chautaria,首相,1840,1843
toolbay-region-0802-ruler-0039,toolbay-region-0802,玛德哈巴尔・辛哈・塔帕,Madhabar Singh Thapa,首相,1843,1845
toolbay-region-0802-ruler-0040,toolbay-region-0802,法塔赫・江格・査乌塔里亚,Fateh Jang Chautaria,首相,1845,1846
toolbay-region-0802-ruler-0041,toolbay-region-0802,江格・巴哈杜尔・昆瓦尔,Jang Bahadur Kunwar,首相,1846,1848
toolbay-region-0802-ruler-0042,toolbay-region-0802,江格・巴哈杜尔・昆瓦尔・拉纳,Jang Bahadur Kunwar Rana,首相,1848,1856
toolbay-region-0802-ruler-0043,toolbay-region-0802,巴姆・巴哈杜尔・昆瓦尔・拉纳,Bam Bahadur Kunwar Rana,首相,1856,1857
toolbay-region-0802-ruler-0044,toolbay-region-0802,江格・巴哈杜尔・昆瓦尔・拉纳,Jang Bahadur Kunwar Rana,首相,1857,1877
toolbay-region-0802-ruler-0045,toolbay-region-0802,拉纳乌迪普・辛哈・巴哈杜尔,Ranoddip Singh Bahadur Rana,首相,1877,1885
toolbay-region-0802-ruler-0046,toolbay-region-0802,比拉・萨马舍尔・江格・巴哈杜尔・拉纳,Bir Shamsher Jang Bahadur Rana,首相,1885,1901
toolbay-region-0802-ruler-0047,toolbay-region-0802,昌德拉・萨马舍尔・江格・巴哈杜尔・拉纳,Chandra Shamsher Rana,首相,1901,1929
toolbay-region-0802-ruler-0048,toolbay-region-0802,比姆・萨马舍尔・江格・巴哈杜尔・拉纳,Bhim Shamsher Jang Bahadur Rana,首相,1929,1932
toolbay-region-0802-ruler-0049,toolbay-region-0802,朱达・萨马舍尔・江格・巴哈杜尔・拉纳,Juddha Shamsher Jang Bahadur Rana,首相,1932,1945
toolbay-region-0802-ruler-0050,toolbay-region-0802,帕德玛・萨马舍尔・江格・巴哈杜尔・拉纳,Padma Shamsher Jang Bahadur Rana,首相,1945,1948
toolbay-region-0802-ruler-0051,toolbay-region-0802,莫汉・萨马舍尔・江格・巴哈杜尔・拉纳,Mohan Shamsher Rana,首相,1948,1951
toolbay-region-0802-ruler-0052,toolbay-region-0802,马特里卡・普拉萨德・柯伊拉腊,Matrika Prasad Koirala,首相,1951,1952
toolbay-region-0802-ruler-0053,toolbay-region-0802,马特里卡・普拉萨德・柯伊拉腊,Matrika Prasad Koirala,首相,1953,1955
toolbay-region-0802-ruler-0054,toolbay-region-0802,坦卡・普拉萨德・阿査里亚,Tanka Prasad Acharya,首相,1956,1957
toolbay-region-0802-ruler-0055,toolbay-region-0802,昆瓦尔・因德拉吉特・辛哈,Kunwar Indrajit Singh,首相,1957,1958
toolbay-region-0802-ruler-0056,toolbay-region-0802,苏伯纳・萨马舍尔・拉纳,Subarna Shamsher Rana,首相,1958,1959
toolbay-region-0802-ruler-0057,toolbay-region-0802,比什维什瓦尔・普拉萨德・柯伊拉腊,Bishweshwar Prasad Koirala,首相,1959,1960
toolbay-region-0802-ruler-0058,toolbay-region-0802,图尔西・吉里,Tulsi Giri,首相,1960,1963
toolbay-region-0802-ruler-0059,toolbay-region-0802,苏里亚・巴哈杜尔・塔帕,Surya Bahadur Thapa,首相,1963,1964
toolbay-region-0802-ruler-0060,toolbay-region-0802,图尔西・吉里,Tulsi Giri,首相,1964,1965
toolbay-region-0802-ruler-0061,toolbay-region-0802,苏里亚・巴哈杜尔・塔帕,Surya Bahadur Thapa,首相,1965,1969
toolbay-region-0802-ruler-0062,toolbay-region-0802,基尔提・尼迪・比斯塔,Kirti Nidhi Bista,首相,1969,1970
toolbay-region-0802-ruler-0063,toolbay-region-0802,基尔提・尼迪・比斯塔,Kirti Nidhi Bista,首相,1971,1973
toolbay-region-0802-ruler-0064,toolbay-region-0802,纳根德罗・普拉萨・里贾尔,Nagendra Prasad Rijal,首相,1973,1975
toolbay-region-0802-ruler-0065,toolbay-region-0802,图尔西・吉里,Tulsi Giri,首相,1975,1977
toolbay-region-0802-ruler-0066,toolbay-region-0802,基尔提・尼迪・比斯塔,Kirti Nidhi Bista,首相,1977,1979
toolbay-region-0802-ruler-0067,toolbay-region-0802,苏里亚・巴哈杜尔・塔帕,Surya Bahadur Thapa,首相,1979,1983
toolbay-region-0802-ruler-0068,toolbay-region-0802,洛肯德拉・巴哈杜尔・昌德,Lokendra Bahadur Chand,首相,1983,1986
toolbay-region-0802-ruler-0069,toolbay-region-0802,马里奇・曼・辛哈・施雷斯塔,Marich Man Singh Shrestha,首相,1986,1990
toolbay-region-0802-ruler-0070,toolbay-region-0802,克里什纳・普拉萨德・巴特拉伊,Krishna Prasad Bhattarai,首相,1990,1991
toolbay-region-0802-ruler-0071,toolbay-region-0802,吉里贾・普拉萨德・柯伊拉腊,Girija Prasad Koirala,首相,1991,1994
toolbay-region-0802-ruler-0072,toolbay-region-0802,曼・莫汉・阿迪卡里,Man Mohan Adhikari,首相,1994,1995
toolbay-region-0802-ruler-0073,toolbay-region-0802,谢尔・巴哈杜尔・德乌帕,Sher Bahadur Deuba,首相,1995,1997
toolbay-region-0802-ruler-0074,toolbay-region-0802,苏里亚・巴哈杜尔・塔帕,Surya Bahadur Thapa,首相,1997,1998
toolbay-region-0802-ruler-0075,toolbay-region-0802,吉里贾・普拉萨德・柯伊拉腊,Girija Prasad Koirala,首相,1998,1999
toolbay-region-0802-ruler-0076,toolbay-region-0802,克里什纳・普拉萨德・巴特拉伊,Krishna Prasad Bhattarai,首相,1999,2000
toolbay-region-0802-ruler-0077,toolbay-region-0802,吉里贾・普拉萨德・柯伊拉腊,Girija Prasad Koirala,首相,2000,2001
toolbay-region-0802-ruler-0078,toolbay-region-0802,谢尔・巴哈杜尔・德乌帕,Sher Bahadur Deuba,首相,2001,2002
toolbay-region-0802-ruler-0079,toolbay-region-0802,洛肯德拉・巴哈杜尔・昌德,Lokendra Bahadur Chand,首相,2002,2003
toolbay-region-0802-ruler-0080,toolbay-region-0802,苏里亚・巴哈杜尔・塔帕,Surya Bahadur Thapa,首相,2003,2004
toolbay-region-0802-ruler-0081,toolbay-region-0802,谢尔・巴哈杜尔・德乌帕,Sher Bahadur Deuba,首相,2004,2005
toolbay-region-0802-ruler-0082,toolbay-region-0802,吉里贾・普拉萨德・柯伊拉腊,Girija Prasad Koirala,首相,2006,2008
toolbay-region-0802-ruler-0083,toolbay-region-0802,帕苏巴卡麦尔・达哈尔（普拉昌达）,Pushpa Kamal Dahal (Prachanda),首相,2008,2009
toolbay-region-0802-ruler-0084,toolbay-region-0802,马达夫・库马尔・内帕尔,Madhav Kumar Nepal,首相,2009,2011
toolbay-region-0802-ruler-0085,toolbay-region-0802,Baburam Bhattarai,Baburam Bhattarai,首相,2011,2013
toolbay-region-0802-ruler-0086,toolbay-region-0802,基尔・拉杰・雷格米,Khil Raj Regmi,首相,2013,2014
toolbay-region-0802-ruler-0087,toolbay-region-0802,Sushil Koirala,Sushil Koirala,首相,2014,2015
toolbay-region-0802-ruler-0088,toolbay-region-0802,卡德加・普拉萨德・奥利,Khadga Prasad Sharma Oli,首相,2015,2016
toolbay-region-0802-ruler-0089,toolbay-region-0802,帕苏巴卡麦尔・达哈尔（普拉昌达）,Pushpa Kamal Dahal (Prachanda),首相,2016,9999
toolbay-region-0813-ruler-0011,toolbay-region-0813,阮潢,Nguyen Hoang,王,1558,1613
toolbay-region-0813-ruler-0012,toolbay-region-0813,阮福源,Nguyen Phuc Nguyen,王,1613,1635
toolbay-region-0813-ruler-0013,toolbay-region-0813,阮福澜,Nguyen Phuc Lan,王,1635,1648
toolbay-region-0813-ruler-0014,toolbay-region-0813,阮福濒,Nguyen Phuc Tan,王,1648,1687
toolbay-region-0813-ruler-0015,toolbay-region-0813,阮福溱,Nguyen Phuc Tran,王,1687,1691
toolbay-region-0813-ruler-0016,toolbay-region-0813,阮福碉,Nguyen Phuc Chu,王,1691,1725
toolbay-region-0813-ruler-0017,toolbay-region-0813,阮福澍,Nguyen Phuc Tru,王,1725,1738
toolbay-region-0813-ruler-0018,toolbay-region-0813,阮福濶,Nguyen Phuc Khout,王,1738,1765
toolbay-region-0813-ruler-0019,toolbay-region-0813,阮福淳,Nguyen Phuc Thuan,王,1765,1775
toolbay-region-0813-ruler-0020,toolbay-region-0813,阮福暘,Nguyen Phuc Duong,王,1775,1777
toolbay-region-0813-ruler-0022,toolbay-region-0813,阮岳,Nguyen Nhac,皇帝,1778,1793
toolbay-region-0813-ruler-0023,toolbay-region-0813,阮惠,Nguyen Hue,皇帝,1793,1798
toolbay-region-0813-ruler-0024,toolbay-region-0813,阮光缵,Nguyen Quang Toan,皇帝,1798,1802
toolbay-region-0813-ruler-0025,toolbay-region-0813,嘉隆帝,Gia Long,皇帝,1802,1819
toolbay-region-0813-ruler-0026,toolbay-region-0813,明命帝,Minh Mang,皇帝,1819,1840
toolbay-region-0813-ruler-0027,toolbay-region-0813,绍治帝,Thieu Tri,皇帝,1840,1847
toolbay-region-0813-ruler-0028,toolbay-region-0813,嗣德帝,Tu Duc,皇帝,1847,1883
toolbay-region-0813-ruler-0029,toolbay-region-0813,建福帝,Kien Phuc,皇帝,1883,1884
toolbay-region-0813-ruler-0030,toolbay-region-0813,咸宜帝,Ham Nghi,皇帝,1884,1885
toolbay-region-0813-ruler-0031,toolbay-region-0813,同庆帝,Dong Khanh,皇帝,1885,1887
toolbay-region-0813-ruler-0033,toolbay-region-0813,同庆帝,Dong Khanh,越南皇帝,1887,1888
toolbay-region-0813-ruler-0034,toolbay-region-0813,成泰帝,Thanh Thai,越南皇帝,1888,1907
toolbay-region-0813-ruler-0035,toolbay-region-0813,维新帝,Duy Tan,越南皇帝,1907,1916
toolbay-region-0813-ruler-0036,toolbay-region-0813,啓定帝,Khai Dinh,越南皇帝,1916,1925
toolbay-region-0813-ruler-0037,toolbay-region-0813,保大帝,Bao Dai,越南皇帝,1925,1944
toolbay-region-0813-ruler-0039,toolbay-region-0813,保大帝,Bao Dai,皇帝,1944,1945
toolbay-region-0813-ruler-0041,toolbay-region-0813,Jean Antoine Ernest Constan,Jean Antoine Ernest Constan,総督,1887,1888
toolbay-region-0813-ruler-0042,toolbay-region-0813,Étienne Antione Guillaume Richaud,Étienne Antione Guillaume Richaud,総督,1888,1889
toolbay-region-0813-ruler-0043,toolbay-region-0813,Jules Georges Piquet,Jules Georges Piquet,総督,1889,1891
toolbay-region-0813-ruler-0044,toolbay-region-0813,Jean Marie Antoine de Lanessan,Jean Marie Antoine de Lanessan,総督,1891,1894
toolbay-region-0813-ruler-0045,toolbay-region-0813,François Pierre Rodier,François Pierre Rodier,総督,1894,1895
toolbay-region-0813-ruler-0046,toolbay-region-0813,Paul Armand Rosseau,Paul Armand Rosseau,総督,1895,1896
toolbay-region-0813-ruler-0047,toolbay-region-0813,Augustin Juline Fourès,Augustin Juline Fourès,総督,1896,1897
toolbay-region-0813-ruler-0048,toolbay-region-0813,保罗・杜美,Joseph Athanase Paul Doumer,総督,1897,1902
toolbay-region-0813-ruler-0049,toolbay-region-0813,Jean Baptiste Paul Beau,Jean Baptiste Paul Beau,総督,1902,1908
toolbay-region-0813-ruler-0050,toolbay-region-0813,Antony Wladislas Klobukowski,Antony Wladislas Klobukowski,総督,1908,1910
toolbay-region-0813-ruler-0051,toolbay-region-0813,Albert Jean George Marie Louis Picquié,Albert Jean George Marie Louis Picquié,総督,1910,1911
toolbay-region-0813-ruler-0052,toolbay-region-0813,阿尔贝特-皮埃尔・萨罗,Albert-Pierre Sarraut,総督,1911,1914
toolbay-region-0813-ruler-0053,toolbay-region-0813,Joost van Vollenhoven,Joost van Vollenhoven,総督,1914,1915
toolbay-region-0813-ruler-0054,toolbay-region-0813,Ernest Nestor Roume,Ernest Nestor Roume,総督,1915,1916
toolbay-region-0813-ruler-0055,toolbay-region-0813,Jean Eugène Charles,Jean Eugène Charles,総督,1916,1917
toolbay-region-0813-ruler-0056,toolbay-region-0813,阿尔贝特-皮埃尔・萨罗,Albert-Pierre Sarraut,総督,1917,1919
toolbay-region-0813-ruler-0057,toolbay-region-0813,Maurice Antoine François Montguillot,Maurice Antoine François Montguillot,総督,1919,1920
toolbay-region-0813-ruler-0058,toolbay-region-0813,Maurice Long,Maurice Long,総督,1920,1922
toolbay-region-0813-ruler-0059,toolbay-region-0813,Martial Henri Merlin,Martial Henri Merlin,総督,1922,1925
toolbay-region-0813-ruler-0060,toolbay-region-0813,Alexandre Varenne,Alexandre Varenne,総督,1925,1928
toolbay-region-0813-ruler-0061,toolbay-region-0813,Pierre Marie Antoine Pasquier,Pierre Marie Antoine Pasquier,総督,1928,1934
toolbay-region-0813-ruler-0062,toolbay-region-0813,Eugène Jean Louis René Robin,Eugène Jean Louis René Robin,総督,1934,1936
toolbay-region-0813-ruler-0063,toolbay-region-0813,Joseph Jules Brévié,Joseph Jules Brévié,総督,1936,1939
toolbay-region-0813-ruler-0064,toolbay-region-0813,Georges Catroux,Georges Catroux,総督,1939,1940
toolbay-region-0813-ruler-0065,toolbay-region-0813,Jean Decoux,Jean Decoux,総督,1940,1944
toolbay-region-0813-ruler-0067,toolbay-region-0813,陈重金,Tran Trong Kim,内阁総长,1944,1945
toolbay-region-0814-ruler-0006,toolbay-region-0814,胡志明,Ho Chi Minh,国家主席,1946,1969
toolbay-region-0814-ruler-0007,toolbay-region-0814,孙德胜,Ton Duc Thang,国家主席,1969,1976
toolbay-region-0814-ruler-0009,toolbay-region-0814,孙德胜,Ton Duc Thang,国家主席,1976,1980
toolbay-region-0814-ruler-0010,toolbay-region-0814,阮友寿,Nguyen Huu Tho,国家主席,1980,1981
toolbay-region-0814-ruler-0011,toolbay-region-0814,长征,Truong Chinh,国家主席,1981,1987
toolbay-region-0814-ruler-0012,toolbay-region-0814,武志公,Vo Chi Cong,国家主席,1987,1992
toolbay-region-0814-ruler-0013,toolbay-region-0814,黎德英,Le Duc Anh,国家主席,1992,1997
toolbay-region-0814-ruler-0014,toolbay-region-0814,陈德良,Tran Duc Luong,国家主席,1997,2006
toolbay-region-0814-ruler-0015,toolbay-region-0814,阮明哲,Nguyen Minh Triet,国家主席,2006,2011
toolbay-region-0814-ruler-0016,toolbay-region-0814,张晋创,Truong Tan Sang,国家主席,2011,2016
toolbay-region-0814-ruler-0017,toolbay-region-0814,陈大光,Tran Dai Quang,国家主席,2016,9999
toolbay-region-0814-ruler-0019,toolbay-region-0814,胡志明,Ho Chi Minh,政府主席,1945,1955
toolbay-region-0814-ruler-0021,toolbay-region-0814,范文同,Pham Van Dong,政府首相,1955,1981
toolbay-region-0814-ruler-0023,toolbay-region-0814,范文同,Pham Van Dong,部长会同主席,1981,1987
toolbay-region-0814-ruler-0024,toolbay-region-0814,范雄,Pham Hung,部长会同主席,1987,1988
toolbay-region-0814-ruler-0025,toolbay-region-0814,杜梅,Do Moui,部长会同主席,1988,1991
toolbay-region-0814-ruler-0026,toolbay-region-0814,武文杰,Vo Van Kiet,部长会同主席,1991,1992
toolbay-region-0814-ruler-0028,toolbay-region-0814,武文杰,Vo Van Kiet,政府首相,1992,1997
toolbay-region-0814-ruler-0029,toolbay-region-0814,潘文凯,Phan Van Khai,政府首相,1997,2006
toolbay-region-0814-ruler-0030,toolbay-region-0814,阮晋勇,Nguyen Tan Dung,政府首相,2006,2016
toolbay-region-0814-ruler-0031,toolbay-region-0814,阮春福,Nguyen Xuan Phuc,政府首相,2016,9999
toolbay-region-0815-ruler-0007,toolbay-region-0815,保大帝,Bao Dai,国家主席,1949,1955
toolbay-region-0815-ruler-0009,toolbay-region-0815,吴廷琰,Ngo Dinh Diem,总统,1955,1963
toolbay-region-0815-ruler-0010,toolbay-region-0815,杨文明,Duong Van Minh,总统,1963,1964
toolbay-region-0815-ruler-0011,toolbay-region-0815,潘克丑,Phan Khac Suu,总统,1964,1965
toolbay-region-0815-ruler-0012,toolbay-region-0815,阮文绍,Nguyen Van Thieu,总统,1965,1975
toolbay-region-0815-ruler-0014,toolbay-region-0815,保大帝,Bao Dai,首相,1949,1950
toolbay-region-0815-ruler-0015,toolbay-region-0815,陈文友,Tran Van Huu,首相,1950,1952
toolbay-region-0815-ruler-0016,toolbay-region-0815,阮文心,Nguyen Van Tam,首相,1952,1953
toolbay-region-0815-ruler-0017,toolbay-region-0815,吴廷琰,Ngo Dinh Diem,首相,1954,1955
toolbay-region-0815-ruler-0018,toolbay-region-0815,阮玉寿,Nguyen Ngoc Tho,首相,1963,1964
toolbay-region-0815-ruler-0019,toolbay-region-0815,陈文香,Tran Van Huong,首相,1964,1965
toolbay-region-0815-ruler-0020,toolbay-region-0815,阮高祺,Nguyen Cao Ky,首相,1965,1967
toolbay-region-0815-ruler-0021,toolbay-region-0815,阮文洛,Nguyen Van Loc,首相,1967,1968
toolbay-region-0815-ruler-0022,toolbay-region-0815,陈文香,Tran Van Huong,首相,1968,1969
toolbay-region-0815-ruler-0023,toolbay-region-0815,陈善谦,Tran Thien Khiem,首相,1969,1975
toolbay-region-0816-ruler-0005,toolbay-region-0816,Jassa Singh Ahluwalia,Jassa Singh Ahluwalia,马哈拉贾(大王),1762,1783
toolbay-region-0816-ruler-0006,toolbay-region-0816,兰季德・辛格,Ranjit Singh,马哈拉贾(大王),1801,1839
toolbay-region-0816-ruler-0007,toolbay-region-0816,拿奥・尼哈尔・辛格,Nau Nihal Singh,马哈拉贾(大王),1839,1840
toolbay-region-0816-ruler-0009,toolbay-region-0816,Chand Kaur,Chand Kaur,摄政,1840,1841
toolbay-region-0816-ruler-0011,toolbay-region-0816,舍・辛格,Sher Singh,马哈拉贾(大王),1841,1843
toolbay-region-0816-ruler-0012,toolbay-region-0816,达礼浦・辛格,Duleep Singh,马哈拉贾(大王),1843,1849
toolbay-region-0877-ruler-0008,toolbay-region-0877,砵甸乍,Sir Henry Pottinger,総督,1843,1844
toolbay-region-0877-ruler-0009,toolbay-region-0877,戴维斯,Sir John Francis Davis,総督,1844,1848
toolbay-region-0877-ruler-0010,toolbay-region-0877,文咸（般咸）,Sir Samuel George Bonham,総督,1848,1854
toolbay-region-0877-ruler-0011,toolbay-region-0877,宝灵,Sir John Bowring,総督,1854,1859
toolbay-region-0877-ruler-0012,toolbay-region-0877,罗士敏（罗便臣）,Lord Hercules George Robert Robinson,総督,1859,1866
toolbay-region-0877-ruler-0013,toolbay-region-0877,麦当奴,Sir Richard Graves Macdonell,総督,1866,1872
toolbay-region-0877-ruler-0014,toolbay-region-0877,坚尼地,Sir Arthur Edward Kennedy,総督,1872,1877
toolbay-region-0877-ruler-0015,toolbay-region-0877,轩尼诗,Sir John Pope Hennessy,総督,1877,1882
toolbay-region-0877-ruler-0016,toolbay-region-0877,宝云,Sir George Ferguson Bowen,総督,1882,1885
toolbay-region-0877-ruler-0017,toolbay-region-0877,德辅,Sir George William Des Vœux,総督,1887,1891
toolbay-region-0877-ruler-0018,toolbay-region-0877,罗便臣,Sir William Robinson,総督,1891,1898
toolbay-region-0877-ruler-0019,toolbay-region-0877,卜力,Sir Henry Arthur Blake,総督,1898,1904
toolbay-region-0877-ruler-0020,toolbay-region-0877,弥敦,Sir Matthew Nathan,総督,1904,1907
toolbay-region-0877-ruler-0021,toolbay-region-0877,卢押,Lord Frederick Lugard,総督,1907,1912
toolbay-region-0877-ruler-0022,toolbay-region-0877,梅含理,Sir Francis Henry May,総督,1912,1919
toolbay-region-0877-ruler-0023,toolbay-region-0877,司徒拔,Sir Reginald Edward Stubbs,総督,1919,1925
toolbay-region-0877-ruler-0024,toolbay-region-0877,金文泰,Sir Cecil Clementi,総督,1925,1930
toolbay-region-0877-ruler-0025,toolbay-region-0877,贝璐,Sir William Peel,総督,1930,1935
toolbay-region-0877-ruler-0026,toolbay-region-0877,郝德杰,Sir Andrew Caldecott,総督,1935,1937
toolbay-region-0877-ruler-0027,toolbay-region-0877,罗富国,Sir Geoffry Alexander Stafford Northcote,総督,1937,1941
toolbay-region-0877-ruler-0029,toolbay-region-0877,酒井隆,Sakai Takashi,香港军政庁长官,1941,1942
toolbay-region-0877-ruler-0031,toolbay-region-0877,矶谷廉介,Isotani Rensuke,総督,1942,1944
toolbay-region-0877-ruler-0032,toolbay-region-0877,田中久一,Tanaka Hisakazu,総督,1944,1945
toolbay-region-0877-ruler-0033,toolbay-region-0877,杨慕琦,Sir Mark Aitchison Young,総督,1945,1947
toolbay-region-0877-ruler-0034,toolbay-region-0877,葛量洪,Sir Alexander William George Herder Grantham,総督,1947,1958
toolbay-region-0877-ruler-0035,toolbay-region-0877,柏立基,Sir Robert Brown Black,総督,1958,1964
toolbay-region-0877-ruler-0036,toolbay-region-0877,戴麟趾,Sir David Clive Crosbie Trench,総督,1964,1971
toolbay-region-0877-ruler-0037,toolbay-region-0877,麦理浩,Lord Crawford Murray MacLehose of Beoch,総督,1971,1982
toolbay-region-0877-ruler-0038,toolbay-region-0877,尤德,Sir Edward Youde,総督,1982,1987
toolbay-region-0877-ruler-0039,toolbay-region-0877,卫奕信,Lord David Clive Willson,総督,1987,1992
toolbay-region-0877-ruler-0040,toolbay-region-0877,彭定康,Christopher Francis Patten,総督,1992,1997
toolbay-region-0877-ruler-0042,toolbay-region-0877,董建华,Tung Chee-hwa,行政长官,1997,2005
toolbay-region-0877-ruler-0043,toolbay-region-0877,曽荫権,Donald Tsang,行政长官,2005,2012
toolbay-region-0877-ruler-0044,toolbay-region-0877,梁振英,Leung Chun-ying,行政长官,2012,9999
toolbay-region-0878-ruler-0009,toolbay-region-0878,彼亚度,José Gregório Pegado,総督,1843,1846
toolbay-region-0878-ruler-0010,toolbay-region-0878,亚马留,João Maria Ferreira do Amaral,総督,1846,1849
toolbay-region-0878-ruler-0011,toolbay-region-0878,官也,Pedro Alexandrino da Cunha,総督,1850,1851
toolbay-region-0878-ruler-0012,toolbay-region-0878,基玛良士,Isidoro Francisco Guimarães,総督,1851,1863
toolbay-region-0878-ruler-0013,toolbay-region-0878,阿穆恩,José Rodrigues Coelho do Amaral,総督,1863,1865
toolbay-region-0878-ruler-0014,toolbay-region-0878,柯邦迪（柯打）,José Maria da Ponte e Horta,総督,1865,1868
toolbay-region-0878-ruler-0015,toolbay-region-0878,苏沙,Antómio Sérgio de Sousa,総督,1868,1872
toolbay-region-0878-ruler-0016,toolbay-region-0878,欧美德,Januário Correia de Almeida,総督,1872,1874
toolbay-region-0878-ruler-0017,toolbay-region-0878,亚威拉,José Maria Lobo de Ávila,総督,1874,1876
toolbay-region-0878-ruler-0018,toolbay-region-0878,施理华,Carlos Eugénio Correia da Silva,総督,1876,1879
toolbay-region-0878-ruler-0019,toolbay-region-0878,贾沙拉,Joaquim José da Graça,総督,1879,1883
toolbay-region-0878-ruler-0020,toolbay-region-0878,罗沙,Tomás de Sousa Rosa,総督,1883,1886
toolbay-region-0878-ruler-0021,toolbay-region-0878,高若瑟,Firmino José da Costa,総督,1886,1889
toolbay-region-0878-ruler-0022,toolbay-region-0878,迪施华,Francisco Teixeira da Silva,総督,1889,1890
toolbay-region-0878-ruler-0023,toolbay-region-0878,佈渣,Custódio Miguel de Borja,総督,1890,1894
toolbay-region-0878-ruler-0024,toolbay-region-0878,高士德,José Maria de Sousa Horta e Costa,総督,1894,1897
toolbay-region-0878-ruler-0025,toolbay-region-0878,贾也度,Eduardo Augusto Rodrigues Galhardo,総督,1897,1900
toolbay-region-0878-ruler-0026,toolbay-region-0878,高士德,José Maria de Sousa Horta e Costa,総督,1900,1904
toolbay-region-0878-ruler-0027,toolbay-region-0878,蒙丁尼路,Martinho Pinto de Queirós Montenegro,総督,1904,1907
toolbay-region-0878-ruler-0028,toolbay-region-0878,高丁玉,Pedro de Azevedo Coutinho,総督,1907,1908
toolbay-region-0878-ruler-0029,toolbay-region-0878,罗沙达,José Augusto Alves Roçadas,総督,1908,1909
toolbay-region-0878-ruler-0030,toolbay-region-0878,马葵士,Eduardo Augusto Marques,総督,1909,1910
toolbay-region-0878-ruler-0031,toolbay-region-0878,马沙度,Álvaro de Melo Machado,総督,1910,1912
toolbay-region-0878-ruler-0032,toolbay-region-0878,美兰德,Aníbal Augusto Sanches de Miranda,総督,1912,1914
toolbay-region-0878-ruler-0033,toolbay-region-0878,米那,José Carlos da Maia,総督,1914,1916
toolbay-region-0878-ruler-0034,toolbay-region-0878,罗渣及马度士,Manuel Ferreira da Rocha e Agostinho Vieira de Matos,総督,1916,1917
toolbay-region-0878-ruler-0035,toolbay-region-0878,巴波沙,Artur Tamagnini de Sousa Barbosa,総督,1918,1919
toolbay-region-0878-ruler-0036,toolbay-region-0878,施利华,Henrique Monteiro Correia da Silva,総督,1919,1923
toolbay-region-0878-ruler-0037,toolbay-region-0878,罗德礼,Rodrigo José Rodrigues,総督,1923,1925
toolbay-region-0878-ruler-0038,toolbay-region-0878,马加龄,Manuel Firmino de Almeida Maia Magalhães,総督,1925,1926
toolbay-region-0878-ruler-0039,toolbay-region-0878,巴波沙,Artur Tamagnini de Sousa Barbosa,総督,1926,1931
toolbay-region-0878-ruler-0040,toolbay-region-0878,马统领,Joaquim Anselmo de Mata Oliveira,総督,1931,1932
toolbay-region-0878-ruler-0041,toolbay-region-0878,美兰德,António José Bernardes de Miranda,総督,1932,1937
toolbay-region-0878-ruler-0042,toolbay-region-0878,巴波沙,Artur Tamagnini de Sousa Barbosa,総督,1937,1940
toolbay-region-0878-ruler-0043,toolbay-region-0878,戴思乐,Gabriel Mauricio Teixeira,総督,1940,1947
toolbay-region-0878-ruler-0044,toolbay-region-0878,柯维纳,Albano Rodrigues de Oliveira,総督,1947,1951
toolbay-region-0878-ruler-0045,toolbay-region-0878,史伯泰,Joaquim Marques Esparteiro,総督,1951,1957
toolbay-region-0878-ruler-0046,toolbay-region-0878,白觉理,Pedro Correia de Barros,総督,1957,1959
toolbay-region-0878-ruler-0047,toolbay-region-0878,马济时,Jaime Silvério Marques,総督,1959,1962
toolbay-region-0878-ruler-0048,toolbay-region-0878,罗必信,António Adriano Faria Lopes dos Santos,総督,1962,1966
toolbay-region-0878-ruler-0049,toolbay-region-0878,嘉乐庇,José Manuel de Sousa e Faro Nobre de Carvalho,総督,1966,1974
toolbay-region-0878-ruler-0050,toolbay-region-0878,李安道,José Eduardo Martinho Garcia Leandro,総督,1974,1979
toolbay-region-0878-ruler-0051,toolbay-region-0878,伊芝迪,Nuno Viriato Tavares de Melo Egídio,総督,1979,1981
toolbay-region-0878-ruler-0052,toolbay-region-0878,高斯达,Vasco Leíte de Almeida e Costa,総督,1981,1986
toolbay-region-0878-ruler-0053,toolbay-region-0878,马俊贤,Joaquim Germano Pinto Machado,総督,1986,1987
toolbay-region-0878-ruler-0054,toolbay-region-0878,文礼治,Carlos Montez Melancia,総督,1987,1991
toolbay-region-0878-ruler-0055,toolbay-region-0878,韦奇立,Vasco Joaquim Rocha Vieira,総督,1991,1999
toolbay-region-0878-ruler-0057,toolbay-region-0878,何厚铧,Edmond Ho Hau-wah,行政长官,1999,2009
toolbay-region-0878-ruler-0058,toolbay-region-0878,崔世安,Fernando Chui Sai-on,行政长官,2009,9999
toolbay-region-0892-ruler-0010,toolbay-region-0892,Muhammad Imaaduddeen IV,Muhammad Imaaduddeen IV,苏丹,1835,1882
toolbay-region-0892-ruler-0011,toolbay-region-0892,Ibrahim Nooraddeen,Ibrahim Nooraddeen,苏丹,1882,1886
toolbay-region-0892-ruler-0012,toolbay-region-0892,Muhammad Mueenuddeen II,Muhammad Mueenuddeen II,苏丹,1886,1888
toolbay-region-0892-ruler-0013,toolbay-region-0892,Ibrahim Nooraddeen,Ibrahim Nooraddeen,苏丹,1888,1892
toolbay-region-0892-ruler-0014,toolbay-region-0892,Muhammad Imaaduddeen VI,Muhammad Imaaduddeen VI,苏丹,1892,1903
toolbay-region-0892-ruler-0015,toolbay-region-0892,Muhammad Shamsuddeen III,Muhammad Shamsuddeen III,苏丹,1903,1933
toolbay-region-0892-ruler-0016,toolbay-region-0892,Hassan Nooraddeen II,Hassan Nooraddeen II,苏丹,1933,1944
toolbay-region-0892-ruler-0018,toolbay-region-0892,穆罕迈德・阿明・迪迪,Mohamed Amin Didi,总统,1953,1954
toolbay-region-0892-ruler-0020,toolbay-region-0892,Muhammad Fareed Didi,Muhammad Fareed Didi,苏丹,1954,1968
toolbay-region-0892-ruler-0022,toolbay-region-0892,易卜拉欣・纳西尔,Ibrahim Nasir,总统,1968,1978
toolbay-region-0892-ruler-0023,toolbay-region-0892,穆蒙・阿卜杜勒・加尧姆,Maumoon Abdul Gayoom,总统,1978,2008
toolbay-region-0892-ruler-0024,toolbay-region-0892,穆罕默德・纳希德,Mohamed Nasheed,总统,2008,2012
toolbay-region-0892-ruler-0026,toolbay-region-0892,穆罕默德・瓦希德・哈桑,Mohammed Waheed Hassan,暂定总统,2012,2013
toolbay-region-0892-ruler-0028,toolbay-region-0892,Abdulla Yameen,Abdulla Yameen,总统,2013,9999
toolbay-region-0892-ruler-0030,toolbay-region-0892,Ibrahim Dorhimeyna Kilegefan,Ibrahim Dorhimeyna Kilegefan,首相,1883,1887
toolbay-region-0892-ruler-0031,toolbay-region-0892,Ibrahim Dorhimeyna Kilegefan,Ibrahim Dorhimeyna Kilegefan,首相,1888,1889
toolbay-region-0892-ruler-0032,toolbay-region-0892,Ibrahim Dorhimeyna Kilegefan,Ibrahim Dorhimeyna Kilegefan,首相,1904,1926
toolbay-region-0892-ruler-0033,toolbay-region-0892,Amin `Abd al-Majid Didi,Amin `Abd al-Majid Didi,首相,1926,1932
toolbay-region-0892-ruler-0034,toolbay-region-0892,Amin `Ali Muhammad Farid,Amin `Ali Muhammad Farid,首相,1932,1944
toolbay-region-0892-ruler-0035,toolbay-region-0892,Amir Ahmad Muhammad Amin Didi,Amir Ahmad Muhammad Amin Didi,首相,1944,1953
toolbay-region-0892-ruler-0036,toolbay-region-0892,Ibrahim Ali Didi,Ibrahim Ali Didi,首相,1953,1957
toolbay-region-0892-ruler-0037,toolbay-region-0892,易卜拉欣・纳西尔,Ibrahim Nasir,首相,1957,1968
toolbay-region-0892-ruler-0038,toolbay-region-0892,Ahmed Zaki,Ahmed Zaki,首相,1972,1975
toolbay-region-0908-ruler-0008,toolbay-region-0908,刘铭传,Liu Ming-chuan,台湾巡抚,1885,1891
toolbay-region-0908-ruler-0009,toolbay-region-0908,邵友濂,Shao You-lian,台湾巡抚,1891,1894
toolbay-region-0908-ruler-0010,toolbay-region-0908,唐景崧,Tang Ching-sung,台湾巡抚,1894,1895
toolbay-region-0908-ruler-0012,toolbay-region-0908,刘永福,Liu Yung-fu,总统,1895,1896
toolbay-region-0908-ruler-0014,toolbay-region-0908,乃木希典,Nogi Maresuke,総督,1896,1898
toolbay-region-0908-ruler-0015,toolbay-region-0908,儿玉源太郎,Kodama Gentaro,総督,1898,1906
toolbay-region-0908-ruler-0016,toolbay-region-0908,佐久间左马太,Sakuma Samata,総督,1906,1915
toolbay-region-0908-ruler-0017,toolbay-region-0908,安东贞美,Andou Sadayoshi,総督,1915,1918
toolbay-region-0908-ruler-0018,toolbay-region-0908,明石元二郎,Akashi Motojiro,総督,1918,1919
toolbay-region-0908-ruler-0019,toolbay-region-0908,田健治郎,Den Kenjiro,総督,1919,1923
toolbay-region-0908-ruler-0020,toolbay-region-0908,内田嘉吉,Uchida Kakichi,総督,1923,1924
toolbay-region-0908-ruler-0021,toolbay-region-0908,伊泽多喜男,Izawa Takio,総督,1924,1926
toolbay-region-0908-ruler-0022,toolbay-region-0908,上山満之进,Kamiyama Mannoshin,総督,1926,1928
toolbay-region-0908-ruler-0023,toolbay-region-0908,川村竹治,Kawamura Takeji,総督,1928,1929
toolbay-region-0908-ruler-0024,toolbay-region-0908,石塚英藏,Ishizuka Eizou,総督,1929,1931
toolbay-region-0908-ruler-0025,toolbay-region-0908,太田政弘,Oota Masahiro,総督,1931,1932
toolbay-region-0908-ruler-0026,toolbay-region-0908,中川健藏,Nakagawa Kenzou,総督,1932,1936
toolbay-region-0908-ruler-0027,toolbay-region-0908,小林跻造,Kobayashi Seizou,総督,1936,1940
toolbay-region-0908-ruler-0028,toolbay-region-0908,长谷川清,Hasegawa Kiyoshi,総督,1940,1944
toolbay-region-0908-ruler-0029,toolbay-region-0908,安藤利吉,Andou Rikichi,総督,1944,1945
toolbay-region-0912-ruler-0012,toolbay-region-0912,Albert Hahl,Albert Hahl,副総督,1899,1901
toolbay-region-0912-ruler-0013,toolbay-region-0912,Victor Berg,Victor Berg,副総督,1901,1907
toolbay-region-0912-ruler-0014,toolbay-region-0912,Arno Senfft,Arno Senfft,副総督,1907,1909
toolbay-region-0912-ruler-0015,toolbay-region-0912,Georg Fritz,Georg Fritz,副総督,1909,1910
toolbay-region-0912-ruler-0016,toolbay-region-0912,Hermann Kersting,Hermann Kersting,副総督,1910,1911
toolbay-region-0912-ruler-0018,toolbay-region-0912,松村龙雄,Matsumura Tatsuo,司令官,1914,1915
toolbay-region-0912-ruler-0019,toolbay-region-0912,东郷吉太郎,Tougou Kichitarou,司令官,1915,1916
toolbay-region-0912-ruler-0020,toolbay-region-0912,吉田増次郎,Yoshida Masujirou,司令官,1916,1917
toolbay-region-0912-ruler-0021,toolbay-region-0912,永田泰次郎,Nagata Yasujirou,司令官,1917,1919
toolbay-region-0912-ruler-0022,toolbay-region-0912,野崎小十郎,Nozaki Kojuurou,司令官,1919,1922
toolbay-region-0912-ruler-0024,toolbay-region-0912,手塚敏郎,Tezuka Toshirou,南洋庁长官,1922,1923
toolbay-region-0912-ruler-0025,toolbay-region-0912,横田郷助,Yokota Gousuke,南洋庁长官,1923,1931
toolbay-region-0912-ruler-0026,toolbay-region-0912,田原和男,Tahara Kazuo,南洋庁长官,1931,1932
toolbay-region-0912-ruler-0027,toolbay-region-0912,松田正之,Matsuda Masayuki,南洋庁长官,1932,1933
toolbay-region-0912-ruler-0028,toolbay-region-0912,林寿男,Hayashi Hisao,南洋庁长官,1933,1936
toolbay-region-0912-ruler-0029,toolbay-region-0912,北岛谦次郎,Kitajima Kenjirou,南洋庁长官,1936,1940
toolbay-region-0912-ruler-0030,toolbay-region-0912,近藤骏介,Kondou Shunsuke,南洋庁长官,1940,1943
toolbay-region-0912-ruler-0031,toolbay-region-0912,细萱戊子郎,Hosogaya Boshirou,南洋庁长官,1943,1944
toolbay-region-0912-ruler-0033,toolbay-region-0912,切斯特・尼米兹,Chester William Nimitz,Military Governor,1944,1945
toolbay-region-0912-ruler-0034,toolbay-region-0912,Raymond Ames Spruance,Raymond Ames Spruance,Military Governor,1945,1946
toolbay-region-0912-ruler-0035,toolbay-region-0912,John H. Towers,John H. Towers,Military Governor,1946,1947
toolbay-region-0912-ruler-0037,toolbay-region-0912,Louis Emil Denfeld,Louis Emil Denfeld,高级专员,1947,1948
toolbay-region-0912-ruler-0038,toolbay-region-0912,DeWitt Clinton Ramsey,DeWitt Clinton Ramsey,高级专员,1948,1949
toolbay-region-0912-ruler-0039,toolbay-region-0912,Arthur William Radford,Arthur William Radford,高级专员,1949,1951
toolbay-region-0912-ruler-0040,toolbay-region-0912,Elbert Duncan Thomas,Elbert Duncan Thomas,高级专员,1951,1953
toolbay-region-0912-ruler-0041,toolbay-region-0912,Frank Elbert Midkiff,Frank Elbert Midkiff,高级专员,1953,1954
toolbay-region-0912-ruler-0042,toolbay-region-0912,Delmas Henry Nucker,Delmas Henry Nucker,高级专员,1954,1961
toolbay-region-0912-ruler-0043,toolbay-region-0912,Maurice Wilfrid Goding,Maurice Wilfrid Goding,高级专员,1961,1966
toolbay-region-0912-ruler-0044,toolbay-region-0912,William Robert Norwood,William Robert Norwood,高级专员,1966,1969
toolbay-region-0912-ruler-0045,toolbay-region-0912,Edward Elliott Johnston,Edward Elliott Johnston,高级专员,1969,1976
toolbay-region-0912-ruler-0046,toolbay-region-0912,Peter Tali Coleman,Peter Tali Coleman,高级专员,1976,1977
toolbay-region-0912-ruler-0047,toolbay-region-0912,Adrian P. Winkel,Adrian P. Winkel,高级专员,1977,1981
toolbay-region-0912-ruler-0048,toolbay-region-0912,Janet Jenkins McCoy,Janet Jenkins McCoy,高级专员,1981,1987
toolbay-region-0912-ruler-0050,toolbay-region-0912,中山利雄,Tosiwo Nakayama,总统,1979,1987
toolbay-region-0912-ruler-0051,toolbay-region-0912,约翰・哈格莱尔加姆,John Haglelgam,总统,1987,1991
toolbay-region-0912-ruler-0052,toolbay-region-0912,贝利・奥尔特,Bailey Olter,总统,1991,1997
toolbay-region-0912-ruler-0053,toolbay-region-0912,雅各布・尼纳,Jacob Nena,总统,1997,1999
toolbay-region-0912-ruler-0054,toolbay-region-0912,利奥・法尔卡姆,Leo Falcam,总统,1999,2003
toolbay-region-0912-ruler-0055,toolbay-region-0912,约瑟夫・乌鲁塞马尔,Joseph J. Urusemal,总统,2003,2007
toolbay-region-0912-ruler-0056,toolbay-region-0912,曼尼・莫里(森),"Emanuel ""Manny"" Mori",总统,2007,2015
toolbay-region-0912-ruler-0057,toolbay-region-0912,彼得・克里斯蒂安,Peter Christian,总统,2015,9999
toolbay-region-0912-ruler-0059,toolbay-region-0912,Petrus Tun,Petrus Tun,副总统,1979,1983
toolbay-region-0912-ruler-0060,toolbay-region-0912,贝利・奥尔特,Bailey Olter,副总统,1983,1987
toolbay-region-0912-ruler-0061,toolbay-region-0912,Hiroshi Ismael,Hiroshi Ismael,副总统,1987,1991
toolbay-region-0912-ruler-0062,toolbay-region-0912,雅各布・尼纳,Jacob Nena,副总统,1991,1996
toolbay-region-0912-ruler-0063,toolbay-region-0912,利奥・法尔卡姆,Leo Falcam,副总统,1997,1999
toolbay-region-0912-ruler-0064,toolbay-region-0912,雷德利・基利昂,Redley A. Killion,副总统,1999,2007
toolbay-region-0912-ruler-0065,toolbay-region-0912,阿利克・阿利克,Alik L. Alik,副总统,2007,2015
toolbay-region-0912-ruler-0066,toolbay-region-0912,尤斯沃・乔治,Yosiwo George,副总统,2016,9999
toolbay-region-0938-ruler-0005,toolbay-region-0938,哲布尊丹巴呼图克图八世,Jebtsundamba Khutugtu VIII,可汗,1911,1920
toolbay-region-0938-ruler-0007,toolbay-region-0938,Tögs-Ochiryn Namnansüren,Tögs-Ochiryn Namnansüren,首相,1912,1919
toolbay-region-0938-ruler-0008,toolbay-region-0938,Gonchigjalzangiin Badamdorj,Gonchigjalzangiin Badamdorj,首相,1919,1920
toolbay-region-0939-ruler-0008,toolbay-region-0939,哲布尊丹巴呼图克图八世,Jebtsundamba Khutugtu VIII,可汗,1921,1924
toolbay-region-0939-ruler-0010,toolbay-region-0939,博勒吉德・根登,Peljidiin Genden,国家小呼拉尔主席团主席,1924,1927
toolbay-region-0939-ruler-0011,toolbay-region-0939,姜仓・达木丁苏伦,Jamtsangiin Damdinsüren,国家小呼拉尔主席团主席,1927,1929
toolbay-region-0939-ruler-0012,toolbay-region-0939,霍尔洛・乔巴山,Khorloogiin Choibalsan,国家小呼拉尔主席团主席,1929,1930
toolbay-region-0939-ruler-0013,toolbay-region-0939,罗索尔・拉甘,Losolyn Laagan,国家小呼拉尔主席团主席,1930,1932
toolbay-region-0939-ruler-0014,toolbay-region-0939,阿南德・阿玛尔,Anandyn Amar,国家小呼拉尔主席团主席,1932,1936
toolbay-region-0939-ruler-0015,toolbay-region-0939,丹斯兰比勒格・道格松,Dansrabilegiin Dogsom,国家小呼拉尔主席团主席,1936,1939
toolbay-region-0939-ruler-0016,toolbay-region-0939,冈奇金・布曼增迪,Gonchigiin Bumtsend,国家小呼拉尔主席团主席,1940,1953
toolbay-region-0939-ruler-0018,toolbay-region-0939,苏赫巴托尔・彦吉玛,Sükhbaataryn Yanjmaa,国家大呼拉尔主席团主席,1953,1954
toolbay-region-0939-ruler-0019,toolbay-region-0939,扎木斯朗・桑布,Jamtsarangiin Sambuu,国家大呼拉尔主席团主席,1954,1972
toolbay-region-0939-ruler-0020,toolbay-region-0939,索诺曼・鲁布桑,Sonomyn Luvsan,国家大呼拉尔主席团主席,1972,1974
toolbay-region-0939-ruler-0021,toolbay-region-0939,尤睦佳・泽登巴尔,Yumjaagiin Tsedenbal,国家大呼拉尔主席团主席,1974,1984
toolbay-region-0939-ruler-0022,toolbay-region-0939,姜巴・巴特蒙赫,Jambyn Batmönkh,国家大呼拉尔主席团主席,1984,1990
toolbay-region-0939-ruler-0024,toolbay-region-0939,彭萨勒冯・奥其尔巴特,Punsalmaagiin Ochirbat,总统,1990,1997
toolbay-region-0939-ruler-0025,toolbay-region-0939,那楚克・巴嘎班迪,Natsagiin Bagabandi,总统,1997,2005
toolbay-region-0939-ruler-0026,toolbay-region-0939,那木巴尔・恩赫巴亚尔,Nambaryn Enkhbayar,总统,2005,2009
toolbay-region-0939-ruler-0027,toolbay-region-0939,査希亚・额勒贝格道尔吉,Tsakhiagiin Elbegdorj,总统,2009,9999
toolbay-region-0939-ruler-0029,toolbay-region-0939,道格索姆・鲍道,Dogsomyn Bodoo,首相,1921,1922
toolbay-region-0939-ruler-0030,toolbay-region-0939,Jalkhanz Khutagt Sodnomyn Damdinbazar,Jalkhanz Khutagt Sodnomyn Damdinbazar,首相,1922,1923
toolbay-region-0939-ruler-0031,toolbay-region-0939,巴林・策伦道尔吉,Balingiin Tserendorj,首相,1923,1928
toolbay-region-0939-ruler-0032,toolbay-region-0939,阿南德・阿玛尔,Anandyn Amar,首相,1928,1930
toolbay-region-0939-ruler-0033,toolbay-region-0939,清格勒泰・吉格吉德扎布,Tsengeltiin Jigjidav,首相,1930,1932
toolbay-region-0939-ruler-0034,toolbay-region-0939,博勒吉德・根登,Peljidiin Genden,首相,1932,1936
toolbay-region-0939-ruler-0035,toolbay-region-0939,阿南德・阿玛尔,Anandyn Amar,首相,1936,1939
toolbay-region-0939-ruler-0036,toolbay-region-0939,霍尔洛・乔巴山,Khorloogiin Choibalsan,首相,1939,1952
toolbay-region-0939-ruler-0037,toolbay-region-0939,尤睦佳・泽登巴尔,Yumjaagiin Tsedenbal,首相,1952,1974
toolbay-region-0939-ruler-0038,toolbay-region-0939,姜巴・巴特蒙赫,Jambyn Batmönkh,首相,1974,1984
toolbay-region-0939-ruler-0039,toolbay-region-0939,杜马・索德诺姆,Dumaagiin Sodnom,首相,1984,1990
toolbay-region-0939-ruler-0040,toolbay-region-0939,达希・客巴苏伦,Dashiin Byambasüren,首相,1990,1992
toolbay-region-0939-ruler-0041,toolbay-region-0939,彭査格・扎斯莱,Puntsagiin Jasrai,首相,1992,1996
toolbay-region-0939-ruler-0042,toolbay-region-0939,门德赛汗・恩赫赛汗,Mendsaikhan Enkhsaikhan,首相,1996,1998
toolbay-region-0939-ruler-0043,toolbay-region-0939,姜拉维・纳兰察茨拉勒特,Janlavyn Narantsatsralt,首相,1998,1999
toolbay-region-0939-ruler-0044,toolbay-region-0939,林钦尼亚木・阿冯尔扎尔嘎勒,Rinchinnyamyn Amarjargal,首相,1999,2000
toolbay-region-0939-ruler-0045,toolbay-region-0939,那木巴尔・恩赫巴亚尔,Nambaryn Enkhbayar,首相,2000,2004
toolbay-region-0939-ruler-0046,toolbay-region-0939,査希亚・额勒贝格道尔吉,Tsakhiagiin Elbegdorj,首相,2004,2006
toolbay-region-0939-ruler-0047,toolbay-region-0939,米耶贡布・恩赫包勒德,Miyeegombyn Enkhbold,首相,2006,2007
toolbay-region-0939-ruler-0048,toolbay-region-0939,桑吉・巴亚尔,Sanjaagiin Bayar,首相,2007,2009
toolbay-region-0939-ruler-0049,toolbay-region-0939,苏赫巴托尔・巴特包勒德,Sükhbaataryn Batbold,首相,2009,2012
toolbay-region-0939-ruler-0050,toolbay-region-0939,诺罗布・阿勒坦呼亚格,Norovyn Altankhuyag,首相,2012,2014
toolbay-region-0939-ruler-0051,toolbay-region-0939,其米德・赛汗比勒格,Chimediin Saikhanbileg,首相,2014,2016
toolbay-region-0939-ruler-0052,toolbay-region-0939,扎尔格勒图勒嘎・额尔登巴特,Jargaltulgyn Erdenebat,首相,2016,9999
toolbay-region-0940-ruler-0008,toolbay-region-0940,袁世凯,Yuan Shi-kai,大総统,1912,1915
toolbay-region-0940-ruler-0010,toolbay-region-0940,洪宪帝（袁世凯）,Hongxian (Yuan Shi-kai),皇帝,1915,1916
toolbay-region-0940-ruler-0012,toolbay-region-0940,黎元洪,Li Yuan-hong,大総统,1916,1917
toolbay-region-0940-ruler-0013,toolbay-region-0940,冯国璋,Feng Guo-zhang,大総统,1917,1918
toolbay-region-0940-ruler-0014,toolbay-region-0940,徐世昌,Xu Shi-chang,大総统,1918,1922
toolbay-region-0940-ruler-0015,toolbay-region-0940,黎元洪,Li Yuan-hong,大総统,1922,1923
toolbay-region-0940-ruler-0016,toolbay-region-0940,曹锟,Cao Kun,大総统,1923,1924
toolbay-region-0940-ruler-0017,toolbay-region-0940,段祺瑞,Duan Qi-rui,大総统,1924,1926
toolbay-region-0940-ruler-0018,toolbay-region-0940,顾维钧,Vi Kyuin Wellington Koo,大総统,1926,1927
toolbay-region-0940-ruler-0020,toolbay-region-0940,段祺瑞,Duan Qi-rui,内阁総理,1912,1913
toolbay-region-0940-ruler-0021,toolbay-region-0940,熊希龄,Xioung Xi-ling,内阁総理,1913,1914
toolbay-region-0940-ruler-0023,toolbay-region-0940,徐世昌,Xu Shi-chang,政事堂国务卿,1914,1916
toolbay-region-0940-ruler-0025,toolbay-region-0940,段祺瑞,Duan Qi-rui,国务総理,1916,1917
toolbay-region-0940-ruler-0026,toolbay-region-0940,王士珍,Wang Shi-zhen,国务総理,1917,1918
toolbay-region-0940-ruler-0027,toolbay-region-0940,钱能训,Qion Neng-xun,国务総理,1918,1919
toolbay-region-0940-ruler-0028,toolbay-region-0940,靳云鹏,Jin Yun-peng,国务総理,1919,1921
toolbay-region-0940-ruler-0029,toolbay-region-0940,梁士诒,Liang Shi-yi,国务総理,1921,1922
toolbay-region-0940-ruler-0030,toolbay-region-0940,王正廷,Wang Zheng-ting,国务総理,1922,1923
toolbay-region-0940-ruler-0031,toolbay-region-0940,高凌霨,Gao Ling-wei,国务総理,1923,1924
toolbay-region-0940-ruler-0032,toolbay-region-0940,许世英,Xu Shi-ying,国务総理,1925,1926
toolbay-region-0940-ruler-0033,toolbay-region-0940,顾维钧,Vi Kyuin Wellington Koo,国务総理,1926,1927
toolbay-region-0940-ruler-0034,toolbay-region-0940,潘复,Pon Fu,国务総理,1927,1928
toolbay-region-0944-ruler-0006,toolbay-region-0944,哈鲁奥・雷梅利克,Haruo Remeliik,总统,1981,1985
toolbay-region-0944-ruler-0007,toolbay-region-0944,拉扎勒斯・萨利,Lazarus Salii,总统,1985,1988
toolbay-region-0944-ruler-0008,toolbay-region-0944,汤玛士・雷蒙杰索,"Thomas Remengesau, Senior",总统,1988,1989
toolbay-region-0944-ruler-0009,toolbay-region-0944,恩吉拉特克尔・埃特皮森,Ngiratkel Etpison,总统,1989,1993
toolbay-region-0944-ruler-0010,toolbay-region-0944,中村国雄,Kuniwo Nakamura,总统,1993,2001
toolbay-region-0944-ruler-0011,toolbay-region-0944,汤米・雷门格绍,"Thomas ""Tommy"" Remengesau, Jr.",总统,2001,2009
toolbay-region-0944-ruler-0012,toolbay-region-0944,詹森・托里比翁,Johnson Toribiong,总统,2009,2013
toolbay-region-0944-ruler-0013,toolbay-region-0944,汤米・雷门格绍,"Thomas ""Tommy"" Remengesau, Jr.",总统,2013,9999
toolbay-region-0944-ruler-0015,toolbay-region-0944,"Victor Hobson, Jr.","Victor Hobson, Jr.",Director of Trust Territory,1990,1994
toolbay-region-0960-ruler-0006,toolbay-region-0960,罗绅达,Carl Rosendahl,総督,1898,1899
toolbay-region-0960-ruler-0007,toolbay-region-0960,叶世克,Otto Paul Jäschke,総督,1899,1901
toolbay-region-0960-ruler-0008,toolbay-region-0960,托尔柏尔,Oskar von Truppel,総督,1901,1911
toolbay-region-0960-ruler-0009,toolbay-region-0960,麦尔瓦德克,Alfred Meyer-Waldeck,総督,1911,1914
toolbay-region-0960-ruler-0011,toolbay-region-0960,神尾光臣,Kamio Mitsuomi,司令官,1914,1915
toolbay-region-0960-ruler-0012,toolbay-region-0960,大谷喜久藏,Ootani Kikuzou,司令官,1915,1917
toolbay-region-0960-ruler-0013,toolbay-region-0960,本郷房太郎,Hongou Fusatarou,司令官,1917,1918
toolbay-region-0960-ruler-0014,toolbay-region-0960,大岛健一,Ooshima Ken'ichi,司令官,1918,1919
toolbay-region-0960-ruler-0015,toolbay-region-0960,由比光卫,Yuhi Mitsue,司令官,1919,1922
toolbay-region-0961-ruler-0006,toolbay-region-0961,大岛义昌,Ooshima Yoshimasa,総督,1905,1912
toolbay-region-0961-ruler-0007,toolbay-region-0961,福岛安正,Fukushima Yasumasa,総督,1912,1914
toolbay-region-0961-ruler-0008,toolbay-region-0961,中村覚,Nakamura Satoru,総督,1914,1917
toolbay-region-0961-ruler-0009,toolbay-region-0961,中村雄次郎,Nakamura Yuujiro,総督,1917,1919
toolbay-region-0961-ruler-0010,toolbay-region-0961,林権助,Hayashi Gonsuke,総督,1919,1920
toolbay-region-0961-ruler-0011,toolbay-region-0961,山県伊三郎,Yamagata Isaburo,総督,1920,1922
toolbay-region-0961-ruler-0012,toolbay-region-0961,伊集院彦吉,Ijuuin Hikokichi,総督,1922,1923
toolbay-region-0961-ruler-0013,toolbay-region-0961,儿玉秀雄,Kodama Hideo,総督,1923,1927
toolbay-region-0961-ruler-0014,toolbay-region-0961,木下谦次郎,Kinoshita Kenjiro,総督,1927,1929
toolbay-region-0961-ruler-0015,toolbay-region-0961,太田政弘,Oota Masahiro,総督,1929,1931
toolbay-region-0961-ruler-0016,toolbay-region-0961,塚本清治,Tsukamoto Seiji,総督,1931,1932
toolbay-region-0961-ruler-0017,toolbay-region-0961,武藤信义,Mutou Nobuyoshi,総督,1932,1933
toolbay-region-0961-ruler-0018,toolbay-region-0961,菱刈隆,Hishikari Takashi,総督,1933,1934
toolbay-region-0961-ruler-0019,toolbay-region-0961,南次郎,Minami Jirou,総督,1934,1936
toolbay-region-0961-ruler-0020,toolbay-region-0961,植田谦吉,Ueda Kenkichi,総督,1936,1939
toolbay-region-0961-ruler-0021,toolbay-region-0961,梅津美治郎,Umezu Yoshijirou,総督,1939,1944
toolbay-region-0961-ruler-0022,toolbay-region-0961,山田乙三,Yamada Otozou,総督,1944,1945
toolbay-region-0962-ruler-0006,toolbay-region-0962,庄士敦,Reginald Fleming Johnston,行政长官,1926,1930
toolbay-region-0967-ruler-0006,toolbay-region-0967,梁鸿志,Liáng Hóng-zhì,行政院长,1938,1940
toolbay-region-0967-ruler-0007,toolbay-region-0967,汪精卫,Wang Jing-wei,行政院长,1940,1944
toolbay-region-0967-ruler-0008,toolbay-region-0967,陈公博,Chén Gōng-bó,行政院长,1944,1945
toolbay-region-0968-ruler-0006,toolbay-region-0968,德穆楚克栋鲁普（德王）,Demchigdonrov (De Wang),主席,1939,1945
toolbay-region-0980-ruler-0005,toolbay-region-0980,马化龙,Ma Hua-long,领导,1862,1869
toolbay-region-0981-ruler-0005,toolbay-region-0981,穆罕默德・雅霍甫（阿古柏）,Muhammad Yaqub Bek,领导,1864,1867
toolbay-region-0981-ruler-0007,toolbay-region-0981,穆罕默德・雅霍甫（阿古柏）,Muhammad Yaqub Bek,汗,1867,1877
toolbay-region-0982-ruler-0005,toolbay-region-0982,和加・尼牙孜,Khoja Niyaz,总统,1933,1934
toolbay-region-0982-ruler-0007,toolbay-region-0982,沙比提・大毛拉,Sabit Damulla Abdulbaki,首相,1933,1934
toolbay-region-0983-ruler-0005,toolbay-region-0983,艾力汗・吐烈,Alikhan Tore,主席,1944,1949
toolbay-region-0983-ruler-0007,toolbay-region-0983,阿合买提江・哈斯木,Ehmetjan Qasim,(实际统治者),1944,1949
toolbay-region-0984-ruler-0006,toolbay-region-0984,Alikhan Bokeikhanov,Alikhan Bokeikhanov,主席,1917,1920
toolbay-region-1000-ruler-0007,toolbay-region-1000,尼玛楚颜,Nimachyan,小呼拉尔主席团主席,1924,1929
toolbay-region-1000-ruler-0008,toolbay-region-1000,楚栋・罗布萨科维,Chuldum Lopsakovi,小呼拉尔主席团主席,1929,1936
toolbay-region-1000-ruler-0009,toolbay-region-1000,阿戴哥-图鲁什・喀木奇克-奥尔,Adyg-Tulush Khemchik-ool,小呼拉尔主席团主席,1936,1938
toolbay-region-1000-ruler-0010,toolbay-region-1000,奥云・波拉特,Oyun Polat,小呼拉尔主席团主席,1938,1940
toolbay-region-1000-ruler-0011,toolbay-region-1000,柯特克・安吉玛-托卡,Khertek Anchimaa-Toka,小呼拉尔主席团主席,1940,1944
toolbay-region-1000-ruler-0013,toolbay-region-1000,索德南・巴尔车・阿木本-诺杨,Sodnam Balchir Ambyn-noyon,部长会议主席,1921,1922
toolbay-region-1000-ruler-0014,toolbay-region-1000,伊达-苏于伦,Idam-Syurun,部长会议主席,1922,1923
toolbay-region-1000-ruler-0015,toolbay-region-1000,蒙乌什・巴颜-巴登吉,Mongush Buyan-Badyrgy,部长会议主席,1923,1924
toolbay-region-1000-ruler-0016,toolbay-region-1000,栋杜・库乌拉,Donduk Kuular,部长会议主席,1924,1929
toolbay-region-1000-ruler-0018,toolbay-region-1000,萨尔査克・托卡,Salchak Toka,総书记,1932,1944
toolbay-region-1001-ruler-0015,toolbay-region-1001,Archibald Douglas Cochrane,Archibald Douglas Cochrane,総督,1937,1941
toolbay-region-1001-ruler-0016,toolbay-region-1001,Reginald Hugh Dorman-Smith,Reginald Hugh Dorman-Smith,総督,1941,1942
toolbay-region-1001-ruler-0018,toolbay-region-1001,饭田祥二郎,Iida Shoujiro,司令官,1942,1943
toolbay-region-1001-ruler-0019,toolbay-region-1001,河辺正三,Kawabe Masakazu,司令官,1943,1944
toolbay-region-1001-ruler-0020,toolbay-region-1001,木村兵太郎,Kimura Heitaro,司令官,1944,1945
toolbay-region-1001-ruler-0022,toolbay-region-1001,Hubert Elvin Rance,Hubert Elvin Rance,军政长官,1945,1946
toolbay-region-1001-ruler-0024,toolbay-region-1001,Hubert Elvin Rance,Hubert Elvin Rance,総督,1946,1948
toolbay-region-1001-ruler-0026,toolbay-region-1001,肖恢塔,Sao Shwe Thaik,总统,1948,1952
toolbay-region-1001-ruler-0027,toolbay-region-1001,巴吴,Ba U,总统,1952,1957
toolbay-region-1001-ruler-0028,toolbay-region-1001,温貌,Win Maung,总统,1957,1962
toolbay-region-1001-ruler-0030,toolbay-region-1001,奈温,Ne Win,革命评议会议长,1962,1974
toolbay-region-1001-ruler-0032,toolbay-region-1001,奈温,Ne Win,总统,1974,1981
toolbay-region-1001-ruler-0033,toolbay-region-1001,山友,San Yu,总统,1981,1988
toolbay-region-1001-ruler-0035,toolbay-region-1001,苏貌,Saw Maung,Chairmen of the State Law and Order Restoration Council,1988,1992
toolbay-region-1001-ruler-0036,toolbay-region-1001,丹瑞,Than Shwe,Chairmen of the State Law and Order Restoration Council,1992,1997
toolbay-region-1001-ruler-0038,toolbay-region-1001,丹瑞,Than Shwe,Chairman of the State Peace and Development Council,1997,2011
toolbay-region-1001-ruler-0040,toolbay-region-1001,登盛,Thein Sein,总统,2011,2016
toolbay-region-1001-ruler-0041,toolbay-region-1001,廷觉,Htin Kyaw,总统,2016,9999
toolbay-region-1001-ruler-0043,toolbay-region-1001,巴莫,Ba Maw,行政主席,1937,1939
toolbay-region-1001-ruler-0044,toolbay-region-1001,Maung Pu,Maung Pu,行政主席,1939,1940
toolbay-region-1001-ruler-0045,toolbay-region-1001,苏,Saw,行政主席,1940,1942
toolbay-region-1001-ruler-0047,toolbay-region-1001,巴莫,Ba Maw,首相,1942,1945
toolbay-region-1001-ruler-0049,toolbay-region-1001,昂山,Aung San,行政主席,1946,1947
toolbay-region-1001-ruler-0050,toolbay-region-1001,努,Nu,行政主席,1947,1948
toolbay-region-1001-ruler-0052,toolbay-region-1001,努,Nu,首相,1948,1956
toolbay-region-1001-ruler-0053,toolbay-region-1001,巴瑞,Ba Swe,首相,1956,1957
toolbay-region-1001-ruler-0054,toolbay-region-1001,努,Nu,首相,1957,1958
toolbay-region-1001-ruler-0055,toolbay-region-1001,奈温,Ne Win,首相,1958,1960
toolbay-region-1001-ruler-0056,toolbay-region-1001,努,Nu,首相,1960,1962
toolbay-region-1001-ruler-0057,toolbay-region-1001,奈温,Ne Win,首相,1962,1974
toolbay-region-1001-ruler-0058,toolbay-region-1001,盛温,Sein Win,首相,1974,1977
toolbay-region-1001-ruler-0059,toolbay-region-1001,貌貌卡,Maung Maung Kha,首相,1977,1988
toolbay-region-1001-ruler-0060,toolbay-region-1001,苏貌,Saw Maung,首相,1988,1992
toolbay-region-1001-ruler-0061,toolbay-region-1001,丹瑞,Than Shwe,首相,1992,2003
toolbay-region-1001-ruler-0062,toolbay-region-1001,钦纽,Khin Nyunt,首相,2003,2004
toolbay-region-1001-ruler-0063,toolbay-region-1001,梭温,Soe Win,首相,2004,2007
toolbay-region-1001-ruler-0064,toolbay-region-1001,登盛,Thein Sein,首相,2007,2011
toolbay-region-1001-ruler-0066,toolbay-region-1001,翁山苏姫,Aung San Suu Kyi,国家顾问,2016,9999
toolbay-region-1002-ruler-0006,toolbay-region-1002,切斯特・尼米兹,Chester William Nimitz,Military Governor,1945,1946
toolbay-region-1002-ruler-0007,toolbay-region-1002,Frederic Lord Hayden,Frederic Lord Hayden,Military Governor,1946,1948
toolbay-region-1002-ruler-0008,toolbay-region-1002,William W. Eagles,William W. Eagles,Military Governor,1948,1949
toolbay-region-1002-ruler-0009,toolbay-region-1002,Robert Sprague Beightler,Robert Sprague Beightler,Military Governor,1949,1950
toolbay-region-1002-ruler-0011,toolbay-region-1002,道格拉斯・麦克阿瑟,Douglas MacArthur,Civil Governor,1950,1951
toolbay-region-1002-ruler-0012,toolbay-region-1002,马修・李奇微,Matthew Bunker Ridgway,Civil Governor,1951,1952
toolbay-region-1002-ruler-0013,toolbay-region-1002,马克・克拉克,Mark Wayne Clark,Civil Governor,1952,1953
toolbay-region-1002-ruler-0014,toolbay-region-1002,John E. Hull,John E. Hull,Civil Governor,1953,1955
toolbay-region-1002-ruler-0015,toolbay-region-1002,Lyman Louis Lemnitzer,Lyman Louis Lemnitzer,Civil Governor,1955,1957
toolbay-region-1002-ruler-0017,toolbay-region-1002,詹姆士・穆尔,James Edward Moore,高等弁务官(高级专员),1957,1958
toolbay-region-1002-ruler-0018,toolbay-region-1002,Donald Prentice Booth,Donald Prentice Booth,高等弁务官(高级专员),1958,1961
toolbay-region-1002-ruler-0019,toolbay-region-1002,Paul Wyatt Caraway,Paul Wyatt Caraway,高等弁务官(高级专员),1961,1964
toolbay-region-1002-ruler-0020,toolbay-region-1002,阿尔伯特・瓦特森,Albert Watson II,高等弁务官(高级专员),1964,1966
toolbay-region-1002-ruler-0021,toolbay-region-1002,Ferdinand Thomas Unger,Ferdinand Thomas Unger,高等弁务官(高级专员),1966,1969
toolbay-region-1002-ruler-0022,toolbay-region-1002,詹姆士・兰帕特,James Benjamin Lampart,高等弁务官(高级专员),1969,1972
toolbay-region-1002-ruler-0024,toolbay-region-1002,比嘉秀平,Higa Shuuhei,行政主席,1952,1956
toolbay-region-1002-ruler-0025,toolbay-region-1002,当间重刚,Touma Juugou,行政主席,1956,1959
toolbay-region-1002-ruler-0026,toolbay-region-1002,大田政作,Oota Seisaku,行政主席,1959,1964
toolbay-region-1002-ruler-0027,toolbay-region-1002,松冈政保,Matsuoka Seiho,行政主席,1964,1968
toolbay-region-1002-ruler-0028,toolbay-region-1002,屋良朝苗,Yara Choubyou,行政主席,1968,1972
toolbay-region-1003-ruler-0006,toolbay-region-1003,Ivan Mikhailovich Chistyakov,Ivan Mikhailovich Chistyakov,Soviet Commander-in-chief,1945,1947
toolbay-region-1003-ruler-0007,toolbay-region-1003,Gennady Petrovich Korotkov,Gennady Petrovich Korotkov,Soviet Commander-in-chief,1947,1948
toolbay-region-1003-ruler-0009,toolbay-region-1003,金枓奉,Kim Tu-bong,最高人民会议委员长,1948,1957
toolbay-region-1003-ruler-0010,toolbay-region-1003,崔庸健,Choi Yong-kun,最高人民会议委员长,1957,1972
toolbay-region-1003-ruler-0012,toolbay-region-1003,金日成,Kim Il-sung,国家主席,1972,1994
toolbay-region-1003-ruler-0014,toolbay-region-1003,金正日,Kim Jong-il,総书记,1994,2012
toolbay-region-1003-ruler-0016,toolbay-region-1003,金正恩,Kim Jong-un,第一书记,2012,9999
toolbay-region-1003-ruler-0018,toolbay-region-1003,金日成,Kim Il-sung,首相,1948,1972
toolbay-region-1003-ruler-0020,toolbay-region-1003,金一,Kim Il,政务院総理,1972,1976
toolbay-region-1003-ruler-0021,toolbay-region-1003,朴成哲,Pak Song-chol,政务院総理,1976,1977
toolbay-region-1003-ruler-0022,toolbay-region-1003,李钟玉,Li Jong-ok,政务院総理,1977,1984
toolbay-region-1003-ruler-0023,toolbay-region-1003,姜成山,Kang Song-san,政务院総理,1984,1986
toolbay-region-1003-ruler-0024,toolbay-region-1003,李根模,Li Gun-mo,政务院総理,1986,1990
toolbay-region-1003-ruler-0025,toolbay-region-1003,延亨黙,Yon Hyong-muk,政务院総理,1990,1992
toolbay-region-1003-ruler-0026,toolbay-region-1003,姜成山,Kang Song-san,政务院総理,1992,1998
toolbay-region-1003-ruler-0028,toolbay-region-1003,洪成南,Hong Song-nam,内阁総理,1998,2003
toolbay-region-1003-ruler-0029,toolbay-region-1003,朴奉珠,Pak Pong-ju,内阁総理,2003,2007
toolbay-region-1003-ruler-0030,toolbay-region-1003,金英逸,Kim Yong-il,内阁総理,2007,2010
toolbay-region-1003-ruler-0031,toolbay-region-1003,崔永林,Choe Yong-rim,内阁総理,2010,2013
toolbay-region-1003-ruler-0032,toolbay-region-1003,朴奉珠,Pak Pong-ju,内阁総理,2013,9999
toolbay-region-1004-ruler-0008,toolbay-region-1004,穆罕默德・阿里・真纳,Mohammad Ali Jinnah,総督,1947,1948
toolbay-region-1004-ruler-0009,toolbay-region-1004,卡瓦贾・纳兹穆丁,Khawaja Nazimuddin,総督,1948,1951
toolbay-region-1004-ruler-0010,toolbay-region-1004,Ghulam Mohammad,Ghulam Mohammad,総督,1951,1955
toolbay-region-1004-ruler-0011,toolbay-region-1004,伊斯坎德尔・米尔扎,Iskandar Mirza,総督,1955,1956
toolbay-region-1004-ruler-0013,toolbay-region-1004,伊斯坎德尔・米尔扎,Iskandar Mirza,总统,1956,1958
toolbay-region-1004-ruler-0014,toolbay-region-1004,阿尤布・汗,Muhammad Ayub Khan,总统,1958,1969
toolbay-region-1004-ruler-0015,toolbay-region-1004,叶海亚・汗,Yahya Khan,总统,1969,1971
toolbay-region-1004-ruler-0016,toolbay-region-1004,佐勒菲卡尔・阿里・布托,Zulfikar Ali Bhutto,总统,1971,1973
toolbay-region-1004-ruler-0017,toolbay-region-1004,法兹尔・伊拉希・乔杜里,Fazal Ilahi Chaudhry,总统,1973,1978
toolbay-region-1004-ruler-0018,toolbay-region-1004,穆罕默德・齐亚・哈克,Muhammad Zia-ul-Haq,总统,1978,1988
toolbay-region-1004-ruler-0019,toolbay-region-1004,吴拉姆・伊沙克・汗,Ghulam Ishaq Khan,总统,1988,1993
toolbay-region-1004-ruler-0020,toolbay-region-1004,法鲁克・莱加里,Farooq Leghari,总统,1993,1997
toolbay-region-1004-ruler-0021,toolbay-region-1004,瓦希姆・萨贾德,Wasim Sajjad,总统,1997,1998
toolbay-region-1004-ruler-0022,toolbay-region-1004,穆罕默德・拉菲克・塔拉尔,Muhammad Rafiq Tarar,总统,1998,2001
toolbay-region-1004-ruler-0024,toolbay-region-1004,佩尔韦兹・穆沙拉夫,Pervez Musharraf,行政长官,1999,2001
toolbay-region-1004-ruler-0026,toolbay-region-1004,佩尔韦兹・穆沙拉夫,Pervez Musharraf,总统,2001,2008
toolbay-region-1004-ruler-0027,toolbay-region-1004,阿西夫・阿里・扎尔达里,Asif Ali Zardari,总统,2008,2013
toolbay-region-1004-ruler-0028,toolbay-region-1004,马姆努恩・海珊,Mamnoon Hussain,总统,2013,9999
toolbay-region-1004-ruler-0030,toolbay-region-1004,利亚格特・阿里・汗,Liaquat Ali Khan,首相,1947,1951
toolbay-region-1004-ruler-0031,toolbay-region-1004,卡瓦贾・纳兹穆丁,Khawaja Nazimuddin,首相,1951,1953
toolbay-region-1004-ruler-0032,toolbay-region-1004,穆罕默德・阿里・博格拉,Muhammad Ali Bogra,首相,1953,1955
toolbay-region-1004-ruler-0033,toolbay-region-1004,乔杜里・穆罕默德・阿里,Chaudhry Muhammad Ali,首相,1955,1956
toolbay-region-1004-ruler-0034,toolbay-region-1004,侯赛因・沙希德・苏拉瓦底,Huseyn Shaheed Suhrawardy,首相,1956,1957
toolbay-region-1004-ruler-0035,toolbay-region-1004,费罗兹・汗・农,Feroz Khan Noon,首相,1957,1958
toolbay-region-1004-ruler-0036,toolbay-region-1004,阿尤布・汗,Muhammad Ayub Khan,首相,1958,1959
toolbay-region-1004-ruler-0037,toolbay-region-1004,努鲁勒・阿明,Nurul Amin,首相,1971,1972
toolbay-region-1004-ruler-0038,toolbay-region-1004,佐勒菲卡尔・阿里・布托,Zulfiqar Ali Bhutto,首相,1973,1977
toolbay-region-1004-ruler-0040,toolbay-region-1004,穆罕默德・齐亚・哈克,Muhammad Zia-ul-Haq,(实际统治者),1977,1978
toolbay-region-1004-ruler-0042,toolbay-region-1004,穆罕默德・汗・居内久,Muhammad Khan Junejo,首相,1985,1988
toolbay-region-1004-ruler-0043,toolbay-region-1004,贝娜乔尔・布托,Benazir Bhutto,首相,1988,1990
toolbay-region-1004-ruler-0044,toolbay-region-1004,纳瓦兹・谢里夫,Nawaz Sharif,首相,1990,1993
toolbay-region-1004-ruler-0045,toolbay-region-1004,贝娜乔尔・布托,Benazir Bhutto,首相,1993,1996
toolbay-region-1004-ruler-0046,toolbay-region-1004,马利克・米拉吉・哈立德,Malik Meraj Khalid,首相,1996,1997
toolbay-region-1004-ruler-0047,toolbay-region-1004,纳瓦兹・谢里夫,Nawaz Sharif,首相,1997,1999
toolbay-region-1004-ruler-0048,toolbay-region-1004,扎法鲁拉・汗・贾迈利,Zafarullah Khan Jamali,首相,2002,2004
toolbay-region-1004-ruler-0049,toolbay-region-1004,肖卡特・阿乔兹,Shaukat Aziz,首相,2004,2007
toolbay-region-1004-ruler-0050,toolbay-region-1004,穆罕默德米安・苏姆罗,Muhammad Mian Soomro,首相,2007,2008
toolbay-region-1004-ruler-0051,toolbay-region-1004,优素福・拉扎・吉拉尼,Yousaf Raza Gilani,首相,2008,2012
toolbay-region-1004-ruler-0052,toolbay-region-1004,拉贾・佩尔韦兹・阿什拉夫,Raja Pervaiz Ashraf,首相,2012,2013
toolbay-region-1004-ruler-0053,toolbay-region-1004,纳瓦兹・谢里夫,Nawaz Sharif,首相,2013,9999
toolbay-region-1005-ruler-0007,toolbay-region-1005,Sir Frederick Chalmers Bourne,Sir Frederick Chalmers Bourne,総督,1947,1950
toolbay-region-1005-ruler-0008,toolbay-region-1005,Malik Firoz Khan Nun,Malik Firoz Khan Nun,総督,1950,1953
toolbay-region-1005-ruler-0009,toolbay-region-1005,Chaudhry Khaliquzzaman,Chaudhry Khaliquzzaman,総督,1953,1954
toolbay-region-1005-ruler-0010,toolbay-region-1005,伊斯坎德尔・米尔扎,Iskandar Mirza,総督,1954,1955
toolbay-region-1005-ruler-0011,toolbay-region-1005,Amiruddin Ahmad,Amiruddin Ahmad,総督,1955,1956
toolbay-region-1005-ruler-0012,toolbay-region-1005,Abul Kashem Fazlul Huq,Abul Kashem Fazlul Huq,総督,1956,1958
toolbay-region-1005-ruler-0013,toolbay-region-1005,扎基尔・侯赛因,Zakir Hussain,総督,1958,1960
toolbay-region-1005-ruler-0014,toolbay-region-1005,Mohammad Azam Khan,Mohammad Azam Khan,総督,1960,1962
toolbay-region-1005-ruler-0015,toolbay-region-1005,Abdul Munim Khan,Abdul Munim Khan,総督,1962,1969
toolbay-region-1005-ruler-0016,toolbay-region-1005,Saiyid Mohammad Ahsan,Saiyid Mohammad Ahsan,総督,1969,1971
toolbay-region-1005-ruler-0018,toolbay-region-1005,谢赫・穆吉布・拉赫曼,Sheikh Mujibur Rahman,总统,1971,1972
toolbay-region-1005-ruler-0019,toolbay-region-1005,阿布・赛义德・乔杜里,Abu Sayeed Chowdhury,总统,1972,1973
toolbay-region-1005-ruler-0020,toolbay-region-1005,穆罕默德・穆罕默杜拉,Mohammad Mohammadullah,总统,1973,1975
toolbay-region-1005-ruler-0021,toolbay-region-1005,阿布・萨达特・穆罕默德・赛义姆,Abu Sadat Mohammad Sayem,总统,1975,1977
toolbay-region-1005-ruler-0022,toolbay-region-1005,齐亚・拉赫曼,Ziaur Rahman,总统,1977,1981
toolbay-region-1005-ruler-0023,toolbay-region-1005,阿卜杜勒・萨塔尔,Abdus Sattar,总统,1981,1982
toolbay-region-1005-ruler-0024,toolbay-region-1005,阿赫桑丁・乔杜里,A.F.M. Ahsanuddin Chowdhury,总统,1982,1983
toolbay-region-1005-ruler-0025,toolbay-region-1005,侯赛因・穆罕默德・艾尔沙德,Hossain Mohammad Ershad,总统,1983,1990
toolbay-region-1005-ruler-0026,toolbay-region-1005,谢哈布丁・艾哈迈德,Shahabuddin Ahmed,总统,1990,1991
toolbay-region-1005-ruler-0027,toolbay-region-1005,阿卜杜勒・拉赫曼・比斯瓦斯,Abdur Rahman Biswas,总统,1991,1996
toolbay-region-1005-ruler-0028,toolbay-region-1005,谢哈布丁・艾哈迈德,Shahabuddin Ahmed,总统,1996,2001
toolbay-region-1005-ruler-0029,toolbay-region-1005,巴德尔多扎・乔杜里,A.Q.M. Badruddoza Chowdhury,总统,2001,2002
toolbay-region-1005-ruler-0030,toolbay-region-1005,亚杰丁・艾哈迈德,Iajuddin Ahmed,总统,2002,2009
toolbay-region-1005-ruler-0031,toolbay-region-1005,齐勒・拉赫曼,Zillur Rahman,总统,2009,2013
toolbay-region-1005-ruler-0032,toolbay-region-1005,阿卜杜勒・哈米德,Abdul Hamid,总统,2013,9999
toolbay-region-1005-ruler-0034,toolbay-region-1005,卡瓦贾・纳兹穆丁,Khawaja Nazimuddin,首相,1947,1948
toolbay-region-1005-ruler-0035,toolbay-region-1005,努鲁勒・阿明,Nurul Amin,首相,1948,1952
toolbay-region-1005-ruler-0036,toolbay-region-1005,Abu Hossain Sarkar,Abu Hossain Sarkar,首相,1955,1956
toolbay-region-1005-ruler-0037,toolbay-region-1005,Ataur Rahman Khan,Ataur Rahman Khan,首相,1956,1958
toolbay-region-1005-ruler-0039,toolbay-region-1005,Tajuddin Ahmed,Tajuddin Ahmed,首相,1971,1972
toolbay-region-1005-ruler-0040,toolbay-region-1005,Sheikh Mujibur Rahman,Sheikh Mujibur Rahman,首相,1972,1975
toolbay-region-1005-ruler-0041,toolbay-region-1005,Mohammad Mansur Ali,Mohammad Mansur Ali,首相,1975,1976
toolbay-region-1005-ruler-0042,toolbay-region-1005,Shah Azizur Rahman,Shah Azizur Rahman,首相,1979,1982
toolbay-region-1005-ruler-0043,toolbay-region-1005,Ataur Rahman Khan,Ataur Rahman Khan,首相,1984,1986
toolbay-region-1005-ruler-0044,toolbay-region-1005,Mizanur Rahman Chowdhury,Mizanur Rahman Chowdhury,首相,1986,1988
toolbay-region-1005-ruler-0045,toolbay-region-1005,Moudud Ahmed,Moudud Ahmed,首相,1988,1989
toolbay-region-1005-ruler-0046,toolbay-region-1005,Kazi Zafar Ahmed,Kazi Zafar Ahmed,首相,1989,1991
toolbay-region-1005-ruler-0047,toolbay-region-1005,卡莉达・齐亚,Khaleda Zia,首相,1991,1996
toolbay-region-1005-ruler-0048,toolbay-region-1005,谢赫・哈西娜,Sheikh Hasina,首相,1996,2001
toolbay-region-1005-ruler-0049,toolbay-region-1005,卡莉达・齐亚,Khaleda Zia,首相,2001,2006
toolbay-region-1005-ruler-0050,toolbay-region-1005,Iajuddin Ahmed,Iajuddin Ahmed,首相,2006,2007
toolbay-region-1005-ruler-0051,toolbay-region-1005,Fakhruddin Ahmed,Fakhruddin Ahmed,首相,2007,2009
toolbay-region-1005-ruler-0052,toolbay-region-1005,谢赫・哈西娜,Sheikh Hasina,首相,2009,9999
toolbay-region-1006-ruler-0013,toolbay-region-1006,孙中山,Sun Yat-sen,大总统,1917,1918
toolbay-region-1006-ruler-0014,toolbay-region-1006,岑春煊,Cen Chun-xuan,大总统,1918,1920
toolbay-region-1006-ruler-0015,toolbay-region-1006,孙中山,Sun Yat-sen,大总统,1920,1925
toolbay-region-1006-ruler-0017,toolbay-region-1006,汪精卫,Wang Jing-wei,主席,1925,1926
toolbay-region-1006-ruler-0018,toolbay-region-1006,谭延闓,Tan Yan-kai,主席,1926,1927
toolbay-region-1006-ruler-0019,toolbay-region-1006,胡汉民,Hu Han-min,主席,1927,1928
toolbay-region-1006-ruler-0020,toolbay-region-1006,蒋中正,Chiang Kai-shek,主席,1928,1931
toolbay-region-1006-ruler-0021,toolbay-region-1006,林森,Lin Sen,主席,1931,1943
toolbay-region-1006-ruler-0023,toolbay-region-1006,蒋中正,Chiang Kai-shek,主席,1943,1948
toolbay-region-1006-ruler-0025,toolbay-region-1006,谭延闓,Tan Yan-kai,行政院长,1928,1930
toolbay-region-1006-ruler-0026,toolbay-region-1006,蒋中正,Chiang Kai-shek,行政院长,1930,1932
toolbay-region-1006-ruler-0027,toolbay-region-1006,汪精卫,Wang Jing-wei,行政院长,1932,1935
toolbay-region-1006-ruler-0028,toolbay-region-1006,蒋中正,Chiang Kai-shek,行政院长,1935,1938
toolbay-region-1006-ruler-0029,toolbay-region-1006,孔祥熙,Kong Xiang-xi,行政院长,1938,1939
toolbay-region-1006-ruler-0030,toolbay-region-1006,蒋中正,Chiang Kai-shek,行政院长,1939,1945
toolbay-region-1006-ruler-0031,toolbay-region-1006,宋子文,Song Zi-wen,行政院长,1945,1947
toolbay-region-1006-ruler-0032,toolbay-region-1006,张群,Zhang Qun,行政院长,1947,1948
toolbay-region-1006-ruler-0033,toolbay-region-1006,孙科,Sun Ke,行政院长,1948,1949
toolbay-region-1007-ruler-0009,toolbay-region-1007,张作霖,Zhāng Zuò-lín,领导,1922,1928
toolbay-region-1007-ruler-0010,toolbay-region-1007,张学良,Zhāng Xué-liáng,领导,1928,1931
toolbay-region-1007-ruler-0012,toolbay-region-1007,本庄繁,Honjou Shigeru,司令官,1931,1932
toolbay-region-1007-ruler-0014,toolbay-region-1007,爱新覚罗溥仪,Àixīnjuéluó Pǔyí,执政,1932,1934
toolbay-region-1007-ruler-0016,toolbay-region-1007,爱新覚罗溥仪,Àixīnjuéluó Pǔyí,皇帝,1934,1945
toolbay-region-1007-ruler-0018,toolbay-region-1007,郑孝婿,Zheng-Xiao-xu,国务总理,1932,1934
toolbay-region-1007-ruler-0019,toolbay-region-1007,张景恵,Zhang Jing-hui,国务总理,1934,1945
toolbay-region-1008-ruler-0006,toolbay-region-1008,吴佩孚,Wú Pèi-fú,领导,1922,1926
toolbay-region-1008-ruler-0007,toolbay-region-1008,孙传芳,Sūn Chuán-fāng,领导,1926,1927
toolbay-region-1009-ruler-0005,toolbay-region-1009,冯玉祥,Féng Yù-xiáng,领导,1922,1926
toolbay-region-1010-ruler-0005,toolbay-region-1010,阎锡山,Yán Xī-shān,领导,1922,1927
toolbay-region-1011-ruler-0005,toolbay-region-1011,唐继尭,Táng Jì-yáo,领导,1922,1927
toolbay-region-1012-ruler-0005,toolbay-region-1012,李宗仁,Li Zong-ren,领导,1924,1926
toolbay-region-1013-ruler-0005,toolbay-region-1013,杨増新,Yáng Zhēng-xīn,新疆督军,1916,1928
toolbay-region-1013-ruler-0007,toolbay-region-1013,金树仁,Jīn Shù-rén,主席,1928,1933
toolbay-region-1013-ruler-0009,toolbay-region-1013,盛世才,Shèng Shì-cái,(实际统治者),1933,1940
toolbay-region-1013-ruler-0011,toolbay-region-1013,刘文竜,Liú Wén-lóng,主席,1933,1934
toolbay-region-1013-ruler-0012,toolbay-region-1013,李溶,Lǐ Róng,主席,1934,1940
toolbay-region-1013-ruler-0013,toolbay-region-1013,盛世才,Shèng Shì-cái,主席,1940,1944
toolbay-region-1013-ruler-0014,toolbay-region-1013,吴忠信,Wú Zhōng-xīn,主席,1944,1946
toolbay-region-1013-ruler-0015,toolbay-region-1013,张治中,Zhāng Zhì-zhōng,主席,1946,1947
toolbay-region-1013-ruler-0016,toolbay-region-1013,麦斯武德,Masud Sabri,主席,1947,1948
toolbay-region-1013-ruler-0017,toolbay-region-1013,包尔汉・沙希迪,Burhan Shahidi,主席,1948,1949
toolbay-region-1014-ruler-0005,toolbay-region-1014,毛泽东,Mao Ze-dong,主席,1931,1934
toolbay-region-1015-ruler-0005,toolbay-region-1015,毛泽东,Mao Ze-dong,主席,1935,1937
toolbay-region-1016-ruler-0006,toolbay-region-1016,毛泽东,Mao Ze-dong,领导,1945,1949
toolbay-region-1016-ruler-0008,toolbay-region-1016,毛泽东,Mao Ze-dong,国家主席,1949,1959
toolbay-region-1016-ruler-0009,toolbay-region-1016,刘少奇,Liu Shao-qi,国家主席,1959,1968
toolbay-region-1016-ruler-0010,toolbay-region-1016,李先念,Li Xian-nian,国家主席,1983,1988
toolbay-region-1016-ruler-0011,toolbay-region-1016,杨尚昆,Yang Shang-kun,国家主席,1988,1993
toolbay-region-1016-ruler-0012,toolbay-region-1016,江泽民,Jiang Ze-min,国家主席,1993,2003
toolbay-region-1016-ruler-0013,toolbay-region-1016,胡锦涛,Hu Jin-tao,国家主席,2003,2013
toolbay-region-1016-ruler-0014,toolbay-region-1016,习近平,Xi Jin-ping,国家主席,2013,9999
toolbay-region-1016-ruler-0016,toolbay-region-1016,毛泽东,Mao Ze-dong,国家领导人,1968,1976
toolbay-region-1016-ruler-0018,toolbay-region-1016,邓小平,Deng Xiao-ping,共产党总书记,1978,1997
toolbay-region-1016-ruler-0020,toolbay-region-1016,周恩来,Zhou En-lai,政务院总理,1949,1954
toolbay-region-1016-ruler-0022,toolbay-region-1016,周恩来,Zhou En-lai,国务院总理,1954,1976
toolbay-region-1016-ruler-0023,toolbay-region-1016,华国锋,Hua Guo-feng,国务院总理,1976,1980
toolbay-region-1016-ruler-0024,toolbay-region-1016,赵紫阳,Zhao Zi-yang,国务院总理,1980,1987
toolbay-region-1016-ruler-0025,toolbay-region-1016,李鹏,Li Peng,国务院总理,1987,1998
toolbay-region-1016-ruler-0026,toolbay-region-1016,朱鎔基,Zhu Rong-ji,国务院总理,1998,2003
toolbay-region-1016-ruler-0027,toolbay-region-1016,温家宝,Wen Jia-bao,国务院总理,2003,2013
toolbay-region-1016-ruler-0028,toolbay-region-1016,李克强,Li Ke-qiang,国务院总理,2013,9999
toolbay-region-1026-ruler-0011,toolbay-region-1026,扎卡林,Zakarine,国王,1894,1904
toolbay-region-1026-ruler-0012,toolbay-region-1026,西萨旺・冯,Sisavang Vong,国王,1904,1945
toolbay-region-1026-ruler-0014,toolbay-region-1026,佩差拉亲王,Phetsarath Rattanavongsa,国家元首,1945,1946
toolbay-region-1026-ruler-0016,toolbay-region-1026,西萨旺・冯,Sisavang Vong,国王,1946,1959
toolbay-region-1026-ruler-0017,toolbay-region-1026,萨旺・瓦达纳,Savang Vatthana,国王,1959,1975
toolbay-region-1026-ruler-0019,toolbay-region-1026,卢汉,Lu Han,国民革命军司令官,1945,1946
toolbay-region-1026-ruler-0021,toolbay-region-1026,苏发努冯亲王,Prince Souphanouvong,总统,1975,1991
toolbay-region-1026-ruler-0022,toolbay-region-1026,凯山・豊威汉,Kaysone Phomvihane,总统,1991,1992
toolbay-region-1026-ruler-0023,toolbay-region-1026,诺哈・冯沙万,Nouhak Phoumsavan,总统,1992,1998
toolbay-region-1026-ruler-0024,toolbay-region-1026,坎代・西潘敦,Khamtai Siphandon,总统,1998,2006
toolbay-region-1026-ruler-0025,toolbay-region-1026,朱马利・赛雅贡,Choummaly Sayasone,总统,2006,9999
toolbay-region-1026-ruler-0027,toolbay-region-1026,文翁亲王,Prince Boun Oum,首相,1948,1950
toolbay-region-1026-ruler-0028,toolbay-region-1026,培・萨纳尼空,Phoui Sananikone,首相,1950,1951
toolbay-region-1026-ruler-0029,toolbay-region-1026,梭发那・富马亲王,Prince Souvanna Phouma,首相,1951,1954
toolbay-region-1026-ruler-0030,toolbay-region-1026,卡代・萨索里特,Katay Don Sasorith,首相,1954,1956
toolbay-region-1026-ruler-0031,toolbay-region-1026,梭发那・富马亲王,Prince Souvanna Phouma,首相,1956,1958
toolbay-region-1026-ruler-0032,toolbay-region-1026,培・萨纳尼空,Phoui Sananikone,首相,1958,1959
toolbay-region-1026-ruler-0033,toolbay-region-1026,宋萨宁亲王,Sounthone Pathammavong,首相,1959,1960
toolbay-region-1026-ruler-0034,toolbay-region-1026,文翁亲王,Prince Boun Oum,首相,1960,1962
toolbay-region-1026-ruler-0035,toolbay-region-1026,梭发那・富马亲王,Prince Souvanna Phouma,首相,1962,1975
toolbay-region-1026-ruler-0037,toolbay-region-1026,凯山・豊威汉,Kaysone Phomvihane,部长会议主席,1975,1991
toolbay-region-1026-ruler-0038,toolbay-region-1026,坎代・西潘敦,Khamtai Siphandon,部长会议主席,1991,1998
toolbay-region-1026-ruler-0039,toolbay-region-1026,西沙瓦・乔本潘,Sisavath Keobounphanh,部长会议主席,1998,2001
toolbay-region-1026-ruler-0040,toolbay-region-1026,本扬・沃拉吉,Boungnang Vorachith,部长会议主席,2001,2006
toolbay-region-1026-ruler-0041,toolbay-region-1026,布阿索内・布帕万,Bouasone Bouphavanh,部长会议主席,2006,2010
toolbay-region-1026-ruler-0042,toolbay-region-1026,Thongsing Thammavong,Thongsing Thammavong,部长会议主席,2010,9999
toolbay-region-1042-ruler-0005,toolbay-region-1042,尤索夫・伊萨,Yusof bin Ishak,总统,1965,1970
toolbay-region-1042-ruler-0006,toolbay-region-1042,本杰明・亨利・薛尔思,Benjamin Henry Sheares,总统,1970,1981
toolbay-region-1042-ruler-0007,toolbay-region-1042,蒂凡那,Chengara Veetil Devan Nair,总统,1981,1985
toolbay-region-1042-ruler-0008,toolbay-region-1042,黄金辉,Wee Kim-wee,总统,1985,1993
toolbay-region-1042-ruler-0009,toolbay-region-1042,王鼎昌,Ong Teng-cheong,总统,1993,1999
toolbay-region-1042-ruler-0010,toolbay-region-1042,塞拉潘・纳丹,Sellapan Rama Nathan,总统,1999,2011
toolbay-region-1042-ruler-0011,toolbay-region-1042,陈庆炎,Tony Tan Keng Yam,总统,2011,9999
toolbay-region-1042-ruler-0013,toolbay-region-1042,李光耀,Lee Kuan-yew,总理,1965,1990
toolbay-region-1042-ruler-0014,toolbay-region-1042,吴作栋,Goh Chok-tong,总理,1990,2004
toolbay-region-1042-ruler-0015,toolbay-region-1042,李显龙,Lee Hsien-loong,总理,2004,9999
toolbay-region-1052-ruler-0005,toolbay-region-1052,伊斯兰・卡里莫夫,Islam Abduganievich Karimov,総统,1990,2016
toolbay-region-1052-ruler-0007,toolbay-region-1052,沙夫卡特・米尔兹亚耶夫,Shavkat Miromonovich Mirziyoyev,临时総统,2016,9999
toolbay-region-1052-ruler-0009,toolbay-region-1052,伊斯兰・卡里莫夫,Islam Abduganievich Karimov,总理,1990,1992
toolbay-region-1052-ruler-0010,toolbay-region-1052,阿卜杜勒哈希姆・穆塔洛夫,Abdulxashim Mutalovich Mutalov,总理,1992,1995
toolbay-region-1052-ruler-0011,toolbay-region-1052,乌特库尔・苏尔丹诺夫,O‘tkir To‘xtamurodovich Sultonov,总理,1995,2003
toolbay-region-1052-ruler-0012,toolbay-region-1052,沙夫卡特・米尔兹亚耶夫,Shavkat Miromonovich Mirziyoyev,总理,2003,2016
toolbay-region-1052-ruler-0013,toolbay-region-1052,阿卜杜拉・奥里波夫,Abdulla Nigmatovich Aripov,总理,2016,9999
toolbay-region-1054-ruler-0006,toolbay-region-1054,阿斯卡尔・阿卡耶夫,Askar Akayevich Akayev,総统,1990,2005
toolbay-region-1054-ruler-0007,toolbay-region-1054,库尔曼别克・巴基耶夫,Kurmanbek Saliyevich Bakiyev,総统,2005,2010
toolbay-region-1054-ruler-0009,toolbay-region-1054,罗萨・奥坦巴耶娃,Roza Otunbayeva,临时総统,2010,2012
toolbay-region-1054-ruler-0011,toolbay-region-1054,阿尔马兹别克・阿坦巴耶夫,Almazbek Atambayev,総统,2012,9999
toolbay-region-1054-ruler-0013,toolbay-region-1054,纳斯尔丁・伊萨诺夫,Nasirdin Isanov,总理,1991,1992
toolbay-region-1054-ruler-0014,toolbay-region-1054,图尔松别克・琴格舍夫,Tursunbek Chyngyshevich Chyngyshev,总理,1992,1993
toolbay-region-1054-ruler-0015,toolbay-region-1054,阿帕斯・朱马古洛夫,Apas Jumagulovich Jumagulov,总理,1993,1998
toolbay-region-1054-ruler-0016,toolbay-region-1054,朱马别克・伊布赖莫夫,Jumabek Ibraimovich Ibraimov,总理,1998,1999
toolbay-region-1054-ruler-0017,toolbay-region-1054,阿曼格尔德・穆拉利耶夫,Amangeldy Mursadykovich Muraliyev,总理,1999,2000
toolbay-region-1054-ruler-0018,toolbay-region-1054,库尔曼别克・巴基耶夫,Kurmanbek Bakiyev,总理,2000,2002
toolbay-region-1054-ruler-0019,toolbay-region-1054,尼古拉・塔纳耶夫,Nikolay Timofeyevich Tanayev,总理,2002,2005
toolbay-region-1054-ruler-0020,toolbay-region-1054,费利克斯・库洛夫,Feliks Sharshenbayevich Kulov,总理,2005,2007
toolbay-region-1054-ruler-0021,toolbay-region-1054,伊戈尔・丘季诺夫,Igor Chudinov,总理,2007,2009
toolbay-region-1054-ruler-0022,toolbay-region-1054,达尼亚尔・乌谢诺夫,Daniyar Usenov,总理,2009,2010
toolbay-region-1054-ruler-0023,toolbay-region-1054,阿尔马兹别克・阿坦巴耶夫,Almazbek Atambayev,总理,2011,2012
toolbay-region-1054-ruler-0024,toolbay-region-1054,奥穆尔别克・巴巴诺夫,Omurbek Babanov,总理,2012,2013
toolbay-region-1054-ruler-0025,toolbay-region-1054,然托罗・萨特巴尔季耶夫,Zhantoro Satybaldiyev,总理,2013,9999
toolbay-region-1055-ruler-0006,toolbay-region-1055,拉赫蒙・纳比耶夫,Rakhmon Nabiyevich Nabiyev,総统,1991,1992
toolbay-region-1055-ruler-0007,toolbay-region-1055,埃莫马利・拉赫莫,Emomalī Rahmon,総统,1992,9999
toolbay-region-1055-ruler-0009,toolbay-region-1055,Izatullo Khayoyevich Khayoyev,Izatullo Khayoyevich Khayoyev,总理,1991,1992
toolbay-region-1055-ruler-0010,toolbay-region-1055,Abdumalik Abdullayevich Abdullajanov,Abdumalik Abdullayevich Abdullajanov,总理,1992,1993
toolbay-region-1055-ruler-0011,toolbay-region-1055,Abdujalil Akhadovich Samadov,Abdujalil Akhadovich Samadov,总理,1993,1994
toolbay-region-1055-ruler-0012,toolbay-region-1055,Jamshed Khilolovich Karimov,Jamshed Khilolovich Karimov,总理,1994,1996
toolbay-region-1055-ruler-0013,toolbay-region-1055,Yakhyo Nuriddinovich Azimov,Yakhyo Nuriddinovich Azimov,总理,1996,1999
toolbay-region-1055-ruler-0014,toolbay-region-1055,阿基勒・阿基洛夫,Akil Gaybullayevich Akilov,总理,1999,9999
