{"type":"FeatureCollection","features":[{"type":"Feature","id":"boundaries:1891","geometry":{"type":"MultiLineString","coordinates":[[[101.3,5.6],[101.3,5.8]],[[101.3,5.8],[101.2,5.8]],[[101.2,5.8],[101.2,6.1]],[[101.2,6.1],[101.0,6.1]],[[101.0,6.1],[101.0,6.2]],[[101.0,6.2],[100.3,6.2]],[[100.3,6.2],[100.3,6.0],[100.4,6.0],[100.4,5.8],[100.3,5.8],[100.3,5.6],[100.2,5.6],[100.2,5.4],[100.3,5.4],[100.3,5.3],[100.4,5.3],[100.4,5.0],[100.5,5.0],[100.5,4.9],[100.6,4.9],[100.6,4.2],[100.7,4.2],[100.7,3.9],[100.8,3.9],[100.8,3.8],[100.9,3.8],[100.9,3.7],[101.0,3.7],[101.0,3.6],[101.1,3.6],[101.1,3.5],[101.2,3.5],[101.2,3.4],[101.3,3.4],[101.3,2.9],[101.4,2.9],[101.4,2.8],[101.5,2.8],[101.5,2.7],[101.8,2.7],[101.8,2.6],[101.9,2.6],[101.9,2.5],[102.0,2.5],[102.0,2.4],[102.1,2.4],[102.1,2.3],[102.3,2.3],[102.3,2.2],[102.5,2.2],[102.5,2.1],[102.6,2.1],[102.6,2.0],[102.7,2.0],[102.7,1.9],[102.9,1.9],[102.9,1.8],[103.1,1.8],[103.1,1.7],[103.3,1.7],[103.3,1.6],[103.4,1.6],[103.4,1.5],[103.5,1.5],[103.5,1.4],[103.8,1.4],[103.8,1.3],[103.9,1.3],[103.9,1.1],[103.8,1.1],[103.8,1.0],[103.7,1.0]],[[103.7,1.0],[103.7,0.8]],[[103.7,0.8],[104.2,0.8],[104.2,0.7],[104.4,0.7],[104.4,0.8],[104.7,0.8],[104.7,0.9],[104.8,0.9],[104.8,1.1],[104.7,1.1],[104.7,1.2],[104.6,1.2],[104.6,1.3],[104.3,1.3],[104.3,1.8],[104.2,1.8],[104.2,2.1],[104.1,2.1],[104.1,2.4],[104.0,2.4],[104.0,2.5],[103.9,2.5],[103.9,2.6],[103.8,2.6],[103.8,2.7],[103.7,2.7],[103.7,2.8],[103.6,2.8],[103.6,2.9],[103.5,2.9],[103.5,3.7],[103.4,3.7],[103.4,4.1],[103.5,4.1],[103.5,4.6]],[[103.5,4.6],[103.1,4.6]],[[103.1,4.6],[103.1,4.7]],[[103.1,4.7],[102.8,4.7]],[[102.8,4.7],[102.8,4.8]],[[102.8,4.8],[102.6,4.8]],[[102.6,4.8],[102.6,4.9]],[[102.6,4.9],[102.5,4.9]],[[102.5,4.9],[102.5,5.0]],[[102.5,5.0],[102.2,5.0]],[[102.2,5.0],[102.2,5.1]],[[102.2,5.1],[101.9,5.1]],[[101.9,5.1],[101.9,5.2]],[[101.9,5.2],[101.7,5.2]],[[101.7,5.2],[101.7,5.3]],[[101.7,5.3],[101.6,5.3]],[[101.6,5.3],[101.6,5.4]],[[101.6,5.4],[101.5,5.4]],[[101.5,5.4],[101.5,5.5]],[[101.5,5.5],[101.4,5.5]],[[101.4,5.5],[101.4,5.6]],[[101.4,5.6],[101.3,5.6]],[[108.1,3.7],[108.3,3.7],[108.3,3.8],[108.4,3.8],[108.4,4.1],[108.3,4.1],[108.3,4.2],[108.1,4.2],[108.1,4.1],[108.0,4.1],[108.0,3.8],[108.1,3.8],[108.1,3.7]],[[117.5,6.8],[117.4,6.8],[117.4,6.9],[117.3,6.9],[117.3,7.3],[117.2,7.3],[117.2,7.4],[117.1,7.4],[117.1,7.2],[117.0,7.2],[117.0,7.0],[116.7,7.0],[116.7,6.9],[116.6,6.9],[116.6,6.7],[116.5,6.7],[116.5,6.6],[116.4,6.6],[116.4,6.5],[116.3,6.5],[116.3,6.4],[116.2,6.4],[116.2,6.3],[116.1,6.3],[116.1,6.1],[116.0,6.1],[116.0,5.9],[115.9,5.9],[115.9,5.8],[115.8,5.8],[115.8,5.7],[115.5,5.7],[115.5,5.6],[115.4,5.6],[115.4,5.5],[115.3,5.5],[115.3,5.3],[115.4,5.3],[115.4,5.2],[115.3,5.2],[115.3,5.1],[114.9,5.1],[114.9,5.0],[114.7,5.0],[114.7,4.9],[114.6,4.9],[114.6,4.8],[114.4,4.8],[114.4,4.7],[114.1,4.7],[114.1,4.6],[114.0,4.6],[114.0,4.4],[113.9,4.4],[113.9,4.2],[113.8,4.2],[113.8,4.1],[113.7,4.1],[113.7,4.0],[113.6,4.0],[113.6,3.9],[113.5,3.9],[113.5,3.8],[113.4,3.8],[113.4,3.7],[113.3,3.7],[113.3,3.6],[113.2,3.6],[113.2,3.4],[113.1,3.4],[113.1,3.3],[113.0,3.3],[113.0,3.2],[112.6,3.2],[112.6,3.1],[112.2,3.1],[112.2,3.0],[111.7,3.0],[111.7,2.9],[111.4,2.9],[111.4,2.8],[111.3,2.8],[111.3,2.5],[111.2,2.5],[111.2,2.0],[111.1,2.0],[111.1,1.8],[111.0,1.8],[111.0,1.7],[110.6,1.7],[110.6,1.8],[110.3,1.8]],[[110.3,1.8],[110.3,1.1]],[[110.3,1.1],[110.4,1.1]],[[110.4,1.1],[110.4,1.0]],[[110.4,1.0],[110.6,1.0]],[[110.6,1.0],[110.6,0.9]],[[110.6,0.9],[111.0,0.9]],[[111.0,0.9],[111.0,0.8]],[[111.0,0.8],[111.3,0.8]],[[111.3,0.8],[111.3,0.7]],[[111.3,0.7],[111.5,0.7]],[[111.5,0.7],[111.5,0.8]],[[111.5,0.8],[111.9,0.8]],[[111.9,0.8],[111.9,0.9]],[[111.9,0.9],[112.2,0.9]],[[112.2,0.9],[112.2,1.0]],[[112.2,1.0],[112.5,1.0]],[[112.5,1.0],[112.5,1.1]],[[112.5,1.1],[112.8,1.1]],[[112.8,1.1],[112.8,1.2]],[[112.8,1.2],[113.0,1.2]],[[113.0,1.2],[113.0,1.3]],[[113.0,1.3],[113.3,1.3]],[[113.3,1.3],[113.3,1.4]],[[113.3,1.4],[113.5,1.4]],[[113.5,1.4],[113.5,1.5]],[[113.5,1.5],[113.7,1.5]],[[113.7,1.5],[113.7,1.6]],[[113.7,1.6],[113.8,1.6]],[[113.8,1.6],[113.8,1.7]],[[113.8,1.7],[114.0,1.7]],[[114.0,1.7],[114.0,1.8]],[[114.0,1.8],[114.2,1.8]],[[114.2,1.8],[114.2,2.0]],[[114.2,2.0],[114.3,2.0]],[[114.3,2.0],[114.3,2.1]],[[114.3,2.1],[114.4,2.1]],[[114.4,2.1],[114.4,2.2]],[[114.4,2.2],[114.5,2.2]],[[114.5,2.2],[114.5,2.3]],[[114.5,2.3],[114.6,2.3]],[[114.6,2.3],[114.6,2.5]],[[114.6,2.5],[114.8,2.5]],[[114.8,2.5],[114.8,2.7]],[[114.8,2.7],[114.9,2.7]],[[114.9,2.7],[114.9,2.9]],[[114.9,2.9],[115.1,2.9]],[[115.1,2.9],[115.1,3.1]],[[115.1,3.1],[115.2,3.1]],[[115.2,3.1],[115.2,3.2]],[[115.2,3.2],[115.3,3.2]],[[115.3,3.2],[115.3,3.3]],[[115.3,3.3],[115.4,3.3]],[[115.4,3.3],[115.4,3.4]],[[115.4,3.4],[115.5,3.4]],[[115.5,3.4],[115.5,3.6]],[[115.5,3.6],[115.6,3.6]],[[115.6,3.6],[115.6,3.7]],[[115.6,3.7],[115.7,3.7]],[[115.7,3.7],[115.7,4.2]],[[115.7,4.2],[116.7,4.2]],[[116.7,4.2],[116.7,4.1]],[[116.7,4.1],[117.0,4.1]],[[117.0,4.1],[117.0,4.0]],[[117.0,4.0],[117.4,4.0]],[[117.4,4.0],[117.4,3.9]],[[117.4,3.9],[117.8,3.9]],[[117.8,3.9],[117.8,4.0],[117.9,4.0],[117.9,4.1],[118.0,4.1],[118.0,4.2],[118.1,4.2],[118.1,4.3],[118.3,4.3],[118.3,4.4],[118.6,4.4],[118.6,4.5],[118.7,4.5],[118.7,4.7],[118.6,4.7],[118.6,5.0],[118.9,5.0],[118.9,5.1],[119.1,5.1],[119.1,5.2],[119.2,5.2],[119.2,5.5],[119.1,5.5],[119.1,5.6],[118.8,5.6],[118.8,5.7],[118.7,5.7],[118.7,5.8],[118.5,5.8],[118.5,5.9],[118.3,5.9],[118.3,6.0],[118.2,6.0],[118.2,6.1],[117.8,6.1],[117.8,6.5],[117.7,6.5],[117.7,6.6],[117.6,6.6],[117.6,6.7],[117.5,6.7],[117.5,6.8]],[[93.8,7.2],[93.7,7.2],[93.7,7.0],[94.0,7.0],[94.0,7.2],[93.9,7.2],[93.9,7.3],[93.8,7.3],[93.8,7.2]],[[80.6,9.7],[80.4,9.7],[80.4,9.8],[80.3,9.8],[80.3,9.9],[80.0,9.9],[80.0,9.5],[80.1,9.5],[80.1,9.2],[80.0,9.2],[80.0,9.1],[79.9,9.1],[79.9,8.5],[79.8,8.5],[79.8,8.4],[79.7,8.4],[79.7,7.9],[79.8,7.9],[79.8,6.9],[79.9,6.9],[79.9,6.7],[80.0,6.7],[80.0,6.3],[80.1,6.3],[80.1,6.1],[80.2,6.1],[80.2,6.0],[80.8,6.0],[80.8,6.1],[81.1,6.1],[81.1,6.2],[81.4,6.2],[81.4,6.3],[81.5,6.3],[81.5,6.4],[81.6,6.4],[81.6,6.5],[81.7,6.5],[81.7,6.6],[81.8,6.6],[81.8,6.8],[81.9,6.8],[81.9,7.2],[81.8,7.2],[81.8,7.8],[81.7,7.8],[81.7,7.9],[81.6,7.9],[81.6,8.1],[81.5,8.1],[81.5,8.3],[81.4,8.3],[81.4,8.6],[81.3,8.6],[81.3,8.7],[81.2,8.7],[81.2,8.9],[81.1,8.9],[81.1,9.0],[81.0,9.0],[81.0,9.2],[80.9,9.2],[80.9,9.4],[80.8,9.4],[80.8,9.5],[80.7,9.5],[80.7,9.6],[80.6,9.6],[80.6,9.7]],[[93.1,12.4],[93.0,12.4],[93.0,13.0],[93.1,13.0],[93.1,13.5],[93.0,13.5],[93.0,13.6],[92.9,13.6],[92.9,13.5],[92.8,13.5],[92.8,13.2],[92.7,13.2],[92.7,12.3],[92.6,12.3],[92.6,11.7],[92.8,11.7],[92.8,11.9],[92.9,11.9],[92.9,12.0],[93.0,12.0],[93.0,12.1],[93.1,12.1],[93.1,12.4]],[[90.5,26.4],[90.5,25.9]],[[90.5,25.9],[90.0,25.9]],[[90.0,25.9],[90.0,25.8],[89.9,25.8],[89.9,26.1]],[[89.9,26.1],[89.1,26.1]],[[89.1,26.1],[89.1,26.2]],[[89.1,26.2],[89.0,26.2]],[[89.0,26.2],[89.0,26.3]],[[89.0,26.3],[88.9,26.3]],[[88.9,26.3],[88.9,26.4]],[[88.9,26.4],[88.8,26.4]],[[88.8,26.4],[88.8,26.5]],[[88.8,26.5],[88.5,26.5]],[[88.5,26.5],[88.5,26.6]],[[88.5,26.6],[88.2,26.6]],[[88.2,26.6],[88.2,26.7]],[[88.2,26.7],[88.0,26.7]],[[88.0,26.7],[88.0,26.8]],[[88.0,26.8],[87.9,26.8]],[[87.9,26.8],[87.9,26.9]],[[87.9,26.9],[88.0,26.9]],[[88.0,26.9],[88.0,27.0]],[[88.0,27.0],[88.1,27.0]],[[88.1,27.0],[88.1,27.2]],[[88.1,27.2],[88.2,27.2]],[[88.2,27.2],[88.2,27.3]],[[88.2,27.3],[88.3,27.3]],[[88.3,27.3],[88.3,27.4]],[[88.3,27.4],[88.4,27.4]],[[88.4,27.4],[88.4,27.6]],[[88.4,27.6],[88.5,27.6]],[[88.5,27.6],[88.5,28.0]],[[88.5,28.0],[88.3,28.0]],[[88.3,28.0],[88.3,28.1]],[[88.3,28.1],[88.0,28.1]],[[88.0,28.1],[88.0,28.2]],[[88.0,28.2],[87.6,28.2]],[[87.6,28.2],[87.6,28.3]],[[87.6,28.3],[87.3,28.3]],[[87.3,28.3],[87.3,28.4]],[[87.3,28.4],[87.1,28.4]],[[87.1,28.4],[87.1,28.5]],[[87.1,28.5],[87.0,28.5]],[[87.0,28.5],[87.0,28.4]],[[87.0,28.4],[86.9,28.4]],[[86.9,28.4],[86.9,28.0]],[[86.9,28.0],[86.8,28.0]],[[86.8,28.0],[86.8,27.8]],[[86.8,27.8],[86.7,27.8]],[[86.7,27.8],[86.7,27.4]],[[86.7,27.4],[86.6,27.4]],[[86.6,27.4],[86.6,27.2]],[[86.6,27.2],[86.4,27.2]],[[86.4,27.2],[86.4,27.3]],[[86.4,27.3],[86.1,27.3]],[[86.1,27.3],[86.1,27.4]],[[86.1,27.4],[85.5,27.4]],[[85.5,27.4],[85.5,27.5]],[[85.5,27.5],[85.2,27.5]],[[85.2,27.5],[85.2,27.6]],[[85.2,27.6],[84.8,27.6]],[[84.8,27.6],[84.8,27.7]],[[84.8,27.7],[84.1,27.7]],[[84.1,27.7],[84.1,27.8]],[[84.1,27.8],[83.2,27.8]],[[83.2,27.8],[83.2,27.9]],[[83.2,27.9],[82.8,27.9]],[[82.8,27.9],[82.8,28.0]],[[82.8,28.0],[82.6,28.0]],[[82.6,28.0],[82.6,28.1]],[[82.6,28.1],[82.3,28.1]],[[82.3,28.1],[82.3,28.2]],[[82.3,28.2],[82.0,28.2]],[[82.0,28.2],[82.0,28.3]],[[82.0,28.3],[81.8,28.3]],[[81.8,28.3],[81.8,28.4]],[[81.8,28.4],[81.6,28.4]],[[81.6,28.4],[81.6,28.5]],[[81.6,28.5],[81.2,28.5]],[[81.2,28.5],[81.2,28.6]],[[81.2,28.6],[81.0,28.6]],[[81.0,28.6],[81.0,28.7]],[[81.0,28.7],[80.7,28.7]],[[80.7,28.7],[80.7,28.8]],[[80.7,28.8],[80.5,28.8]],[[80.5,28.8],[80.5,28.9]],[[80.5,28.9],[80.4,28.9]],[[80.4,28.9],[80.4,29.0]],[[80.4,29.0],[80.3,29.0]],[[80.3,29.0],[80.3,29.1]],[[80.3,29.1],[80.2,29.1]],[[80.2,29.1],[80.2,29.2]],[[80.2,29.2],[80.1,29.2]],[[80.1,29.2],[80.1,29.3]],[[80.1,29.3],[79.9,29.3]],[[79.9,29.3],[79.9,29.4]],[[79.9,29.4],[79.6,29.4]],[[79.6,29.4],[79.6,29.8]],[[79.6,29.8],[79.7,29.8]],[[79.7,29.8],[79.7,30.0]],[[79.7,30.0],[79.8,30.0]],[[79.8,30.0],[79.8,30.2]],[[79.8,30.2],[79.9,30.2]],[[79.9,30.2],[79.9,30.3]],[[79.9,30.3],[80.0,30.3]],[[80.0,30.3],[80.0,30.4]],[[80.0,30.4],[80.1,30.4]],[[80.1,30.4],[80.1,30.7]],[[80.1,30.7],[80.1,31.0]],[[80.1,31.0],[80.0,31.0]],[[80.0,31.0],[80.0,31.3]],[[80.0,31.3],[79.9,31.3]],[[79.9,31.3],[79.9,31.4]],[[79.9,31.4],[79.8,31.4]],[[79.8,31.4],[79.8,31.5]],[[79.8,31.5],[79.7,31.5]],[[79.7,31.5],[79.7,31.6]],[[79.7,31.6],[79.6,31.6]],[[79.6,31.6],[79.6,31.7]],[[79.6,31.7],[79.5,31.7]],[[79.5,31.7],[79.5,31.9]],[[79.5,31.9],[79.4,31.9]],[[79.4,31.9],[79.4,32.1]],[[79.4,32.1],[79.3,32.1]],[[79.3,32.1],[79.3,33.0]],[[79.3,33.0],[79.3,33.1],[79.1,33.1],[79.1,33.2],[78.9,33.2],[78.9,33.4],[78.6,33.4],[78.6,33.5],[78.0,33.5],[78.0,33.6],[77.7,33.6],[77.7,33.7],[77.4,33.7],[77.4,33.8],[77.2,33.8],[77.2,33.9],[77.1,33.9],[77.1,34.0],[77.0,34.0],[77.0,34.1],[76.8,34.1],[76.8,34.2],[76.3,34.2],[76.3,34.3],[76.0,34.3],[76.0,34.4],[75.8,34.4],[75.8,34.5],[75.7,34.5],[75.7,34.6],[75.5,34.6],[75.5,34.8],[75.4,34.8],[75.4,34.9],[75.3,34.9],[75.3,35.0],[75.2,35.0],[75.2,35.1],[75.1,35.1],[75.1,35.2],[75.0,35.2],[75.0,35.3],[74.9,35.3],[74.9,35.4],[74.8,35.4],[74.8,35.6],[74.7,35.6],[74.7,35.8],[74.6,35.8],[74.6,36.3]],[[74.6,36.3],[73.7,36.3]],[[73.7,36.3],[73.7,36.4]],[[73.7,36.4],[73.6,36.4]],[[73.6,36.4],[73.6,37.2]],[[73.6,37.2],[73.5,37.2]],[[73.5,37.2],[73.5,37.3]],[[73.5,37.3],[73.4,37.3]],[[73.4,37.3],[73.4,37.2]],[[73.4,37.2],[72.9,37.2]],[[72.9,37.2],[72.9,37.1]],[[72.9,37.1],[72.6,37.1]],[[72.6,37.1],[72.6,37.2]],[[72.6,37.2],[72.0,37.2]],[[72.0,37.2],[72.0,37.3]],[[72.0,37.3],[71.1,37.3]],[[71.1,37.3],[71.1,37.4]],[[71.1,37.4],[68.1,37.4]],[[68.1,37.4],[68.1,37.5]],[[68.1,37.5],[67.8,37.5]],[[67.8,37.5],[67.8,37.4]],[[67.8,37.4],[67.1,37.4]],[[67.1,37.4],[67.1,37.3]],[[67.1,37.3],[66.7,37.3]],[[66.7,37.3],[66.7,37.2]],[[66.7,37.2],[66.1,37.2]],[[66.1,37.2],[66.1,37.1]],[[66.1,37.1],[65.7,37.1]],[[65.7,37.1],[65.7,37.0]],[[65.7,37.0],[65.3,37.0]],[[65.3,37.0],[65.3,36.9]],[[65.3,36.9],[64.9,36.9]],[[64.9,36.9],[64.9,36.8]],[[64.9,36.8],[64.7,36.8]],[[64.7,36.8],[64.7,36.7]],[[64.7,36.7],[64.5,36.7]],[[64.5,36.7],[64.5,36.6]],[[64.5,36.6],[64.1,36.6]],[[64.1,36.6],[64.1,36.5]],[[64.1,36.5],[63.9,36.5]],[[63.9,36.5],[63.9,36.4]],[[63.9,36.4],[63.6,36.4]],[[63.6,36.4],[63.6,36.3]],[[63.6,36.3],[63.4,36.3]],[[63.4,36.3],[63.4,36.2]],[[63.4,36.2],[63.1,36.2]],[[63.1,36.2],[63.1,36.1]],[[63.1,36.1],[62.9,36.1]],[[62.9,36.1],[62.9,36.0]],[[62.9,36.0],[62.7,36.0]],[[62.7,36.0],[62.7,35.9]],[[62.7,35.9],[62.4,35.9]],[[62.4,35.9],[62.4,35.8]],[[62.4,35.8],[62.1,35.8]],[[62.1,35.8],[62.1,35.7]],[[62.1,35.7],[61.9,35.7]],[[61.9,35.7],[61.9,35.6]],[[61.9,35.6],[61.7,35.6]],[[61.7,35.6],[61.7,35.5]],[[61.7,35.5],[61.4,35.5]],[[61.4,35.5],[61.4,35.4]],[[61.4,35.4],[61.3,35.4]],[[61.3,35.4],[61.3,35.3]],[[61.3,35.3],[61.2,35.3]],[[61.2,35.3],[61.2,35.2]],[[61.2,35.2],[61.0,35.2]],[[61.0,35.2],[61.0,32.6]],[[61.0,32.6],[60.9,32.6]],[[60.9,32.6],[60.9,31.5]],[[60.9,31.5],[61.0,31.5]],[[61.0,31.5],[61.0,31.1]],[[61.0,31.1],[61.1,31.1]],[[61.1,31.1],[61.1,30.7]],[[61.1,30.7],[61.2,30.7]],[[61.2,30.7],[61.2,30.4]],[[61.2,30.4],[61.3,30.4]],[[61.3,30.4],[61.3,30.3]],[[61.3,30.3],[61.4,30.3]],[[61.4,30.3],[61.4,30.0]],[[61.4,30.0],[61.5,30.0]],[[61.5,30.0],[61.5,29.7]],[[61.5,29.7],[61.6,29.7]],[[61.6,29.7],[61.6,29.2]],[[61.6,29.2],[61.7,29.2]],[[61.7,29.2],[61.7,29.1]],[[61.7,29.1],[61.8,29.1]],[[61.8,29.1],[61.8,28.8]],[[61.8,28.8],[61.9,28.8]],[[61.9,28.8],[61.9,28.6]],[[61.9,28.6],[62.0,28.6]],[[62.0,28.6],[62.0,28.5]],[[62.0,28.5],[62.1,28.5]],[[62.1,28.5],[62.1,28.3]],[[62.1,28.3],[62.2,28.3]],[[62.2,28.3],[62.2,28.2]],[[62.2,28.2],[62.3,28.2]],[[62.3,28.2],[62.3,28.0]],[[62.3,28.0],[62.4,28.0]],[[62.4,28.0],[62.4,27.8]],[[62.4,27.8],[62.5,27.8]],[[62.5,27.8],[62.5,27.7]],[[62.5,27.7],[62.6,27.7]],[[62.6,27.7],[62.6,27.6]],[[62.6,27.6],[62.7,27.6]],[[62.7,27.6],[62.7,27.4]],[[62.7,27.4],[62.8,27.4]],[[62.8,27.4],[62.8,27.3]],[[62.8,27.3],[62.9,27.3]],[[62.9,27.3],[62.9,27.2]],[[62.9,27.2],[63.0,27.2]],[[63.0,27.2],[63.0,27.0]],[[63.0,27.0],[63.1,27.0]],[[63.1,27.0],[63.1,26.9]],[[63.1,26.9],[63.2,26.9]],[[63.2,26.9],[63.2,26.8]],[[63.2,26.8],[63.3,26.8]],[[63.3,26.8],[63.3,26.7]],[[63.3,26.7],[63.2,26.7]],[[63.2,26.7],[63.2,26.5]],[[63.2,26.5],[63.1,26.5]],[[63.1,26.5],[63.1,26.4]],[[63.1,26.4],[62.9,26.4]],[[62.9,26.4],[62.9,26.3]],[[62.9,26.3],[62.8,26.3]],[[62.8,26.3],[62.8,26.2]],[[62.8,26.2],[62.7,26.2]],[[62.7,26.2],[62.7,26.1]],[[62.7,26.1],[62.5,26.1]],[[62.5,26.1],[62.5,26.0]],[[62.5,26.0],[62.2,26.0]],[[62.2,26.0],[62.2,25.9]],[[62.2,25.9],[61.9,25.9]],[[61.9,25.9],[61.9,25.8]],[[61.9,25.8],[61.6,25.8]],[[61.6,25.8],[61.6,25.7]],[[61.6,25.7],[61.4,25.7]],[[61.4,25.7],[61.4,25.6]],[[61.4,25.6],[61.3,25.6]],[[61.3,25.6],[61.3,25.5]],[[61.3,25.5],[61.1,25.5]],[[61.1,25.5],[61.1,25.4]],[[61.1,25.4],[61.0,25.4]],[[61.0,25.4],[61.0,25.3]],[[61.0,25.3],[61.1,25.3],[61.1,25.2],[61.3,25.2],[61.3,25.1],[62.0,25.1],[62.0,25.2],[62.5,25.2],[62.5,25.3],[63.6,25.3],[63.6,25.4],[64.2,25.4],[64.2,25.3],[64.8,25.3],[64.8,25.4],[65.0,25.4],[65.0,25.3],[65.2,25.3],[65.2,25.4],[66.1,25.4],[66.1,25.5],[66.5,25.5],[66.5,25.4],[66.6,25.4],[66.6,25.3],[66.7,25.3],[66.7,25.0],[66.8,25.0],[66.8,24.9],[67.0,24.9],[67.0,24.8],[67.1,24.8],[67.1,24.7],[67.2,24.7],[67.2,24.5],[67.3,24.5],[67.3,24.2],[67.4,24.2],[67.4,24.1],[67.5,24.1],[67.5,23.9],[67.6,23.9],[67.6,23.8],[68.1,23.8],[68.1,23.7],[68.2,23.7],[68.2,23.6],[68.3,23.6],[68.3,23.5],[68.4,23.5],[68.4,23.4],[68.5,23.4],[68.5,23.3],[68.6,23.3],[68.6,23.2],[68.7,23.2],[68.7,23.1],[68.9,23.1],[68.9,23.0],[69.1,23.0],[69.1,22.9],[69.5,22.9],[69.5,22.8],[69.8,22.8],[69.8,22.9],[70.1,22.9],[70.1,22.8],[70.2,22.8],[70.2,22.7],[70.1,22.7],[70.1,22.6],[69.6,22.6],[69.6,22.5],[69.1,22.5],[69.1,22.4],[69.0,22.4],[69.0,22.2],[69.1,22.2],[69.1,22.1],[69.2,22.1],[69.2,22.0],[69.3,22.0],[69.3,21.9],[69.4,21.9],[69.4,21.8],[69.5,21.8],[69.5,21.7],[69.6,21.7],[69.6,21.6],[69.7,21.6],[69.7,21.5],[69.8,21.5],[69.8,21.4],[69.9,21.4],[69.9,21.3],[70.0,21.3],[70.0,21.2],[70.1,21.2],[70.1,21.1],[70.2,21.1],[70.2,21.0],[70.4,21.0],[70.4,20.9],[70.5,20.9],[70.5,20.8],[70.8,20.8],[70.8,20.7],[71.0,20.7],[71.0,20.8],[71.3,20.8],[71.3,20.9],[71.5,20.9],[71.5,21.0],[71.7,21.0],[71.7,21.1],[71.9,21.1],[71.9,21.2],[72.1,21.2],[72.1,21.3],[72.2,21.3],[72.2,21.5],[72.3,21.5],[72.3,22.0],[72.5,22.0],[72.5,21.8],[72.6,21.8],[72.6,21.1],[72.7,21.1],[72.7,21.0],[72.8,21.0],[72.8,20.8],[72.9,20.8],[72.9,20.5],[72.8,20.5],[72.8,20.3],[72.7,20.3],[72.7,19.5],[72.8,19.5],[72.8,18.9],[72.9,18.9],[72.9,18.3],[73.0,18.3],[73.0,18.0],[73.1,18.0],[73.1,17.6],[73.2,17.6],[73.2,17.2],[73.3,17.2],[73.3,16.5],[73.4,16.5],[73.4,16.2],[73.5,16.2],[73.5,16.0],[73.6,16.0],[73.6,15.9],[73.7,15.9],[73.7,15.6],[73.8,15.6],[73.8,15.4],[73.9,15.4],[73.9,15.1],[74.0,15.1],[74.0,15.0],[74.1,15.0],[74.1,14.9],[74.2,14.9],[74.2,14.7],[74.3,14.7],[74.3,14.5],[74.4,14.5],[74.4,14.3],[74.5,14.3],[74.5,14.0],[74.6,14.0],[74.6,13.7],[74.7,13.7],[74.7,13.3],[74.8,13.3],[74.8,12.8],[74.9,12.8],[74.9,12.6],[75.0,12.6],[75.0,12.4],[75.1,12.4],[75.1,12.2],[75.2,12.2],[75.2,12.0],[75.3,12.0],[75.3,11.9],[75.4,11.9],[75.4,11.8],[75.5,11.8],[75.5,11.7],[75.6,11.7],[75.6,11.5],[75.7,11.5],[75.7,11.3],[75.8,11.3],[75.8,11.1],[75.9,11.1],[75.9,10.8],[76.0,10.8],[76.0,10.5],[76.1,10.5],[76.1,10.3],[76.2,10.3],[76.2,9.9],[76.3,9.9],[76.3,9.5],[76.4,9.5],[76.4,9.2],[76.5,9.2],[76.5,9.0],[76.6,9.0],[76.6,8.9],[76.7,8.9],[76.7,8.8],[76.8,8.8],[76.8,8.7],[76.9,8.7],[76.9,8.5],[77.0,8.5],[77.0,8.4],[77.1,8.4],[77.1,8.3],[77.2,8.3],[77.2,8.2],[77.8,8.2],[77.8,8.3],[78.0,8.3],[78.0,8.4],[78.1,8.4],[78.1,8.5],[78.2,8.5],[78.2,8.9],[78.3,8.9],[78.3,9.1],[78.4,9.1],[78.4,9.2],[78.8,9.2],[78.8,9.3],[78.9,9.3],[78.9,9.4],[79.0,9.4],[79.0,9.8],[79.1,9.8],[79.1,9.9],[79.2,9.9],[79.2,10.0],[79.3,10.0],[79.3,10.3],[79.4,10.3],[79.4,10.4],[79.6,10.4],[79.6,10.3],[79.8,10.3],[79.8,10.4],[79.9,10.4],[79.9,11.5],[79.8,11.5],[79.8,11.9],[79.9,11.9],[79.9,12.2],[80.0,12.2],[80.0,12.3],[80.1,12.3],[80.1,12.5],[80.2,12.5],[80.2,12.7],[80.3,12.7],[80.3,13.1],[80.4,13.1],[80.4,13.6],[80.3,13.6],[80.3,14.0],[80.2,14.0],[80.2,14.9],[80.1,14.9],[80.1,15.4],[80.2,15.4],[80.2,15.5],[80.3,15.5],[80.3,15.7],[80.4,15.7],[80.4,15.8],[80.5,15.8],[80.5,15.9],[80.7,15.9],[80.7,15.8],[81.0,15.8],[81.0,15.9],[81.1,15.9],[81.1,16.0],[81.2,16.0],[81.2,16.2],[81.3,16.2],[81.3,16.3],[81.4,16.3],[81.4,16.4],[81.9,16.4],[81.9,16.5],[82.2,16.5],[82.2,16.6],[82.3,16.6],[82.3,16.7],[82.4,16.7],[82.4,17.2],[82.5,17.2],[82.5,17.3],[82.7,17.3],[82.7,17.4],[82.8,17.4],[82.8,17.5],[83.1,17.5],[83.1,17.6],[83.2,17.6],[83.2,17.7],[83.3,17.7],[83.3,17.8],[83.4,17.8],[83.4,17.9],[83.5,17.9],[83.5,18.0],[83.6,18.0],[83.6,18.1],[83.8,18.1],[83.8,18.2],[83.9,18.2],[83.9,18.3],[84.1,18.3],[84.1,18.4],[84.2,18.4],[84.2,18.5],[84.3,18.5],[84.3,18.6],[84.4,18.6],[84.4,18.7],[84.5,18.7],[84.5,18.8],[84.6,18.8],[84.6,18.9],[84.7,18.9],[84.7,19.1],[84.8,19.1],[84.8,19.2],[84.9,19.2],[84.9,19.3],[85.0,19.3],[85.0,19.4],[85.1,19.4],[85.1,19.5],[85.2,19.5],[85.2,19.6],[85.4,19.6],[85.4,19.7],[85.6,19.7],[85.6,19.8],[85.9,19.8],[85.9,19.9],[86.3,19.9],[86.3,20.0],[86.4,20.0],[86.4,20.1],[86.5,20.1],[86.5,20.2],[86.6,20.2],[86.6,20.3],[86.8,20.3],[86.8,20.4],[86.9,20.4],[86.9,20.6],[87.0,20.6],[87.0,21.0],[86.9,21.0],[86.9,21.4],[87.0,21.4],[87.0,21.5],[87.1,21.5],[87.1,21.6],[87.5,21.6],[87.5,21.7],[87.8,21.7],[87.8,21.8],[88.1,21.8],[88.1,21.7],[88.2,21.7],[88.2,21.6],[89.0,21.6],[89.0,21.7],[89.4,21.7],[89.4,21.8],[89.7,21.8],[89.7,21.9],[89.9,21.9],[89.9,22.0],[90.0,22.0],[90.0,21.9],[90.7,21.9],[90.7,22.0],[90.8,22.0],[90.8,22.1],[91.0,22.1],[91.0,22.2],[91.1,22.2],[91.1,22.5],[91.2,22.5],[91.2,22.6],[91.7,22.6],[91.7,22.5],[91.8,22.5],[91.8,21.8],[91.9,21.8],[91.9,21.5],[92.0,21.5],[92.0,21.3],[92.1,21.3],[92.1,21.1],[92.2,21.1],[92.2,21.0],[92.3,21.0],[92.3,20.8],[92.4,20.8],[92.4,20.7],[92.5,20.7],[92.5,20.6],[92.6,20.6],[92.6,20.5],[92.7,20.5],[92.7,20.3],[92.8,20.3],[92.8,20.2],[92.9,20.2],[92.9,20.0],[93.0,20.0],[93.0,19.9],[93.4,19.9],[93.4,19.8],[93.5,19.8],[93.5,19.7],[93.6,19.7],[93.6,19.5],[93.5,19.5],[93.5,19.3],[93.6,19.3],[93.6,18.9],[93.7,18.9],[93.7,18.8],[94.1,18.8],[94.1,18.7],[94.2,18.7],[94.2,18.5],[94.3,18.5],[94.3,18.3],[94.4,18.3],[94.4,18.1],[94.5,18.1],[94.5,17.7],[94.6,17.7],[94.6,17.4],[94.5,17.4],[94.5,17.3],[94.4,17.3],[94.4,16.7],[94.3,16.7],[94.3,16.5],[94.2,16.5],[94.2,16.1],[94.3,16.1],[94.3,16.0],[94.5,16.0],[94.5,15.9],[94.7,15.9],[94.7,15.8],[95.5,15.8],[95.5,15.9],[95.6,15.9],[95.6,16.0],[95.7,16.0],[95.7,16.1],[95.8,16.1],[95.8,16.2],[95.9,16.2],[95.9,16.3],[96.0,16.3],[96.0,16.4],[96.4,16.4],[96.4,16.5],[96.5,16.5],[96.5,16.6],[96.7,16.6],[96.7,16.7],[96.8,16.7],[96.8,16.8],[96.9,16.8],[96.9,16.9],[97.0,16.9],[97.0,17.0],[97.2,17.0],[97.2,16.9],[97.3,16.9],[97.3,16.6],[97.4,16.6],[97.4,16.5],[97.5,16.5],[97.5,16.3],[97.6,16.3],[97.6,16.0],[97.7,16.0],[97.7,15.3],[97.8,15.3],[97.8,14.8],[97.9,14.8],[97.9,14.6],[98.0,14.6],[98.0,14.3],[98.1,14.3],[98.1,14.0],[98.0,14.0],[98.0,13.8],[98.1,13.8],[98.1,13.7],[98.3,13.7],[98.3,13.6],[98.4,13.6],[98.4,13.5],[98.5,13.5],[98.5,13.2],[98.6,13.2],[98.6,12.8],[98.5,12.8],[98.5,12.7],[98.2,12.7],[98.2,12.6],[98.1,12.6],[98.1,12.5],[98.0,12.5],[98.0,12.4],[98.1,12.4],[98.1,12.3],[98.3,12.3],[98.3,12.2],[98.4,12.2],[98.4,12.1],[98.3,12.1],[98.3,11.9],[98.2,11.9],[98.2,11.6],[98.5,11.6],[98.5,11.5],[98.6,11.5],[98.6,11.1],[98.5,11.1],[98.5,11.0],[98.4,11.0],[98.4,10.8],[98.5,10.8],[98.5,10.1],[98.4,10.1],[98.4,9.5]],[[98.4,9.5],[98.5,9.5]],[[98.5,9.5],[98.5,9.7]],[[98.5,9.7],[98.7,9.7]],[[98.7,9.7],[98.7,9.8]],[[98.7,9.8],[98.8,9.8]],[[98.8,9.8],[98.8,10.7]],[[98.8,10.7],[98.9,10.7]],[[98.9,10.7],[98.9,11.5]],[[98.9,11.5],[99.0,11.5]],[[99.0,11.5],[99.0,11.8]],[[99.0,11.8],[99.1,11.8]],[[99.1,11.8],[99.1,13.8]],[[99.1,13.8],[99.0,13.8]],[[99.0,13.8],[99.0,14.0]],[[99.0,14.0],[98.9,14.0]],[[98.9,14.0],[98.9,14.5]],[[98.9,14.5],[98.8,14.5]],[[98.8,14.5],[98.8,14.7]],[[98.8,14.7],[98.7,14.7]],[[98.7,14.7],[98.7,15.2]],[[98.7,15.2],[98.6,15.2]],[[98.6,15.2],[98.6,15.4]],[[98.6,15.4],[98.5,15.4]],[[98.5,15.4],[98.5,15.6]],[[98.5,15.6],[98.4,15.6]],[[98.4,15.6],[98.4,16.0]],[[98.4,16.0],[98.3,16.0]],[[98.3,16.0],[98.3,16.4]],[[98.3,16.4],[98.2,16.4]],[[98.2,16.4],[98.2,16.6]],[[98.2,16.6],[98.1,16.6]],[[98.1,16.6],[98.1,16.9]],[[98.1,16.9],[98.0,16.9]],[[98.0,16.9],[98.0,17.1]],[[98.0,17.1],[97.9,17.1]],[[97.9,17.1],[97.9,17.4]],[[97.9,17.4],[97.8,17.4]],[[97.8,17.4],[97.8,17.5]],[[97.8,17.5],[97.6,17.5]],[[97.6,17.5],[97.6,18.0]],[[97.6,18.0],[97.9,18.0]],[[97.9,18.0],[97.9,18.1]],[[97.9,18.1],[98.0,18.1]],[[98.0,18.1],[98.0,18.3]],[[98.0,18.3],[98.1,18.3]],[[98.1,18.3],[98.1,20.5]],[[98.1,20.5],[98.0,20.5]],[[98.0,20.5],[98.0,20.8]],[[98.0,20.8],[97.9,20.8]],[[97.9,20.8],[97.9,21.2]],[[97.9,21.2],[98.0,21.2]],[[98.0,21.2],[98.0,21.4]],[[98.0,21.4],[98.1,21.4]],[[98.1,21.4],[98.1,21.6]],[[98.1,21.6],[98.2,21.6]],[[98.2,21.6],[98.2,21.7]],[[98.2,21.7],[98.3,21.7]],[[98.3,21.7],[98.3,21.9]],[[98.3,21.9],[98.4,21.9]],[[98.4,21.9],[98.4,22.1]],[[98.4,22.1],[98.5,22.1]],[[98.5,22.1],[98.5,22.2]],[[98.5,22.2],[98.6,22.2]],[[98.6,22.2],[98.6,22.5]],[[98.6,22.5],[98.7,22.5]],[[98.7,22.5],[98.7,22.8]],[[98.7,22.8],[99.3,22.8]],[[99.3,22.8],[99.3,22.7]],[[99.3,22.7],[99.5,22.7]],[[99.5,22.7],[99.5,22.6]],[[99.5,22.6],[99.7,22.6]],[[99.7,22.6],[99.7,22.5]],[[99.7,22.5],[99.9,22.5]],[[99.9,22.5],[99.9,22.4]],[[99.9,22.4],[100.2,22.4]],[[100.2,22.4],[100.2,22.6]],[[100.2,22.6],[100.4,22.6]],[[100.4,22.6],[100.4,22.7]],[[100.4,22.7],[100.6,22.7]],[[100.6,22.7],[100.6,22.8]],[[100.6,22.8],[101.0,22.8]],[[101.0,22.8],[101.0,22.9]],[[101.0,22.9],[101.1,22.9]],[[101.1,22.9],[101.1,23.0]],[[101.1,23.0],[101.4,23.0]],[[101.4,23.0],[101.4,23.1]],[[101.4,23.1],[101.8,23.1]],[[101.8,23.1],[101.8,23.3]],[[101.8,23.3],[101.7,23.3]],[[101.7,23.3],[101.7,23.4]],[[101.7,23.4],[101.6,23.4]],[[101.6,23.4],[101.6,23.5]],[[101.6,23.5],[101.5,23.5]],[[101.5,23.5],[101.5,23.7]],[[101.5,23.7],[101.4,23.7]],[[101.4,23.7],[101.4,23.8]],[[101.4,23.8],[101.2,23.8]],[[101.2,23.8],[101.2,23.9]],[[101.2,23.9],[101.1,23.9]],[[101.1,23.9],[101.1,24.0]],[[101.1,24.0],[101.0,24.0]],[[101.0,24.0],[101.0,24.1]],[[101.0,24.1],[100.8,24.1]],[[100.8,24.1],[100.8,24.2]],[[100.8,24.2],[100.7,24.2]],[[100.7,24.2],[100.7,24.3]],[[100.7,24.3],[100.6,24.3]],[[100.6,24.3],[100.6,24.4]],[[100.6,24.4],[100.5,24.4]],[[100.5,24.4],[100.5,24.5]],[[100.5,24.5],[100.4,24.5]],[[100.4,24.5],[100.4,24.6]],[[100.4,24.6],[100.3,24.6]],[[100.3,24.6],[100.3,24.7]],[[100.3,24.7],[100.2,24.7]],[[100.2,24.7],[100.2,24.8]],[[100.2,24.8],[100.1,24.8]],[[100.1,24.8],[100.1,24.9]],[[100.1,24.9],[100.0,24.9]],[[100.0,24.9],[100.0,25.0]],[[100.0,25.0],[99.9,25.0]],[[99.9,25.0],[99.9,25.2]],[[99.9,25.2],[99.8,25.2]],[[99.8,25.2],[99.8,25.3]],[[99.8,25.3],[99.7,25.3]],[[99.7,25.3],[99.7,25.4]],[[99.7,25.4],[99.6,25.4]],[[99.6,25.4],[99.6,25.5]],[[99.6,25.5],[99.5,25.5]],[[99.5,25.5],[99.5,25.6]],[[99.5,25.6],[99.4,25.6]],[[99.4,25.6],[99.4,25.8]],[[99.4,25.8],[99.3,25.8]],[[99.3,25.8],[99.3,26.1]],[[99.3,26.1],[99.2,26.1]],[[99.2,26.1],[99.2,26.4]],[[99.2,26.4],[99.1,26.4]],[[99.1,26.4],[99.1,26.6]],[[99.1,26.6],[99.0,26.6]],[[99.0,26.6],[99.0,27.0]],[[99.0,27.0],[98.9,27.0]],[[98.9,27.0],[98.9,27.3]],[[98.9,27.3],[98.8,27.3]],[[98.8,27.3],[98.8,27.5]],[[98.8,27.5],[98.7,27.5]],[[98.7,27.5],[98.7,27.8]],[[98.7,27.8],[98.6,27.8]],[[98.6,27.8],[98.6,28.0]],[[98.6,28.0],[98.5,28.0]],[[98.5,28.0],[98.5,28.2]],[[98.5,28.2],[98.4,28.2]],[[98.4,28.2],[98.4,28.5]],[[98.4,28.5],[98.3,28.5]],[[98.3,28.5],[98.3,28.4]],[[98.3,28.4],[98.1,28.4]],[[98.1,28.4],[98.1,28.3]],[[98.1,28.3],[96.8,28.3]],[[96.8,28.3],[96.8,28.4]],[[96.8,28.4],[96.6,28.4]],[[96.6,28.4],[96.6,28.5]],[[96.6,28.5],[95.5,28.5]],[[95.5,28.5],[95.5,28.4]],[[95.5,28.4],[94.1,28.4]],[[94.1,28.4],[94.1,28.3]],[[94.1,28.3],[93.3,28.3]],[[93.3,28.3],[93.3,28.2]],[[93.3,28.2],[92.4,28.2]],[[92.4,28.2],[92.4,28.1]],[[92.4,28.1],[91.9,28.1]],[[91.9,28.1],[91.9,28.0]],[[91.9,28.0],[91.7,28.0]],[[91.7,28.0],[91.7,27.9]],[[91.7,27.9],[91.4,27.9]],[[91.4,27.9],[91.4,27.8]],[[91.4,27.8],[91.0,27.8]],[[91.0,27.8],[91.0,27.7]],[[91.0,27.7],[90.8,27.7]],[[90.8,27.7],[90.8,27.6]],[[90.8,27.6],[90.4,27.6]],[[90.4,27.6],[90.4,27.4]],[[90.4,27.4],[90.5,27.4]],[[90.5,27.4],[90.5,27.3]],[[90.5,27.3],[90.6,27.3]],[[90.6,27.3],[90.6,26.4]],[[90.6,26.4],[90.5,26.4]],[[89.9,24.3],[89.7,24.3],[89.7,24.7],[89.9,24.7],[89.9,24.3]],[[67.9,24.0],[67.7,24.0],[67.7,24.1],[67.6,24.1],[67.6,24.2],[67.7,24.2],[67.7,24.3],[67.9,24.3],[67.9,24.0]],[[114.4,22.3],[114.4,22.4],[114.5,22.4],[114.5,22.5],[114.7,22.5],[114.7,22.6]],[[114.7,22.6],[114.7,22.7]],[[114.7,22.7],[114.5,22.7]],[[114.5,22.7],[114.5,22.8]],[[114.5,22.8],[114.0,22.8]],[[114.0,22.8],[114.0,22.7]],[[114.0,22.7],[113.9,22.7]],[[113.9,22.7],[113.9,22.6]],[[113.9,22.6],[113.9,22.2],[114.0,22.2],[114.0,22.1],[114.2,22.1],[114.2,22.2],[114.3,22.2],[114.3,22.3],[114.4,22.3]],[[98.4,0.1],[98.4,0.0]],[[98.7,0.0],[98.7,0.2],[98.5,0.2],[98.5,0.1],[98.4,0.1]],[[104.6,0.2],[104.6,0.4],[104.3,0.4],[104.3,0.2],[104.4,0.2],[104.4,0.1],[104.5,0.1],[104.5,0.0]],[[104.8,0.0],[104.8,0.1],[104.7,0.1],[104.7,0.2],[104.6,0.2]],[[120.1,0.9],[120.1,0.8],[120.0,0.8],[120.0,0.6],[119.9,0.6],[119.9,0.3],[119.8,0.3],[119.8,0.0]],[[120.1,0.0],[120.1,0.1],[120.2,0.1],[120.2,0.3],[120.3,0.3],[120.3,0.4],[120.4,0.4],[120.4,0.5],[120.5,0.5],[120.5,0.6],[120.7,0.6],[120.7,0.5],[123.1,0.5],[123.1,0.4],[124.3,0.4],[124.3,0.5],[124.5,0.5],[124.5,0.6],[124.6,0.6],[124.6,0.7],[124.7,0.7],[124.7,0.9],[124.8,0.9],[124.8,1.0],[124.9,1.0],[124.9,1.1],[125.0,1.1],[125.0,1.2],[125.1,1.2],[125.1,1.4],[125.2,1.4],[125.2,1.5],[125.3,1.5],[125.3,1.7],[125.2,1.7],[125.2,1.8],[124.9,1.8],[124.9,1.7],[124.8,1.7],[124.8,1.6],[124.7,1.6],[124.7,1.5],[124.6,1.5],[124.6,1.4],[124.5,1.4],[124.5,1.3],[124.4,1.3],[124.4,1.2],[124.3,1.2],[124.3,1.1],[124.2,1.1],[124.2,1.0],[123.2,1.0],[123.2,1.1],[122.9,1.1],[122.9,1.0],[122.7,1.0],[122.7,1.1],[122.2,1.1],[122.2,1.2],[121.6,1.2],[121.6,1.3],[121.4,1.3],[121.4,1.4],[120.9,1.4],[120.9,1.3],[120.8,1.3],[120.8,1.2],[120.7,1.2],[120.7,1.1],[120.6,1.1],[120.6,1.0],[120.2,1.0],[120.2,0.9],[120.1,0.9]],[[97.8,1.2],[97.8,1.3],[97.7,1.3],[97.7,1.4],[97.6,1.4],[97.6,1.5],[97.5,1.5],[97.5,1.6],[97.3,1.6],[97.3,1.5],[97.2,1.5],[97.2,1.3],[97.3,1.3],[97.3,1.2],[97.4,1.2],[97.4,1.0],[97.5,1.0],[97.5,0.9],[97.6,0.9],[97.6,0.8],[97.7,0.8],[97.7,0.7],[97.8,0.7],[97.8,0.8],[97.9,0.8],[97.9,1.2],[97.8,1.2]],[[127.5,1.4],[127.4,1.4],[127.4,0.6],[127.5,0.6],[127.5,0.5],[127.6,0.5],[127.6,0.3],[127.7,0.3],[127.7,0.0]],[[127.9,0.0],[127.9,0.2],[128.0,0.2],[128.0,0.4],[128.1,0.4],[128.1,0.5],[128.3,0.5],[128.3,0.4],[128.6,0.4],[128.6,0.7],[128.5,0.7],[128.5,0.8],[128.4,0.8],[128.4,0.9],[128.5,0.9],[128.5,1.0],[128.6,1.0],[128.6,1.1],[128.7,1.1],[128.7,1.2],[128.8,1.2],[128.8,1.6],[128.7,1.6],[128.7,1.7],[128.5,1.7],[128.5,1.6],[128.3,1.6],[128.3,1.5],[128.1,1.5],[128.1,1.8],[128.0,1.8],[128.0,2.1],[128.1,2.1],[128.1,2.2],[128.3,2.2],[128.3,2.1],[128.5,2.1],[128.5,2.2],[128.6,2.2],[128.6,2.3],[128.7,2.3],[128.7,2.6],[128.6,2.6],[128.6,2.7],[128.4,2.7],[128.4,2.6],[128.3,2.6],[128.3,2.5],[128.2,2.5],[128.2,2.4],[128.1,2.4],[128.1,2.3],[127.9,2.3],[127.9,2.2],[127.8,2.2],[127.8,2.1],[127.7,2.1],[127.7,1.9],[127.6,1.9],[127.6,1.8],[127.5,1.8],[127.5,1.4]],[[99.2,0.4],[99.2,0.3],[99.4,0.3],[99.4,0.2],[99.6,0.2],[99.6,0.1],[99.7,0.1],[99.7,0.0]],[[103.9,0.0],[103.9,0.1],[103.8,0.1],[103.8,0.3],[103.7,0.3],[103.7,0.4],[103.6,0.4],[103.6,0.8],[103.7,0.8]],[[103.7,1.0],[103.1,1.0],[103.1,1.1],[103.0,1.1],[103.0,1.2],[102.9,1.2],[102.9,1.3],[102.6,1.3],[102.6,1.4],[102.5,1.4],[102.5,1.6],[102.4,1.6],[102.4,1.7],[101.9,1.7],[101.9,1.8],[101.8,1.8],[101.8,2.1],[101.7,2.1],[101.7,2.2],[101.5,2.2],[101.5,2.1],[101.3,2.1],[101.3,2.2],[101.2,2.2],[101.2,2.3],[101.1,2.3],[101.1,2.4],[100.9,2.4],[100.9,2.3],[100.5,2.3],[100.5,2.4],[100.4,2.4],[100.4,2.7],[100.3,2.7],[100.3,2.8],[100.1,2.8],[100.1,2.9],[100.0,2.9],[100.0,3.0],[99.9,3.0],[99.9,3.2],[99.8,3.2],[99.8,3.3],[99.6,3.3],[99.6,3.4],[99.5,3.4],[99.5,3.5],[99.3,3.5],[99.3,3.6],[99.2,3.6],[99.2,3.7],[99.1,3.7],[99.1,3.8],[98.8,3.8],[98.8,3.9],[98.7,3.9]],[[98.7,3.9],[98.7,3.5]],[[98.7,3.5],[98.6,3.5]],[[98.6,3.5],[98.6,3.2]],[[98.6,3.2],[98.5,3.2]],[[98.5,3.2],[98.5,3.0]],[[98.5,3.0],[98.4,3.0]],[[98.4,3.0],[98.4,2.7]],[[98.4,2.7],[98.3,2.7]],[[98.3,2.7],[98.3,2.5]],[[98.3,2.5],[98.2,2.5]],[[98.2,2.5],[98.2,2.3]],[[98.2,2.3],[98.1,2.3]],[[98.1,2.3],[98.1,2.2],[98.2,2.2],[98.2,2.1],[98.5,2.1],[98.5,2.0],[98.6,2.0],[98.6,1.9],[98.7,1.9],[98.7,1.7],[98.8,1.7],[98.8,1.3],[98.9,1.3],[98.9,1.0],[99.0,1.0],[99.0,0.7],[99.1,0.7],[99.1,0.4],[99.2,0.4]],[[108.9,1.3],[108.9,0.4],[109.0,0.4],[109.0,0.3],[109.1,0.3],[109.1,0.2],[109.2,0.2],[109.2,0.0]],[[117.6,0.0],[117.6,0.5],[117.7,0.5],[117.7,0.7],[117.8,0.7],[117.8,0.8],[118.0,0.8],[118.0,0.9],[118.9,0.9],[118.9,1.2],[118.8,1.2],[118.8,1.3],[118.7,1.3],[118.7,1.4],[118.6,1.4],[118.6,1.5],[118.5,1.5],[118.5,1.6],[118.3,1.6],[118.3,1.7],[118.2,1.7],[118.2,1.8],[118.1,1.8],[118.1,1.9],[118.0,1.9],[118.0,2.2],[118.1,2.2],[118.1,2.5],[118.0,2.5],[118.0,2.6],[117.9,2.6],[117.9,2.7],[117.8,2.7],[117.8,3.0],[117.7,3.0],[117.7,3.1],[117.6,3.1],[117.6,3.4],[117.7,3.4],[117.7,3.5],[117.8,3.5],[117.8,3.9]],[[110.3,1.8],[109.9,1.8],[109.9,1.9],[109.8,1.9],[109.8,2.0],[109.7,2.0],[109.7,2.1],[109.4,2.1],[109.4,2.0],[109.3,2.0],[109.3,1.8],[109.2,1.8],[109.2,1.7],[109.1,1.7],[109.1,1.6],[109.0,1.6],[109.0,1.3],[108.9,1.3]],[[96.1,2.6],[96.1,2.5],[96.3,2.5],[96.3,2.7],[96.2,2.7],[96.2,2.8],[96.1,2.8],[96.1,2.9],[95.8,2.9],[95.8,2.7],[95.9,2.7],[95.9,2.6],[96.1,2.6]],[[90.4,27.6],[90.0,27.6]],[[90.0,27.6],[89.3,27.6]],[[89.3,27.6],[89.3,27.7]],[[89.3,27.7],[89.0,27.7]],[[89.0,27.7],[89.0,27.8]],[[89.0,27.8],[88.8,27.8]],[[88.8,27.8],[88.8,27.9]],[[88.8,27.9],[88.6,27.9]],[[88.6,27.9],[88.6,28.0]],[[88.6,28.0],[88.5,28.0]],[[89.9,26.1],[90.0,26.1],[90.0,25.9]],[[96.1,5.4],[96.1,5.5],[95.9,5.5],[95.9,5.6],[95.8,5.6],[95.8,5.7],[95.5,5.7],[95.5,5.8],[95.2,5.8],[95.2,5.3],[95.3,5.3],[95.3,5.1],[95.4,5.1],[95.4,4.9],[95.5,4.9],[95.5,4.8],[95.6,4.8],[95.6,4.7],[95.7,4.7],[95.7,4.6],[95.8,4.6],[95.8,4.5],[95.9,4.5],[95.9,4.4],[96.0,4.4],[96.0,4.3],[96.1,4.3],[96.1,4.2],[96.2,4.2],[96.2,4.1],[96.3,4.1],[96.3,4.0],[96.4,4.0],[96.4,3.9],[96.5,3.9],[96.5,3.8],[96.9,3.8],[96.9,3.7],[97.0,3.7],[97.0,3.5],[97.1,3.5],[97.1,3.4],[97.2,3.4],[97.2,3.3],[97.3,3.3],[97.3,3.1],[97.4,3.1],[97.4,3.0],[97.5,3.0],[97.5,2.9],[97.6,2.9],[97.6,2.6],[97.7,2.6],[97.7,2.4],[97.8,2.4],[97.8,2.3],[98.1,2.3]],[[98.7,3.9],[98.7,4.0],[98.6,4.0],[98.6,4.1],[98.4,4.1],[98.4,4.2],[98.3,4.2],[98.3,4.5],[98.2,4.5],[98.2,4.6],[98.1,4.6],[98.1,4.7],[98.0,4.7],[98.0,4.9],[97.9,4.9],[97.9,5.0],[97.8,5.0],[97.8,5.1],[97.7,5.1],[97.7,5.2],[97.6,5.2],[97.6,5.3],[97.1,5.3],[97.1,5.4],[96.7,5.4],[96.7,5.3],[96.3,5.3],[96.3,5.4],[96.1,5.4]],[[128.0,26.4],[128.0,26.6],[128.2,26.6],[128.2,26.7],[128.3,26.7],[128.3,26.8],[128.4,26.8],[128.4,27.0],[128.2,27.0],[128.2,26.9],[128.0,26.9],[128.0,26.8],[127.9,26.8],[127.9,26.9],[127.7,26.9],[127.7,26.8],[127.8,26.8],[127.8,26.6],[127.7,26.6],[127.7,26.4],[127.6,26.4],[127.6,26.3],[127.7,26.3],[127.7,26.2],[127.8,26.2],[127.8,26.3],[127.9,26.3],[127.9,26.4],[128.0,26.4]],[[129.2,28.4],[129.2,28.3],[129.3,28.3],[129.3,28.2],[129.5,28.2],[129.5,28.3],[129.6,28.3],[129.6,28.5],[129.3,28.5],[129.3,28.4],[129.2,28.4]],[[129.0,33.1],[129.0,33.0],[128.9,33.0],[128.9,32.8],[129.0,32.8],[129.0,32.9],[129.1,32.9],[129.1,33.1],[129.0,33.1]],[[132.4,33.9],[132.4,34.0],[132.6,34.0],[132.6,34.2],[132.9,34.2]],[[132.9,34.2],[132.9,34.3],[133.3,34.3],[133.3,34.4],[133.8,34.4]],[[133.8,34.4],[133.8,34.5],[134.2,34.5],[134.2,34.6],[134.4,34.6],[134.4,34.7],[134.5,34.7],[134.5,34.8],[134.8,34.8],[134.8,34.7],[135.0,34.7],[135.1,34.7],[135.1,34.6],[135.2,34.6],[135.2,34.4],[135.1,34.4],[135.1,33.9],[135.2,33.9],[135.2,33.8],[135.3,33.8],[135.3,33.7],[135.4,33.7],[135.4,33.6],[135.6,33.6],[135.6,33.5],[135.9,33.5],[135.9,33.6],[136.0,33.6],[136.0,33.7],[136.1,33.7],[136.1,33.9],[136.2,33.9],[136.2,34.0],[136.3,34.0],[136.3,34.2],[136.4,34.2],[136.4,34.3],[136.9,34.3],[136.9,34.6],[136.7,34.6],[136.7,34.9],[136.9,34.9],[136.9,34.8],[137.0,34.8],[137.0,34.7],[138.2,34.7],[138.2,34.8],[138.3,34.8],[138.3,34.9],[138.4,34.9],[138.4,35.0],[138.5,35.0],[138.5,35.1],[138.7,35.1],[138.7,35.0],[138.8,35.0],[138.8,34.8],[139.1,34.8],[139.1,34.9],[139.2,34.9],[139.2,35.3],[139.3,35.3],[139.3,35.4],[139.5,35.4],[139.5,35.3],[139.8,35.3]],[[139.8,35.3],[139.8,35.1],[140.2,35.1],[140.2,35.2],[140.3,35.2],[140.3,35.3],[140.4,35.3],[140.4,35.5],[140.5,35.5],[140.5,35.6],[140.6,35.6],[140.6,35.7],[140.7,35.7],[140.7,35.8],[140.8,35.8],[140.8,36.0],[140.7,36.0],[140.7,36.2],[140.6,36.2],[140.6,36.4],[140.7,36.4],[140.7,36.7],[140.8,36.7],[140.8,36.9],[140.9,36.9],[140.9,37.0],[141.0,37.0],[141.0,37.1],[141.1,37.1],[141.1,37.8],[141.0,37.8],[141.0,38.3],[141.1,38.3],[141.1,38.4],[141.5,38.4],[141.5,38.5],[141.6,38.5],[141.6,38.9],[141.7,38.9],[141.7,39.0],[141.8,39.0],[141.8,39.1],[141.9,39.1],[141.9,39.2],[142.0,39.2],[142.0,39.4],[142.1,39.4],[142.1,39.8],[142.0,39.8],[142.0,40.1],[141.9,40.1],[141.9,40.3],[141.8,40.3],[141.8,40.5],[141.7,40.5],[141.7,40.6],[141.6,40.6],[141.6,40.7],[141.5,40.7],[141.5,40.9],[141.4,40.9],[141.4,41.4],[141.3,41.4],[141.3,41.5],[141.1,41.5],[141.1,41.6],[140.9,41.6],[140.9,41.5],[140.8,41.5],[140.8,41.3],[140.9,41.3],[140.9,41.2],[141.0,41.2],[141.0,41.0],[140.8,41.0],[140.8,41.1],[140.7,41.1],[140.7,41.2],[140.6,41.2],[140.6,41.3],[140.4,41.3],[140.4,41.2],[140.3,41.2],[140.3,40.9],[140.2,40.9],[140.2,40.8],[140.0,40.8],[140.0,40.7],[139.9,40.7],[139.9,40.5],[140.0,40.5],[140.0,40.2],[139.9,40.2],[139.9,39.9],[140.0,39.9],[140.0,39.8],[140.1,39.8],[140.1,39.5],[140.0,39.5],[140.0,39.4],[139.9,39.4],[139.9,39.1],[139.8,39.1],[139.8,38.9],[139.7,38.9],[139.7,38.8],[139.6,38.8],[139.6,38.6],[139.5,38.6],[139.5,38.4],[139.4,38.4],[139.4,38.2],[139.3,38.2],[139.3,38.1],[139.2,38.1],[139.2,38.0],[138.9,38.0],[138.9,37.9],[138.8,37.9],[138.8,37.7],[138.7,37.7],[138.7,37.6],[138.6,37.6],[138.6,37.5],[138.5,37.5],[138.5,37.4],[138.4,37.4],[138.4,37.3],[138.2,37.3],[138.2,37.2],[138.0,37.2],[138.0,37.1],[137.6,37.1],[137.6,37.0],[137.4,37.0],[137.4,36.9],[137.2,36.9],[137.2,37.0],[137.1,37.0],[137.1,37.2],[137.2,37.2],[137.2,37.5],[136.8,37.5],[136.8,37.4],[136.7,37.4],[136.7,37.1],[136.8,37.1],[136.8,36.9],[136.7,36.9],[136.7,36.7],[136.6,36.7],[136.6,36.6],[136.5,36.6],[136.5,36.5],[136.3,36.5],[136.3,36.4],[136.2,36.4],[136.2,36.3],[136.1,36.3],[136.1,36.2],[136.0,36.2],[136.0,35.8],[135.9,35.8],[135.9,35.7],[135.7,35.7],[135.7,35.6],[135.5,35.6],[135.5,35.7],[135.4,35.7],[135.4,35.8],[135.0,35.8],[135.0,35.7],[134.3,35.7],[134.3,35.6],[133.4,35.6],[133.4,35.7],[133.0,35.7],[133.0,35.6],[132.8,35.6],[132.8,35.5],[132.7,35.5],[132.7,35.4],[132.6,35.4],[132.6,35.3],[132.4,35.3],[132.4,35.2],[132.3,35.2],[132.3,35.1],[132.2,35.1],[132.2,35.0],[132.0,35.0],[132.0,34.9],[131.9,34.9],[131.9,34.8],[131.6,34.8],[131.6,34.7],[131.5,34.7],[131.5,34.6],[131.4,34.6],[131.4,34.5],[131.0,34.5],[131.0,34.4],[130.9,34.4],[130.9,34.0],[130.5,34.0],[130.5,33.9],[130.4,33.9],[130.4,33.8],[130.2,33.8],[130.2,33.7],[130.1,33.7],[130.1,33.6],[129.9,33.6],[129.9,33.7],[129.7,33.7],[129.7,33.5],[129.5,33.5],[129.5,33.4],[129.6,33.4],[129.6,33.0],[129.7,33.0],[129.7,32.8],[129.8,32.8],[129.8,32.7],[130.0,32.7],[130.0,32.8],[129.9,32.8],[129.9,33.0],[130.1,33.0],[130.1,32.7],[130.3,32.7],[130.3,32.9],[130.4,32.9],[130.4,33.0],[130.3,33.0],[130.3,33.1],[130.2,33.1],[130.2,33.2],[130.4,33.2],[130.4,33.1],[130.5,33.1],[130.5,32.9],[130.6,32.9],[130.6,32.8],[130.5,32.8],[130.5,32.7],[130.4,32.7],[130.4,32.6],[130.2,32.6],[130.2,32.5],[130.1,32.5],[130.1,32.1],[130.2,32.1],[130.2,31.8],[130.3,31.8],[130.3,31.5],[130.2,31.5],[130.2,31.4],[130.3,31.4],[130.3,31.3],[130.5,31.3],[130.5,31.2],[130.7,31.2],[130.7,31.4],[130.6,31.4],[130.6,31.6],[130.7,31.6],[130.7,31.5],[130.8,31.5],[130.8,31.6],[130.9,31.6],[130.9,31.5],[131.0,31.5],[131.0,31.4],[130.8,31.4],[130.8,31.2],[131.1,31.2],[131.1,31.3],[131.2,31.3],[131.2,31.4],[131.4,31.4],[131.4,31.5],[131.5,31.5],[131.5,32.1],[131.6,32.1],[131.6,32.4],[131.7,32.4],[131.7,32.5],[131.8,32.5],[131.8,32.7],[131.9,32.7],[131.9,32.8],[132.0,32.8],[132.0,33.3],[131.9,33.3],[131.9,33.4],[131.8,33.4],[131.8,33.7],[131.7,33.7],[131.7,33.8],[131.5,33.8],[131.5,33.7],[131.2,33.7],[131.2,33.9],[131.1,33.9],[131.1,34.0],[131.9,34.0],[131.9,33.9],[132.0,33.9],[132.0,33.8],[132.3,33.8],[132.3,33.9],[132.4,33.9]],[[139.9,35.3],[139.8,35.3]],[[139.8,35.3],[139.8,35.4],[139.7,35.4],[139.7,35.5],[139.8,35.5],[139.8,35.7],[140.1,35.7],[140.1,35.6],[140.0,35.6],[140.0,35.5],[139.9,35.5],[139.9,35.3]],[[134.2,34.4],[134.2,34.3],[133.9,34.3],[133.9,34.4],[133.8,34.4]],[[133.8,34.4],[133.8,34.3],[133.6,34.3],[133.6,34.1],[133.3,34.1],[133.3,34.2],[132.9,34.2]],[[132.9,34.2],[132.9,34.1],[132.8,34.1],[132.8,34.0],[132.7,34.0],[132.7,33.8],[132.6,33.8],[132.6,33.7],[132.4,33.7],[132.4,33.6],[132.3,33.6],[132.3,33.4],[132.4,33.4],[132.4,33.1],[132.5,33.1],[132.5,33.0],[132.6,33.0],[132.6,32.9],[132.7,32.9],[132.7,32.8],[133.0,32.8],[133.0,32.9],[133.1,32.9],[133.1,33.1],[133.2,33.1],[133.2,33.2],[133.3,33.2],[133.3,33.3],[133.4,33.3],[133.4,33.4],[133.5,33.4],[133.5,33.5],[133.6,33.5],[133.6,33.6],[133.9,33.6],[133.9,33.5],[134.0,33.5],[134.0,33.4],[134.2,33.4],[134.2,33.5],[134.3,33.5],[134.3,33.6],[134.4,33.6],[134.4,33.7],[134.6,33.7],[134.6,33.8],[134.7,33.8],[134.7,34.2]],[[134.7,34.2],[134.6,34.2],[134.6,34.3],[134.5,34.3],[134.5,34.4],[134.2,34.4]],[[134.8,34.5],[134.8,34.4],[134.7,34.4],[134.7,34.2]],[[134.7,34.2],[134.9,34.2],[134.9,34.3],[135.0,34.3],[135.0,34.6],[134.9,34.6],[134.9,34.5],[134.8,34.5]],[[129.8,34.4],[129.9,34.4],[129.9,34.6],[130.0,34.6],[130.0,34.7],[129.9,34.7],[129.9,34.8],[130.0,34.8],[130.0,35.0],[129.9,35.0],[129.9,34.9],[129.8,34.9],[129.8,34.7],[129.7,34.7],[129.7,34.3],[129.8,34.3],[129.8,34.4]],[[60.6,42.4],[60.6,42.5]],[[60.6,42.5],[60.3,42.5]],[[60.3,42.5],[60.3,42.6]],[[60.3,42.6],[60.1,42.6]],[[60.1,42.6],[60.1,42.7]],[[60.1,42.7],[60.0,42.7]],[[60.0,40.8],[60.2,40.8]],[[60.2,40.8],[60.2,40.7]],[[60.2,40.7],[60.4,40.7]],[[60.4,40.7],[60.4,40.6]],[[60.4,40.6],[60.7,40.6]],[[60.7,40.6],[60.7,40.5]],[[60.7,40.5],[60.8,40.5]],[[60.8,40.5],[60.8,40.4]],[[60.8,40.4],[61.3,40.4]],[[61.3,40.4],[61.3,40.3]],[[61.3,40.3],[61.5,40.3]],[[61.5,40.3],[61.5,40.4]],[[61.5,40.4],[61.6,40.4]],[[61.6,40.4],[61.6,40.8]],[[61.6,40.8],[61.7,40.8]],[[61.7,40.8],[61.7,41.2]],[[61.7,41.2],[61.8,41.2]],[[61.8,41.2],[61.8,41.3]],[[61.8,41.3],[61.8,41.4]],[[61.8,41.4],[61.7,41.4]],[[61.7,41.4],[61.7,41.6]],[[61.7,41.6],[61.6,41.6]],[[61.6,41.6],[61.6,41.7]],[[61.6,41.7],[61.5,41.7]],[[61.5,41.7],[61.5,41.9]],[[61.5,41.9],[61.4,41.9]],[[61.4,41.9],[61.4,42.0]],[[61.4,42.0],[61.3,42.0]],[[61.3,42.0],[61.3,42.1]],[[61.3,42.1],[61.2,42.1]],[[61.2,42.1],[61.2,42.2]],[[61.2,42.2],[61.0,42.2]],[[61.0,42.2],[61.0,42.3]],[[61.0,42.3],[60.9,42.3]],[[60.9,42.3],[60.9,42.4]],[[60.9,42.4],[60.6,42.4]],[[138.5,38.1],[138.6,38.1],[138.6,38.2],[138.5,38.2],[138.5,38.3],[138.6,38.3],[138.6,38.4],[138.4,38.4],[138.4,38.3],[138.3,38.3],[138.3,38.2],[138.2,38.2],[138.2,38.1],[138.3,38.1],[138.3,38.0],[138.2,38.0],[138.2,37.9],[138.4,37.9],[138.4,38.0],[138.5,38.0],[138.5,38.1]],[[143.0,44.7],[142.9,44.7],[142.9,44.8],[142.8,44.8],[142.8,44.9],[142.7,44.9],[142.7,45.0],[142.6,45.0],[142.6,45.1],[142.5,45.1],[142.5,45.2],[142.4,45.2],[142.4,45.3],[142.3,45.3],[142.3,45.4],[142.2,45.4],[142.2,45.5],[141.7,45.5],[141.7,45.4],[141.6,45.4],[141.6,45.1],[141.7,45.1],[141.7,45.0],[141.7,44.9],[141.8,44.9],[141.8,44.6],[141.7,44.6],[141.7,44.4],[141.6,44.4],[141.6,44.2],[141.7,44.2],[141.7,44.0],[141.6,44.0],[141.6,43.9],[141.4,43.9],[141.4,43.4],[141.3,43.4],[141.3,43.3],[140.7,43.3],[140.7,43.4],[140.5,43.4],[140.5,43.0],[140.4,43.0],[140.4,42.9],[140.1,42.9],[140.1,42.8],[140.0,42.8],[140.0,42.7],[139.9,42.7],[139.9,42.6],[139.8,42.6],[139.8,42.3],[139.9,42.3],[139.9,42.2],[140.0,42.2],[140.0,42.1],[140.1,42.1],[140.1,41.8],[140.0,41.8],[140.0,41.6],[140.1,41.6],[140.1,41.5],[140.4,41.5],[140.4,41.6],[140.5,41.6],[140.5,41.7],[140.6,41.7],[140.6,41.8],[141.0,41.8],[141.0,41.9],[141.1,41.9],[141.1,42.0],[141.0,42.0],[141.0,42.1],[140.9,42.1],[140.9,42.2],[140.5,42.2],[140.5,42.3],[140.4,42.3],[140.4,42.5],[140.5,42.5],[140.5,42.6],[140.8,42.6],[140.8,42.5],[140.9,42.5],[140.9,42.4],[141.2,42.4],[141.2,42.5],[141.4,42.5],[141.4,42.6],[141.6,42.6],[141.6,42.7],[141.8,42.7],[141.8,42.6],[142.0,42.6],[142.0,42.5],[142.2,42.5],[142.2,42.4],[142.4,42.4],[142.4,42.3],[142.7,42.3],[142.7,42.2],[143.0,42.2],[143.0,42.1],[143.3,42.1],[143.3,42.2],[143.4,42.2],[143.4,42.5],[143.5,42.5],[143.5,42.6],[143.6,42.6],[143.6,42.7],[143.7,42.7],[143.7,42.8],[143.9,42.8],[143.9,42.9],[144.0,42.9],[144.0,43.0],[145.1,43.0],[145.1,43.1],[145.2,43.1],[145.2,43.2],[145.4,43.2],[145.4,43.3],[145.5,43.3],[145.5,43.4],[145.4,43.4],[145.4,43.5],[145.3,43.5],[145.3,43.7],[145.2,43.7],[145.2,43.8],[145.1,43.8],[145.1,44.0],[145.2,44.0],[145.2,44.1],[145.1,44.1],[145.1,44.2],[145.0,44.2],[145.0,44.1],[144.8,44.1],[144.8,44.0],[144.4,44.0],[144.4,44.1],[144.3,44.1],[144.3,44.2],[143.9,44.2],[143.9,44.3],[143.6,44.3],[143.6,44.4],[143.4,44.4],[143.4,44.5],[143.2,44.5],[143.2,44.6],[143.0,44.6],[143.0,44.7]],[[145.9,44.0],[145.9,44.1],[146.0,44.1],[146.0,44.2],[146.1,44.2],[146.1,44.3],[146.3,44.3],[146.3,44.6],[146.1,44.6],[146.1,44.5],[146.0,44.5],[146.0,44.4],[145.9,44.4],[145.9,44.3],[145.8,44.3],[145.8,44.2],[145.7,44.2],[145.7,44.1],[145.6,44.1],[145.6,44.0],[145.5,44.0],[145.5,43.9],[145.8,43.9],[145.8,44.0],[145.9,44.0]],[[147.4,44.8],[147.6,44.8],[147.6,44.9],[147.7,44.9],[147.7,45.0],[148.0,45.0],[148.0,45.1],[148.1,45.1],[148.1,45.3],[148.0,45.3],[148.0,45.4],[147.8,45.4],[147.8,45.3],[147.7,45.3],[147.7,45.2],[147.6,45.2],[147.6,45.1],[147.4,45.1],[147.4,45.0],[147.3,45.0],[147.3,44.9],[147.2,44.9],[147.2,44.8],[147.1,44.8],[147.1,44.6],[147.3,44.6],[147.3,44.7],[147.4,44.7],[147.4,44.8]],[[148.6,45.6],[148.6,45.4],[148.7,45.4],[148.7,45.6],[148.6,45.6]],[[149.9,46.1],[149.9,46.0],[149.8,46.0],[149.8,45.9],[149.7,45.9],[149.7,45.7],[149.8,45.7],[149.8,45.8],[150.0,45.8]],[[150.0,46.1],[149.9,46.1]],[[113.5,22.0],[113.5,22.1],[113.6,22.1],[113.6,22.6]],[[113.6,22.6],[113.0,22.6]],[[113.0,22.6],[113.0,22.5]],[[113.0,22.5],[112.8,22.5]],[[112.8,22.5],[112.8,22.4]],[[112.8,22.4],[112.7,22.4]],[[112.7,22.4],[112.7,21.7]],[[112.7,21.7],[112.9,21.7],[112.9,21.8],[113.0,21.8],[113.0,21.9],[113.2,21.9],[113.2,22.0],[113.5,22.0]],[[60.3,36.0],[60.2,36.0]],[[60.2,36.0],[60.2,36.1]],[[60.2,36.1],[60.0,36.1]],[[60.0,25.4],[60.7,25.4],[60.7,25.3],[61.0,25.3]],[[61.0,35.2],[61.0,35.3]],[[61.0,35.3],[60.9,35.3]],[[60.9,35.3],[60.9,35.4]],[[60.9,35.4],[60.8,35.4]],[[60.8,35.4],[60.8,35.5]],[[60.8,35.5],[60.7,35.5]],[[60.7,35.5],[60.7,35.7]],[[60.7,35.7],[60.6,35.7]],[[60.6,35.7],[60.6,35.8]],[[60.6,35.8],[60.4,35.8]],[[60.4,35.8],[60.4,35.9]],[[60.4,35.9],[60.3,35.9]],[[60.3,35.9],[60.3,36.0]],[[126.8,33.4],[126.9,33.4],[126.9,33.5],[126.8,33.5],[126.8,33.6],[126.4,33.6],[126.4,33.5],[126.3,33.5],[126.3,33.4],[126.4,33.4],[126.4,33.3],[126.8,33.3],[126.8,33.4]],[[129.7,41.8],[129.6,41.8]],[[129.6,41.8],[129.6,41.9]],[[129.6,41.9],[129.4,41.9]],[[129.4,41.9],[129.4,42.0]],[[129.4,42.0],[129.3,42.0]],[[129.3,42.0],[128.9,42.0]],[[128.9,42.0],[128.9,41.9]],[[128.9,41.9],[128.7,41.9]],[[128.7,41.9],[128.7,41.8]],[[128.7,41.8],[128.4,41.8]],[[128.4,41.8],[128.4,41.7]],[[128.4,41.7],[128.1,41.7]],[[128.1,41.7],[128.1,41.6]],[[128.1,41.6],[127.9,41.6]],[[127.9,41.6],[127.9,41.5]],[[127.9,41.5],[127.7,41.5]],[[127.7,41.5],[127.7,41.4]],[[127.7,41.4],[127.3,41.4]],[[127.3,41.4],[127.3,41.3]],[[127.3,41.3],[127.0,41.3]],[[127.0,41.3],[127.0,41.2]],[[127.0,41.2],[126.8,41.2]],[[126.8,41.2],[126.8,41.1]],[[126.8,41.1],[126.5,41.1]],[[126.5,41.1],[126.5,41.0]],[[126.5,41.0],[126.4,41.0]],[[126.4,41.0],[126.4,40.9]],[[126.4,40.9],[126.1,40.9]],[[126.1,40.9],[126.1,40.8]],[[126.1,40.8],[125.7,40.8]],[[125.7,40.8],[125.7,40.7]],[[125.7,40.7],[125.4,40.7]],[[125.4,40.7],[125.4,40.6]],[[125.4,40.6],[124.8,40.6]],[[124.8,40.6],[124.8,40.5]],[[124.8,40.5],[124.7,40.5]],[[124.7,40.5],[124.7,40.3]],[[124.7,40.3],[124.5,40.3]],[[124.5,40.3],[124.5,39.8]],[[124.5,39.8],[124.5,39.7],[124.7,39.7],[124.7,39.6],[125.3,39.6],[125.3,39.5],[125.4,39.5],[125.4,39.3],[125.3,39.3],[125.3,39.1],[125.2,39.1],[125.2,39.0],[125.1,39.0],[125.1,38.7],[125.0,38.7],[125.0,38.6],[124.9,38.6],[124.9,38.1],[125.0,38.1],[125.0,37.9],[125.1,37.9],[125.1,37.8],[125.2,37.8],[125.2,37.7],[125.4,37.7],[125.4,37.8],[125.7,37.8],[125.7,37.9],[126.0,37.9],[126.0,37.8],[126.3,37.8],[126.3,37.7],[126.4,37.7],[126.4,37.4],[126.5,37.4],[126.5,37.2],[126.4,37.2],[126.4,37.1],[126.3,37.1],[126.3,37.0],[126.2,37.0],[126.2,36.9],[126.1,36.9],[126.1,36.7],[126.2,36.7],[126.2,36.6],[126.3,36.6],[126.3,36.5],[126.4,36.5],[126.4,36.4],[126.5,36.4],[126.5,36.2],[126.6,36.2],[126.6,35.8],[126.5,35.8],[126.5,35.5],[126.4,35.5],[126.4,35.4],[126.3,35.4],[126.3,35.3],[126.2,35.3],[126.2,35.2],[126.1,35.2],[126.1,35.1],[126.0,35.1],[126.0,34.9],[125.9,34.9],[125.9,34.6],[126.0,34.6],[126.0,34.5],[126.1,34.5],[126.1,34.4],[126.5,34.4],[126.5,34.3],[126.6,34.3],[126.6,34.2],[126.9,34.2],[126.9,34.3],[127.0,34.3],[127.0,34.4],[127.5,34.4],[127.5,34.5],[127.8,34.5],[127.8,34.6],[127.9,34.6],[127.9,34.7],[128.2,34.7],[128.2,34.8],[128.3,34.8],[128.3,34.7],[128.4,34.7],[128.4,34.8],[128.7,34.8],[128.7,34.9],[128.8,34.9],[128.8,35.0],[128.9,35.0],[128.9,35.1],[129.2,35.1],[129.2,35.2],[129.3,35.2],[129.3,35.4],[129.4,35.4],[129.4,35.5],[129.5,35.5],[129.5,35.8],[129.6,35.8],[129.6,36.1],[129.5,36.1],[129.5,36.2],[129.4,36.2],[129.4,36.5],[129.5,36.5],[129.5,37.1],[129.4,37.1],[129.4,37.4],[129.3,37.4],[129.3,37.5],[129.2,37.5],[129.2,37.7],[129.1,37.7],[129.1,37.8],[129.0,37.8],[129.0,37.9],[128.9,37.9],[128.9,38.0],[128.8,38.0],[128.8,38.1],[128.7,38.1],[128.7,38.3],[128.6,38.3],[128.6,38.5],[128.5,38.5],[128.5,38.6],[128.4,38.6],[128.4,38.7],[128.3,38.7],[128.3,38.8],[128.2,38.8],[128.2,38.9],[128.1,38.9],[128.1,39.0],[127.9,39.0],[127.9,39.1],[127.8,39.1],[127.8,39.2],[127.7,39.2],[127.7,39.3],[127.6,39.3],[127.6,39.8],[127.7,39.8],[127.7,39.9],[127.9,39.9],[127.9,40.0],[128.3,40.0],[128.3,40.1],[128.5,40.1],[128.5,40.2],[128.6,40.2],[128.6,40.3],[128.8,40.3],[128.8,40.4],[128.9,40.4],[128.9,40.5],[129.1,40.5],[129.1,40.6],[129.2,40.6],[129.2,40.7],[129.4,40.7],[129.4,40.8],[129.6,40.8],[129.6,40.9],[129.7,40.9],[129.7,41.0],[129.8,41.0],[129.8,41.7]],[[129.8,41.7],[129.7,41.7]],[[129.7,41.7],[129.7,41.8]],[[67.1,37.4],[67.1,37.5]],[[67.1,37.5],[67.0,37.5]],[[67.0,37.5],[67.0,37.6]],[[67.0,37.6],[66.9,37.6]],[[66.9,37.6],[66.9,37.7]],[[66.9,37.7],[66.7,37.7]],[[66.7,37.7],[66.7,37.8]],[[66.7,37.8],[66.5,37.8]],[[66.5,37.8],[66.5,37.9]],[[66.5,37.9],[65.6,37.9]],[[65.6,37.9],[65.6,38.0]],[[65.6,38.0],[65.2,38.0]],[[65.2,38.0],[65.2,38.1]],[[65.2,38.1],[65.1,38.1]],[[65.1,38.1],[65.1,38.2]],[[65.1,38.2],[65.0,38.2]],[[65.0,38.2],[65.0,38.4]],[[65.0,38.4],[64.8,38.4]],[[64.8,38.4],[64.8,38.5]],[[64.8,38.5],[64.6,38.5]],[[64.6,38.5],[64.6,38.6]],[[64.6,38.6],[64.4,38.6]],[[64.4,38.6],[64.4,38.7]],[[64.4,38.7],[64.2,38.7]],[[64.2,38.7],[64.2,38.8]],[[64.2,38.8],[64.0,38.8]],[[64.0,38.8],[64.0,38.9]],[[64.0,38.9],[63.9,38.9]],[[63.9,38.9],[63.9,39.0]],[[63.9,39.0],[63.7,39.0]],[[63.7,39.0],[63.7,39.1]],[[63.7,39.1],[63.5,39.1]],[[63.5,39.1],[63.5,39.2]],[[63.5,39.2],[63.2,39.2]],[[63.2,39.2],[63.2,39.3]],[[63.2,39.3],[62.8,39.3]],[[62.8,39.3],[62.8,39.4]],[[62.8,39.4],[62.5,39.4]],[[62.5,39.4],[62.5,39.5]],[[62.5,39.5],[62.3,39.5]],[[62.3,39.5],[62.3,39.6]],[[62.3,39.6],[62.2,39.6]],[[62.2,39.6],[62.2,39.7]],[[62.2,39.7],[62.1,39.7]],[[62.1,39.7],[62.1,39.8]],[[62.1,39.8],[61.9,39.8]],[[61.9,39.8],[61.9,39.9]],[[61.9,39.9],[61.8,39.9]],[[61.8,39.9],[61.8,40.0]],[[61.8,40.0],[61.7,40.0]],[[61.7,40.0],[61.7,40.1]],[[61.7,40.1],[61.6,40.1]],[[61.6,40.1],[61.6,40.2]],[[61.6,40.2],[61.5,40.2]],[[61.5,40.2],[61.5,40.3]],[[79.2,44.7],[79.1,44.7]],[[79.1,44.7],[79.1,45.0]],[[79.1,45.0],[79.1,45.4]],[[79.1,45.4],[79.0,45.4]],[[79.0,45.4],[79.0,45.6]],[[79.0,45.6],[79.1,45.6]],[[79.1,45.6],[79.1,45.8]],[[79.1,45.8],[79.3,45.8]],[[79.3,45.8],[79.3,45.9]],[[79.3,45.9],[79.6,45.9]],[[79.6,45.9],[79.6,46.0]],[[79.6,46.0],[79.9,46.0]],[[79.9,46.0],[79.9,46.1]],[[79.9,46.1],[80.4,46.1]],[[80.4,46.1],[80.4,46.2]],[[80.4,46.2],[80.7,46.2]],[[80.7,46.2],[80.7,46.3]],[[80.7,46.3],[80.8,46.3]],[[80.8,46.3],[80.8,46.5]],[[80.8,46.5],[80.9,46.5]],[[80.9,46.5],[80.9,46.6]],[[80.9,46.6],[81.0,46.6]],[[81.0,46.6],[81.0,46.7]],[[81.0,46.7],[81.1,46.7]],[[81.1,46.7],[81.1,46.8]],[[81.1,46.8],[81.2,46.8]],[[81.2,46.8],[81.2,46.9]],[[81.2,46.9],[81.3,46.9]],[[81.3,46.9],[81.3,47.1]],[[81.3,47.1],[81.3,47.2]],[[81.3,47.2],[81.1,47.2]],[[81.1,47.2],[81.1,47.3]],[[81.1,47.3],[80.9,47.3]],[[80.9,47.3],[80.9,47.4]],[[80.9,47.4],[80.3,47.4]],[[80.3,47.4],[80.3,47.5]],[[80.3,47.5],[79.9,47.5]],[[79.9,47.5],[79.9,47.6]],[[79.9,47.6],[79.2,47.6]],[[79.2,47.6],[79.2,47.7]],[[79.2,47.7],[78.1,47.7]],[[78.1,47.7],[78.1,47.6]],[[78.1,47.6],[77.7,47.6]],[[77.7,47.6],[77.7,47.5]],[[77.7,47.5],[77.6,47.5]],[[77.6,47.5],[77.6,47.4]],[[77.6,47.4],[77.5,47.4]],[[77.5,47.4],[77.5,47.2]],[[77.5,47.2],[77.4,47.2]],[[77.4,47.2],[77.4,47.1]],[[77.4,47.1],[77.3,47.1]],[[77.3,47.1],[77.3,47.0]],[[77.3,47.0],[77.2,47.0]],[[77.2,47.0],[77.2,46.9]],[[77.2,46.9],[77.1,46.9]],[[77.1,46.9],[77.1,46.8]],[[77.1,46.8],[76.8,46.8]],[[76.8,46.8],[76.8,46.9]],[[76.8,46.9],[76.2,46.9]],[[76.2,46.9],[76.2,47.0]],[[76.2,47.0],[75.8,47.0]],[[75.8,47.0],[75.8,46.9]],[[75.8,46.9],[75.8,46.6],[75.6,46.6],[75.6,46.5],[75.1,46.5],[75.1,46.6],[74.9,46.6],[74.9,46.5],[74.7,46.5],[74.7,46.3],[74.4,46.3],[74.4,46.2],[74.3,46.2],[74.3,46.1],[74.2,46.1],[74.2,46.0],[74.1,46.0],[74.1,45.7],[74.0,45.7],[74.0,45.5],[73.9,45.5],[73.9,45.3],[73.5,45.3],[73.5,45.4],[73.4,45.4]],[[73.4,45.4],[73.3,45.4]],[[73.3,45.4],[73.3,45.3]],[[73.3,45.3],[73.2,45.3]],[[73.2,45.3],[73.2,45.2]],[[73.2,45.2],[73.1,45.2]],[[73.1,45.2],[73.1,45.0]],[[73.1,45.0],[73.1,44.9]],[[73.1,44.9],[73.0,44.9]],[[73.0,44.9],[73.0,44.6]],[[73.0,44.6],[72.9,44.6]],[[72.9,44.6],[72.9,44.5]],[[72.9,44.5],[72.8,44.5]],[[72.8,44.5],[72.8,44.4]],[[72.8,44.4],[72.6,44.4]],[[72.6,44.4],[72.6,44.3]],[[72.6,44.3],[71.1,44.3]],[[71.1,44.3],[71.1,44.2]],[[71.1,44.2],[70.9,44.2]],[[70.9,44.2],[70.9,44.1]],[[70.9,44.1],[70.6,44.1]],[[70.6,44.1],[70.6,44.0]],[[70.6,44.0],[70.1,44.0]],[[70.1,44.0],[70.1,43.9]],[[70.1,43.9],[69.7,43.9]],[[69.7,43.9],[69.7,43.8]],[[69.7,43.8],[68.7,43.8]],[[68.7,43.8],[68.7,43.9]],[[68.7,43.9],[67.6,43.9]],[[67.6,43.9],[67.6,44.0]],[[67.6,44.0],[67.0,44.0]],[[67.0,44.0],[67.0,44.1]],[[67.0,44.1],[66.3,44.1]],[[66.3,44.1],[66.3,44.2]],[[66.3,44.2],[65.7,44.2]],[[65.7,44.2],[65.7,44.3]],[[65.7,44.3],[65.2,44.3]],[[65.2,44.3],[65.2,44.4]],[[65.2,44.4],[64.8,44.4]],[[64.8,44.4],[64.8,44.5]],[[64.8,44.5],[64.4,44.5]],[[64.4,44.5],[64.4,44.6]],[[64.4,44.6],[64.1,44.6]],[[64.1,44.6],[64.1,44.7]],[[64.1,44.7],[63.7,44.7]],[[63.7,44.7],[63.7,44.8]],[[63.7,44.8],[63.4,44.8]],[[63.4,44.8],[63.4,44.9]],[[63.4,44.9],[62.9,44.9]],[[62.9,44.9],[62.9,45.0]],[[62.9,45.0],[61.4,45.0]],[[61.4,45.0],[61.4,44.9],[61.3,44.9],[61.3,44.8],[61.1,44.8],[61.1,44.7],[61.0,44.7],[61.0,44.5],[60.9,44.5],[60.9,44.3],[60.8,44.3],[60.8,44.2],[60.6,44.2],[60.6,44.1],[60.3,44.1],[60.3,44.0],[60.2,44.0],[60.2,43.9],[60.1,43.9],[60.1,43.8],[60.0,43.8]],[[61.8,41.3],[62.0,41.3]],[[62.0,41.3],[62.0,41.1]],[[62.0,41.1],[62.4,41.1]],[[62.4,41.1],[62.4,41.2]],[[62.4,41.2],[63.8,41.2]],[[63.8,41.2],[63.8,41.3]],[[63.8,41.3],[64.7,41.3]],[[64.7,41.3],[64.7,41.2]],[[64.7,41.2],[65.1,41.2]],[[65.1,41.2],[65.1,41.1]],[[65.1,41.1],[65.3,41.1]],[[65.3,41.1],[65.3,41.0]],[[65.3,41.0],[65.4,41.0]],[[65.4,41.0],[65.4,40.9]],[[65.4,40.9],[65.6,40.9]],[[65.6,40.9],[65.6,40.8]],[[65.6,40.8],[65.8,40.8]],[[65.8,40.8],[65.8,40.7]],[[65.8,40.7],[65.9,40.7]],[[65.9,40.7],[65.9,40.6]],[[65.9,40.6],[66.0,40.6]],[[66.0,40.6],[66.0,40.5]],[[66.0,40.5],[66.1,40.5]],[[66.1,40.5],[66.1,40.4]],[[66.1,40.4],[66.2,40.4]],[[66.2,40.4],[66.2,40.3]],[[66.2,40.3],[66.4,40.3]],[[66.4,40.3],[66.4,40.2]],[[66.4,40.2],[66.5,40.2]],[[66.5,40.2],[66.5,40.1]],[[66.5,40.1],[66.8,40.1]],[[66.8,40.1],[66.8,40.0]],[[66.8,40.0],[67.0,40.0]],[[67.0,40.0],[67.0,39.9]],[[67.0,39.9],[67.2,39.9]],[[67.2,39.9],[67.2,39.8]],[[67.2,39.8],[67.5,39.8]],[[67.5,39.8],[67.5,39.7]],[[67.5,39.7],[67.7,39.7]],[[67.7,39.7],[67.7,39.6]],[[67.7,39.6],[68.0,39.6]],[[68.0,39.6],[68.0,39.5]],[[68.0,39.5],[68.2,39.5]],[[68.2,39.5],[68.2,39.4]],[[68.2,39.4],[68.6,39.4]],[[68.6,39.4],[68.6,39.3]],[[68.6,39.3],[69.0,39.3]],[[69.0,39.3],[69.0,39.2]],[[69.0,39.2],[69.6,39.2]],[[69.6,39.2],[69.6,39.1]],[[69.6,39.1],[70.3,39.1]],[[70.3,39.1],[70.3,39.0]],[[70.3,39.0],[71.3,39.0]],[[71.3,39.0],[71.3,38.9]],[[71.3,38.9],[72.6,38.9]],[[72.6,38.9],[72.6,38.8]],[[72.6,38.8],[73.1,38.8]],[[73.1,38.8],[73.1,38.7]],[[73.1,38.7],[73.3,38.7]],[[73.3,38.7],[73.3,38.6]],[[73.3,38.6],[73.4,38.6]],[[73.4,38.6],[73.4,38.4]],[[73.4,38.4],[73.5,38.4]],[[73.5,38.4],[73.5,38.1]],[[73.5,38.1],[73.6,38.1]],[[73.6,38.1],[73.6,37.3]],[[73.6,37.3],[73.5,37.3]],[[74.6,36.3],[74.6,36.4],[74.7,36.4],[74.7,36.5],[74.8,36.5],[74.8,36.6],[74.9,36.6],[74.9,36.7],[75.1,36.7],[75.1,36.8],[75.3,36.8],[75.3,36.9],[75.5,36.9],[75.5,37.0],[75.7,37.0],[75.7,37.1],[76.0,37.1],[76.0,37.2],[76.4,37.2],[76.4,37.3]],[[76.4,37.3],[76.2,37.3]],[[76.2,37.3],[76.2,37.5]],[[76.2,37.5],[76.1,37.5]],[[76.1,37.5],[76.1,37.9]],[[76.1,37.9],[76.0,37.9]],[[76.0,37.9],[76.0,38.1]],[[76.0,38.1],[75.9,38.1]],[[75.9,38.1],[75.9,38.3]],[[75.9,38.3],[75.8,38.3]],[[75.8,38.3],[75.8,38.4]],[[75.8,38.4],[75.6,38.4]],[[75.6,38.4],[75.6,38.5]],[[75.6,38.5],[75.5,38.5]],[[75.5,38.5],[75.5,38.6]],[[75.5,38.6],[75.4,38.6]],[[75.4,38.6],[75.4,38.7]],[[75.4,38.7],[75.3,38.7]],[[75.3,38.7],[75.3,38.8]],[[75.3,38.8],[75.2,38.8]],[[75.2,38.8],[75.2,38.9]],[[75.2,38.9],[75.1,38.9]],[[75.1,38.9],[75.1,39.0]],[[75.1,39.0],[74.9,39.0]],[[74.9,39.0],[74.9,39.1]],[[74.9,39.1],[74.7,39.1]],[[74.7,39.1],[74.7,39.2]],[[74.7,39.2],[74.5,39.2]],[[74.5,39.2],[74.5,39.4]],[[74.5,39.4],[74.4,39.4]],[[74.4,39.4],[74.4,39.5]],[[74.4,39.5],[74.3,39.5]],[[74.3,39.5],[74.3,39.7]],[[74.3,39.7],[74.2,39.7]],[[74.2,39.7],[74.2,39.8]],[[74.2,39.8],[74.1,39.8]],[[74.1,39.8],[74.1,41.1]],[[74.1,41.1],[74.2,41.1]],[[74.2,41.1],[74.2,41.2]],[[74.2,41.2],[74.3,41.2]],[[74.3,41.2],[74.3,41.5]],[[74.3,41.5],[74.4,41.5]],[[74.4,41.5],[74.4,41.6]],[[74.4,41.6],[74.5,41.6]],[[74.5,41.6],[74.5,41.7]],[[74.5,41.7],[74.9,41.7]],[[74.9,41.7],[74.9,41.8]],[[74.9,41.8],[75.1,41.8]],[[75.1,41.8],[75.1,41.9]],[[75.1,41.9],[75.9,41.9]],[[75.9,41.9],[75.9,42.0]],[[75.9,42.0],[76.4,42.0]],[[76.4,42.0],[76.4,42.1]],[[76.4,42.1],[76.7,42.1]],[[76.7,42.1],[76.7,42.2]],[[76.7,42.2],[76.8,42.2]],[[76.8,42.2],[76.8,42.3]],[[76.8,42.3],[77.0,42.3]],[[77.0,42.3],[77.0,42.4]],[[77.0,42.4],[77.2,42.4]],[[77.2,42.4],[77.2,42.5]],[[77.2,42.5],[77.3,42.5]],[[77.3,42.5],[77.3,42.6]],[[77.3,42.6],[77.5,42.6]],[[77.5,42.6],[77.5,42.7]],[[77.5,42.7],[77.6,42.7]],[[77.6,42.7],[77.6,42.8]],[[77.6,42.8],[77.7,42.8]],[[77.7,42.8],[77.7,42.9]],[[77.7,42.9],[77.8,42.9]],[[77.8,42.9],[77.8,43.0]],[[77.8,43.0],[77.9,43.0]],[[77.9,43.0],[77.9,43.1]],[[77.9,43.1],[78.0,43.1]],[[78.0,43.1],[78.0,43.2]],[[78.0,43.2],[78.1,43.2]],[[78.1,43.2],[78.1,43.3]],[[78.1,43.3],[78.2,43.3]],[[78.2,43.3],[78.2,43.4]],[[78.2,43.4],[78.3,43.4]],[[78.3,43.4],[78.3,43.5]],[[78.3,43.5],[78.4,43.5]],[[78.4,43.5],[78.4,43.6]],[[78.4,43.6],[78.5,43.6]],[[78.5,43.6],[78.5,43.7]],[[78.5,43.7],[78.7,43.7]],[[78.7,43.7],[78.7,43.8]],[[78.7,43.8],[78.8,43.8]],[[78.8,43.8],[78.8,43.9]],[[78.8,43.9],[78.9,43.9]],[[78.9,43.9],[78.9,44.0]],[[78.9,44.0],[79.0,44.0]],[[79.0,44.0],[79.0,44.1]],[[79.0,44.1],[79.1,44.1]],[[79.1,44.1],[79.1,44.3]],[[79.1,44.3],[79.2,44.3]],[[79.2,44.3],[79.2,44.7]],[[103.3,23.2],[101.9,23.2]],[[101.9,23.2],[101.9,23.1]],[[101.9,23.1],[101.8,23.1]],[[98.4,9.5],[98.3,9.5],[98.3,8.8],[98.2,8.8],[98.2,8.5],[98.3,8.5],[98.3,8.0],[98.4,8.0],[98.4,7.9],[98.6,7.9],[98.6,8.0],[98.9,8.0],[98.9,7.9],[99.0,7.9],[99.0,7.7],[99.1,7.7],[99.1,7.6],[99.2,7.6],[99.2,7.5],[99.3,7.5],[99.3,7.4],[99.4,7.4],[99.4,7.3],[99.5,7.3],[99.5,7.2],[99.6,7.2],[99.6,7.1],[99.7,7.1],[99.7,6.9],[99.8,6.9],[99.8,6.8],[99.9,6.8],[99.9,6.6],[99.8,6.6],[99.8,6.5],[99.7,6.5],[99.7,6.4],[99.8,6.4],[99.8,6.3],[100.0,6.3],[100.0,6.4],[100.2,6.4],[100.2,6.3],[100.3,6.3],[100.3,6.2]],[[103.5,4.6],[103.5,4.9],[103.4,4.9],[103.4,5.1],[103.3,5.1],[103.3,5.3],[103.2,5.3],[103.2,5.5],[103.1,5.5],[103.1,5.6],[102.9,5.6],[102.9,5.7],[102.8,5.7],[102.8,5.8],[102.7,5.8],[102.7,5.9],[102.6,5.9],[102.6,6.0],[102.5,6.0],[102.5,6.1],[102.4,6.1],[102.4,6.2],[102.3,6.2],[102.3,6.3],[102.1,6.3],[102.1,6.4],[101.9,6.4],[101.9,6.5],[101.8,6.5],[101.8,6.7],[101.7,6.7],[101.7,6.8],[101.6,6.8],[101.6,6.9],[101.5,6.9],[101.5,7.0],[100.8,7.0],[100.8,7.1],[100.7,7.1],[100.7,7.3],[100.6,7.3],[100.6,7.5],[100.5,7.5],[100.5,7.8],[100.4,7.8],[100.4,8.2],[100.3,8.2],[100.3,8.5],[100.2,8.5],[100.2,8.6],[100.1,8.6],[100.1,8.7],[100.0,8.7],[100.0,9.2],[99.9,9.2],[99.9,9.3],[99.8,9.3],[99.8,9.4],[99.4,9.4],[99.4,9.5],[99.3,9.5],[99.3,9.7],[99.2,9.7],[99.2,10.3],[99.3,10.3],[99.3,10.7],[99.4,10.7],[99.4,10.8],[99.5,10.8],[99.5,10.9],[99.6,10.9],[99.6,11.4],[99.7,11.4],[99.7,11.7],[99.8,11.7],[99.8,11.8],[99.9,11.8],[99.9,12.1],[100.0,12.1],[100.0,12.9],[100.1,12.9],[100.1,13.4],[100.2,13.4],[100.2,13.5],[100.6,13.5],[100.6,13.6],[100.8,13.6],[100.8,13.5],[100.9,13.5],[100.9,12.8],[101.0,12.8],[101.0,12.7],[101.9,12.7],[101.9,12.6],[102.0,12.6],[102.0,12.5],[102.2,12.5],[102.2,12.4],[102.3,12.4]],[[102.3,12.4],[102.4,12.4]],[[102.4,12.4],[102.4,12.5]],[[102.4,12.5],[102.6,12.5]],[[102.6,12.5],[102.6,12.6]],[[102.6,12.6],[102.8,12.6]],[[102.8,12.6],[102.8,12.7]],[[102.8,12.7],[103.1,12.7]],[[103.1,12.7],[103.1,12.8]],[[103.1,12.8],[103.3,12.8]],[[103.3,12.8],[103.3,12.9]],[[103.3,12.9],[103.5,12.9]],[[103.5,12.9],[103.5,13.0]],[[103.5,13.0],[104.0,13.0]],[[104.0,13.0],[104.0,13.1]],[[104.0,13.1],[104.5,13.1]],[[104.5,13.1],[104.5,13.2]],[[104.5,13.2],[104.9,13.2]],[[104.9,13.2],[104.9,13.0]],[[104.9,13.0],[105.1,13.0]],[[105.1,13.0],[105.1,12.8]],[[105.1,12.8],[105.2,12.8]],[[105.2,12.8],[105.2,12.7]],[[105.2,12.7],[105.3,12.7]],[[105.3,12.7],[105.3,12.6]],[[105.3,12.6],[105.4,12.6]],[[105.4,12.6],[105.4,12.5]],[[105.4,12.5],[105.6,12.5]],[[105.6,12.5],[105.6,12.4]],[[105.6,12.4],[105.7,12.4]],[[105.7,12.4],[105.7,12.3]],[[105.7,12.3],[105.9,12.3]],[[105.9,12.3],[105.9,12.2]],[[105.9,12.2],[106.1,12.2]],[[106.1,12.2],[106.1,12.1]],[[106.1,12.1],[106.2,12.1]],[[106.2,12.1],[106.2,12.0]],[[106.2,12.0],[106.4,12.0]],[[106.4,12.0],[106.4,11.9]],[[106.4,11.9],[106.5,11.9]],[[106.5,11.9],[106.5,11.8]],[[106.5,11.8],[106.6,11.8]],[[106.6,11.8],[106.6,11.7]],[[106.6,11.7],[106.7,11.7]],[[106.7,11.7],[106.7,11.5]],[[106.7,11.5],[106.8,11.5]],[[106.8,11.5],[106.8,11.3]],[[106.8,11.3],[106.9,11.3]],[[106.9,11.3],[106.9,11.2]],[[106.9,11.2],[107.0,11.2]],[[107.0,11.2],[107.0,11.3]],[[107.0,11.3],[107.1,11.3]],[[107.1,11.3],[107.1,11.4]],[[107.1,11.4],[107.2,11.4]],[[107.2,11.4],[107.2,11.6]],[[107.2,11.6],[107.3,11.6]],[[107.3,11.6],[107.3,11.7]],[[107.3,11.7],[107.4,11.7]],[[107.4,11.7],[107.4,12.0]],[[107.4,12.0],[107.5,12.0]],[[107.5,12.0],[107.5,12.1]],[[107.5,12.1],[107.6,12.1]],[[107.6,12.1],[107.6,12.3]],[[107.6,12.3],[107.7,12.3]],[[107.7,12.3],[107.7,14.0]],[[107.7,14.0],[107.6,14.0]],[[107.6,14.0],[107.6,14.2]],[[107.6,14.2],[107.5,14.2]],[[107.5,14.2],[107.5,14.4]],[[107.5,14.4],[107.4,14.4]],[[107.4,14.4],[107.4,14.5]],[[107.4,14.5],[107.3,14.5]],[[107.3,14.5],[107.3,14.6]],[[107.3,14.6],[107.2,14.6]],[[107.2,14.6],[107.2,14.7]],[[107.2,14.7],[107.1,14.7]],[[107.1,14.7],[107.1,14.8]],[[107.1,14.8],[107.0,14.8]],[[107.0,14.8],[107.0,14.9]],[[107.0,14.9],[106.9,14.9]],[[106.9,14.9],[106.9,15.0]],[[106.9,15.0],[106.7,15.0]],[[106.7,15.0],[106.7,15.1]],[[106.7,15.1],[106.6,15.1]],[[106.6,15.1],[106.6,15.2]],[[106.6,15.2],[106.5,15.2]],[[106.5,15.2],[106.5,15.3]],[[106.5,15.3],[106.4,15.3]],[[106.4,15.3],[106.4,15.4]],[[106.4,15.4],[106.3,15.4]],[[106.3,15.4],[106.3,15.5]],[[106.3,15.5],[106.2,15.5]],[[106.2,15.5],[106.2,15.6]],[[106.2,15.6],[106.1,15.6]],[[106.1,15.6],[106.1,15.7]],[[106.1,15.7],[106.0,15.7]],[[106.0,15.7],[106.0,15.8]],[[106.0,15.8],[105.9,15.8]],[[105.9,15.8],[105.9,15.9]],[[105.9,15.9],[105.8,15.9]],[[105.8,15.9],[105.8,16.0]],[[105.8,16.0],[105.6,16.0]],[[105.6,16.0],[105.6,16.1]],[[105.6,16.1],[105.4,16.1]],[[105.4,16.1],[105.4,16.2]],[[105.4,16.2],[105.2,16.2]],[[105.2,16.2],[105.2,16.3]],[[105.2,16.3],[105.1,16.3]],[[105.1,16.3],[105.1,16.4]],[[105.1,16.4],[105.0,16.4]],[[105.0,16.4],[105.0,16.5]],[[105.0,16.5],[104.9,16.5]],[[104.9,16.5],[104.9,16.6]],[[104.9,16.6],[104.8,16.6]],[[104.8,16.6],[104.8,16.8]],[[104.8,16.8],[104.7,16.8]],[[104.7,16.8],[104.7,16.9]],[[104.7,16.9],[104.6,16.9]],[[104.6,16.9],[104.6,17.1]],[[104.6,17.1],[104.5,17.1]],[[104.5,17.1],[104.5,17.3]],[[104.5,17.3],[104.4,17.3]],[[104.4,17.3],[104.4,17.6]],[[104.4,17.6],[104.3,17.6]],[[104.3,17.6],[104.3,18.1]],[[104.3,18.1],[104.4,18.1]],[[104.4,18.1],[104.4,18.2]],[[104.4,18.2],[104.3,18.2]],[[104.3,18.2],[104.3,19.1]],[[104.3,19.1],[104.2,19.1]],[[104.2,19.1],[104.2,19.5]],[[104.2,19.5],[104.1,19.5]],[[104.1,19.5],[104.1,19.8]],[[104.1,19.8],[104.0,19.8]],[[104.0,19.8],[104.0,21.1]],[[104.0,21.1],[104.1,21.1]],[[104.1,21.1],[104.1,21.8]],[[104.1,21.8],[104.0,21.8]],[[104.0,21.8],[104.0,22.0]],[[104.0,22.0],[103.9,22.0]],[[103.9,22.0],[103.9,22.2]],[[103.9,22.2],[103.8,22.2]],[[103.8,22.2],[103.8,22.5]],[[103.8,22.5],[103.7,22.5]],[[103.7,22.5],[103.7,22.7]],[[103.7,22.7],[103.6,22.7]],[[103.6,22.7],[103.6,22.9]],[[103.6,22.9],[103.5,22.9]],[[103.5,22.9],[103.5,23.0]],[[103.5,23.0],[103.4,23.0]],[[103.4,23.0],[103.4,23.1]],[[103.4,23.1],[103.3,23.1]],[[103.3,23.1],[103.3,23.2]],[[81.0,30.7],[80.1,30.7]],[[87.0,28.5],[86.6,28.5]],[[86.6,28.5],[86.6,28.6]],[[86.6,28.6],[86.3,28.6]],[[86.3,28.6],[86.3,28.7]],[[86.3,28.7],[85.9,28.7]],[[85.9,28.7],[85.9,28.8]],[[85.9,28.8],[85.7,28.8]],[[85.7,28.8],[85.7,28.9]],[[85.7,28.9],[85.5,28.9]],[[85.5,28.9],[85.5,29.0]],[[85.5,29.0],[85.3,29.0]],[[85.3,29.0],[85.3,29.1]],[[85.3,29.1],[85.1,29.1]],[[85.1,29.1],[85.1,29.2]],[[85.1,29.2],[84.9,29.2]],[[84.9,29.2],[84.9,29.3]],[[84.9,29.3],[84.4,29.3]],[[84.4,29.3],[84.4,29.4]],[[84.4,29.4],[84.1,29.4]],[[84.1,29.4],[84.1,29.5]],[[84.1,29.5],[83.8,29.5]],[[83.8,29.5],[83.8,29.6]],[[83.8,29.6],[83.2,29.6]],[[83.2,29.6],[83.2,29.7]],[[83.2,29.7],[82.8,29.7]],[[82.8,29.7],[82.8,29.8]],[[82.8,29.8],[82.5,29.8]],[[82.5,29.8],[82.5,29.9]],[[82.5,29.9],[82.2,29.9]],[[82.2,29.9],[82.2,30.0]],[[82.2,30.0],[82.0,30.0]],[[82.0,30.0],[82.0,30.1]],[[82.0,30.1],[81.8,30.1]],[[81.8,30.1],[81.8,30.2]],[[81.8,30.2],[81.7,30.2]],[[81.7,30.2],[81.7,30.3]],[[81.7,30.3],[81.5,30.3]],[[81.5,30.3],[81.5,30.4]],[[81.5,30.4],[81.4,30.4]],[[81.4,30.4],[81.4,30.5]],[[81.4,30.5],[81.1,30.5]],[[81.1,30.5],[81.1,30.6]],[[81.1,30.6],[81.0,30.6]],[[81.0,30.6],[81.0,30.7]],[[126.0,9.7],[126.1,9.7],[126.1,10.0],[125.8,10.0],[125.8,10.1],[125.7,10.1],[125.7,10.3],[125.5,10.3],[125.5,9.9],[125.4,9.9],[125.4,9.5],[125.5,9.5],[125.5,9.2],[125.4,9.2],[125.4,9.1],[125.2,9.1],[125.2,9.0],[124.8,9.0],[124.8,8.8],[124.7,8.8],[124.7,8.7],[124.4,8.7],[124.4,8.6],[124.3,8.6],[124.3,8.4],[124.2,8.4],[124.2,8.3],[124.0,8.3],[124.0,8.4],[123.9,8.4],[123.9,8.6],[123.8,8.6],[123.8,8.7],[123.7,8.7],[123.7,8.8],[123.4,8.8],[123.4,8.7],[123.3,8.7],[123.3,8.6],[123.1,8.6],[123.1,8.5],[123.0,8.5],[123.0,8.3],[122.9,8.3],[122.9,8.2],[122.4,8.2],[122.4,8.1],[122.3,8.1],[122.3,8.0],[122.2,8.0],[122.2,7.9],[122.1,7.9],[122.1,7.5],[122.0,7.5],[122.0,7.3],[121.9,7.3],[121.9,7.1],[122.0,7.1],[122.0,7.0],[122.2,7.0],[122.2,7.1],[122.3,7.1],[122.3,7.4],[122.4,7.4],[122.4,7.5],[122.5,7.5],[122.5,7.6],[122.8,7.6],[122.8,7.5],[123.1,7.5],[123.1,7.6],[123.4,7.6],[123.4,7.7],[123.6,7.7],[123.6,7.8],[123.8,7.8],[123.8,7.7],[124.0,7.7],[124.0,7.6],[124.1,7.6],[124.1,7.2],[124.0,7.2],[124.0,6.5],[124.1,6.5],[124.1,6.4],[124.2,6.4],[124.2,6.3],[124.3,6.3],[124.3,6.2],[124.4,6.2],[124.4,6.1],[124.6,6.1],[124.6,6.0],[124.8,6.0],[124.8,5.9],[125.2,5.9],[125.2,5.8],[125.3,5.8],[125.3,5.7],[125.5,5.7],[125.5,5.8],[125.6,5.8],[125.6,5.9],[125.7,5.9],[125.7,6.1],[125.8,6.1],[125.8,6.3],[125.7,6.3],[125.7,6.5],[125.6,6.5],[125.6,6.6],[125.5,6.6],[125.5,6.9],[125.6,6.9],[125.6,7.0],[125.7,7.0],[125.7,7.1],[125.9,7.1],[125.9,7.0],[126.0,7.0],[126.0,6.9],[126.1,6.9],[126.1,6.7],[126.3,6.7],[126.3,6.9],[126.4,6.9],[126.4,7.1],[126.5,7.1],[126.5,7.2],[126.6,7.2],[126.6,7.8],[126.5,7.8],[126.5,8.3],[126.4,8.3],[126.4,8.6],[126.3,8.6],[126.3,8.8],[126.4,8.8],[126.4,9.0],[126.3,9.0],[126.3,9.1],[126.2,9.1],[126.2,9.4],[126.1,9.4],[126.1,9.5],[126.0,9.5],[126.0,9.7]],[[119.3,10.3],[119.4,10.3],[119.4,10.4],[119.6,10.4],[119.6,10.5],[119.7,10.5],[119.7,11.5],[119.5,11.5],[119.5,11.4],[119.4,11.4],[119.4,11.3],[119.3,11.3],[119.3,11.1],[119.2,11.1],[119.2,10.6],[119.1,10.6],[119.1,10.5],[119.0,10.5],[119.0,10.4],[118.9,10.4],[118.9,10.3],[118.8,10.3],[118.8,10.2],[118.7,10.2],[118.7,10.1],[118.6,10.1],[118.6,9.9],[118.5,9.9],[118.5,9.8],[118.4,9.8],[118.4,9.7],[118.3,9.7],[118.3,9.6],[118.2,9.6],[118.2,9.5],[118.1,9.5],[118.1,9.4],[117.9,9.4],[117.9,9.3],[117.8,9.3],[117.8,9.2],[117.7,9.2],[117.7,9.1],[117.6,9.1],[117.6,9.0],[117.5,9.0],[117.5,8.9],[117.4,8.9],[117.4,8.8],[117.3,8.8],[117.3,8.7],[117.2,8.7],[117.2,8.4],[117.4,8.4],[117.4,8.5],[117.5,8.5],[117.5,8.6],[117.6,8.6],[117.6,8.7],[117.8,8.7],[117.8,8.8],[117.9,8.8],[117.9,8.9],[118.0,8.9],[118.0,9.0],[118.1,9.0],[118.1,9.1],[118.2,9.1],[118.2,9.2],[118.4,9.2],[118.4,9.3],[118.5,9.3],[118.5,9.4],[118.6,9.4],[118.6,9.5],[118.7,9.5],[118.7,9.7],[118.8,9.7],[118.8,9.9],[118.9,9.9],[118.9,10.0],[119.1,10.0],[119.1,10.1],[119.2,10.1],[119.2,10.2],[119.3,10.2],[119.3,10.3]],[[124.5,10.2],[124.4,10.2],[124.4,10.3],[124.1,10.3]],[[124.1,10.3],[124.1,10.1],[124.0,10.1],[124.0,10.0],[123.9,10.0],[123.9,9.9],[123.8,9.9],[123.8,9.8],[123.9,9.8],[123.9,9.7],[124.4,9.7],[124.4,9.8],[124.5,9.8],[124.5,9.9],[124.6,9.9],[124.6,10.1],[124.5,10.1],[124.5,10.2]],[[122.9,11.6],[122.9,11.7],[122.5,11.7],[122.5,11.8],[122.3,11.8],[122.3,11.9],[122.2,11.9],[122.2,12.0],[122.0,12.0],[122.0,11.9],[121.9,11.9],[121.9,11.8],[122.0,11.8],[122.0,11.0],[121.9,11.0],[121.9,10.8],[122.0,10.8],[122.0,10.7],[122.4,10.7],[122.4,10.6],[122.5,10.6],[122.5,10.5],[122.7,10.5],[122.7,10.4],[122.8,10.4],[122.8,10.2],[122.7,10.2],[122.7,10.1],[122.5,10.1],[122.5,10.0],[122.4,10.0],[122.4,9.7],[122.5,9.7],[122.5,9.6],[122.6,9.6],[122.6,9.5],[122.7,9.5],[122.7,9.4],[122.8,9.4],[122.8,9.3],[122.9,9.3],[122.9,9.2],[123.0,9.2],[123.0,9.1],[123.2,9.1],[123.2,9.2],[123.3,9.2],[123.3,9.4],[123.4,9.4],[123.4,9.6],[123.5,9.6],[123.5,9.7],[123.6,9.7],[123.6,9.9],[123.7,9.9],[123.7,10.2],[123.8,10.2],[123.8,10.3],[124.1,10.3]],[[124.1,10.3],[124.1,11.2],[123.9,11.2],[123.9,10.9],[123.8,10.9],[123.8,10.7],[123.7,10.7],[123.7,10.5],[123.6,10.5],[123.6,10.4],[123.4,10.4],[123.4,10.5],[123.5,10.5],[123.5,10.7],[123.6,10.7],[123.6,11.0],[123.5,11.0],[123.5,11.1],[123.3,11.1],[123.3,11.2],[123.2,11.2],[123.2,11.5],[123.1,11.5],[123.1,11.6],[122.9,11.6]],[[120.2,11.8],[120.2,11.9],[120.3,11.9],[120.3,12.0],[120.4,12.0],[120.4,12.2],[120.3,12.2],[120.3,12.3],[120.0,12.3],[120.0,12.2],[119.9,12.2],[119.9,11.9],[120.0,11.9],[120.0,11.8],[120.2,11.8]],[[124.0,12.3],[123.9,12.3],[123.9,12.4],[123.8,12.4],[123.8,12.5],[123.7,12.5],[123.7,12.6],[123.3,12.6],[123.3,12.5],[123.2,12.5],[123.2,12.3],[123.3,12.3],[123.3,12.2],[123.6,12.2],[123.6,12.1],[123.7,12.1],[123.7,12.0],[124.0,12.0],[124.0,12.3]],[[122.0,12.5],[121.9,12.5],[121.9,12.4],[122.1,12.4],[122.1,12.5],[122.2,12.5],[122.2,12.6],[122.0,12.6],[122.0,12.5]],[[122.0,18.5],[122.0,18.4],[121.7,18.4],[121.7,18.5],[121.5,18.5],[121.5,18.6],[121.3,18.6],[121.3,18.7],[120.8,18.7],[120.8,18.6],[120.7,18.6],[120.7,18.5],[120.6,18.5],[120.6,18.3],[120.5,18.3],[120.5,18.0],[120.4,18.0],[120.4,17.8],[120.3,17.8],[120.3,17.6],[120.4,17.6],[120.4,16.9],[120.3,16.9],[120.3,16.3],[119.8,16.3],[119.8,15.9],[119.9,15.9],[119.9,15.4],[120.0,15.4],[120.0,15.2],[120.1,15.2],[120.1,14.8],[120.2,14.8],[120.2,14.7],[120.3,14.7],[120.3,14.6],[120.4,14.6],[120.4,14.5],[120.5,14.5],[120.5,14.4],[120.6,14.4],[120.6,14.0],[120.7,14.0],[120.7,13.9],[120.8,13.9],[120.8,13.7],[120.7,13.7],[120.7,13.6],[120.5,13.6],[120.5,13.5],[120.4,13.5],[120.4,13.4],[120.5,13.4],[120.5,13.3],[120.6,13.3],[120.6,13.2],[120.7,13.2],[120.7,13.1],[120.8,13.1],[120.8,12.8],[120.9,12.8],[120.9,12.5],[121.0,12.5],[121.0,12.3],[121.1,12.3],[121.1,12.2],[121.3,12.2],[121.3,12.3],[121.4,12.3],[121.4,12.4],[121.5,12.4],[121.5,12.6],[121.6,12.6],[121.6,12.8],[121.5,12.8],[121.5,13.3],[121.4,13.3],[121.4,13.4],[121.3,13.4],[121.3,13.5],[121.2,13.5],[121.2,13.6],[121.3,13.6],[121.3,13.7],[121.4,13.7],[121.4,13.8],[121.6,13.8],[121.6,13.9],[122.0,13.9],[122.0,13.8],[122.1,13.8],[122.1,13.7],[122.0,13.7],[122.0,13.5],[121.9,13.5],[121.9,13.4],[122.0,13.4],[122.0,13.3],[122.1,13.3],[122.1,13.4],[122.2,13.4],[122.2,13.5],[122.3,13.5],[122.3,13.6],[122.4,13.6],[122.4,13.5],[122.5,13.5],[122.5,13.4],[122.6,13.4],[122.6,13.5],[122.7,13.5],[122.7,13.6],[122.6,13.6],[122.6,13.7],[122.7,13.7],[122.7,13.8],[122.8,13.8],[122.8,13.7],[122.9,13.7],[122.9,13.6],[123.0,13.6],[123.0,13.5],[123.1,13.5],[123.1,13.4],[123.2,13.4],[123.2,13.3],[123.3,13.3],[123.3,13.2],[123.4,13.2],[123.4,13.1],[123.5,13.1],[123.5,13.0],[123.6,13.0],[123.6,12.9],[123.7,12.9],[123.7,12.8],[123.8,12.8],[123.8,12.7],[123.9,12.7],[123.9,12.6],[124.1,12.6],[124.1,12.5],[124.2,12.5],[124.2,12.4],[124.3,12.4],[124.3,12.3],[124.4,12.3],[124.4,12.2],[124.5,12.2],[124.5,12.1],[124.6,12.1],[124.6,12.0],[124.7,12.0],[124.7,11.8],[124.6,11.8],[124.6,11.7],[124.5,11.7],[124.5,11.8],[124.4,11.8],[124.4,11.7],[124.3,11.7],[124.3,11.4],[124.4,11.4],[124.4,10.9],[124.5,10.9],[124.5,10.8],[124.8,10.8],[124.8,10.6],[124.7,10.6],[124.7,10.4],[124.8,10.4],[124.8,10.2],[124.9,10.2],[124.9,10.1],[125.2,10.1],[125.2,10.2],[125.3,10.2],[125.3,10.5],[125.2,10.5],[125.2,10.8],[125.1,10.8],[125.1,11.0],[125.2,11.0],[125.2,11.1],[125.6,11.1],[125.6,11.2],[125.7,11.2],[125.7,11.5],[125.6,11.5],[125.6,11.6],[125.5,11.6],[125.5,12.1],[125.6,12.1],[125.6,12.3],[125.5,12.3],[125.5,12.4],[125.4,12.4],[125.4,12.5],[125.3,12.5],[125.3,12.6],[125.2,12.6],[125.2,12.7],[124.9,12.7],[124.9,12.6],[124.6,12.6],[124.6,12.7],[124.3,12.7],[124.3,12.8],[124.2,12.8],[124.2,13.2],[124.1,13.2],[124.1,13.3],[124.0,13.3],[124.0,13.4],[123.8,13.4],[123.8,13.5],[123.7,13.5],[123.7,13.7],[123.8,13.7],[123.8,13.8],[123.9,13.8],[123.9,13.7],[124.1,13.7],[124.1,13.6],[124.4,13.6],[124.4,13.7],[124.5,13.7],[124.5,14.0],[124.4,14.0],[124.4,14.1],[124.1,14.1],[124.1,14.0],[123.7,14.0],[123.7,14.1],[123.4,14.1],[123.4,14.0],[123.2,14.0],[123.2,14.1],[123.1,14.1],[123.1,14.2],[123.0,14.2],[123.0,14.3],[122.9,14.3],[122.9,14.4],[122.4,14.4],[122.4,14.3],[121.9,14.3],[121.9,14.4],[121.8,14.4],[121.8,14.5],[121.7,14.5],[121.7,14.9],[121.6,14.9],[121.6,15.2],[121.5,15.2],[121.5,15.6],[121.6,15.6],[121.6,15.7],[121.7,15.7],[121.7,16.0],[121.8,16.0],[121.8,16.1],[122.0,16.1],[122.0,16.2],[122.2,16.2],[122.2,16.3],[122.3,16.3],[122.3,16.6],[122.4,16.6],[122.4,16.8],[122.5,16.8],[122.5,17.3],[122.4,17.3],[122.4,17.4],[122.3,17.4],[122.3,17.5],[122.2,17.5],[122.2,18.2],[122.3,18.2],[122.3,18.3],[122.4,18.3],[122.4,18.5],[122.3,18.5],[122.3,18.6],[122.1,18.6],[122.1,18.5],[122.0,18.5]],[[120.7,14.7],[120.8,14.7],[120.8,14.6],[120.7,14.6],[120.7,14.7]],[[122.1,15.0],[122.0,15.0],[122.0,14.9],[122.1,14.9],[122.1,15.0]],[[106.1,22.7],[105.8,22.7]],[[105.8,22.7],[105.8,22.8]],[[105.8,22.8],[105.3,22.8]],[[105.3,22.8],[105.3,22.9]],[[105.3,22.9],[104.5,22.9]],[[104.5,22.9],[104.5,22.8]],[[104.5,22.8],[104.0,22.8]],[[104.0,22.8],[104.0,22.7]],[[104.0,22.7],[103.7,22.7]],[[102.3,12.4],[102.3,12.2],[102.7,12.2],[102.7,12.1],[102.8,12.1],[102.8,11.8],[102.9,11.8],[102.9,11.6],[103.0,11.6],[103.0,11.3],[103.1,11.3],[103.1,10.9],[103.4,10.9],[103.4,11.0],[103.6,11.0],[103.6,10.6],[103.7,10.6],[103.7,10.5],[103.8,10.5],[103.8,10.4],[104.0,10.4],[104.0,10.5],[104.2,10.5],[104.2,10.6],[104.3,10.6],[104.3,10.5],[104.4,10.5],[104.4,10.4],[104.5,10.4],[104.5,10.3],[104.7,10.3],[104.7,10.2],[104.9,10.2],[104.9,10.1],[105.0,10.1],[105.0,9.9],[104.9,9.9],[104.9,9.7],[104.8,9.7],[104.8,8.7],[104.9,8.7],[104.9,8.6],[105.1,8.6],[105.1,8.7],[105.2,8.7],[105.2,8.8],[105.3,8.8],[105.3,8.9],[105.4,8.9],[105.4,9.0],[105.5,9.0],[105.5,9.1],[105.6,9.1],[105.6,9.2],[105.8,9.2],[105.8,9.3],[106.1,9.3],[106.1,9.4],[106.2,9.4],[106.2,9.5],[106.3,9.5],[106.3,9.6],[106.5,9.6],[106.5,9.7],[106.6,9.7],[106.6,9.8],[106.7,9.8],[106.7,10.0],[106.8,10.0],[106.8,10.4],[106.9,10.4],[106.9,10.5],[107.1,10.5],[107.1,10.4],[107.3,10.4],[107.3,10.5],[107.5,10.5],[107.5,10.6],[107.7,10.6],[107.7,10.7],[108.0,10.7],[108.0,10.8],[108.1,10.8],[108.1,10.9],[108.2,10.9],[108.2,11.0],[108.4,11.0],[108.4,11.1],[108.5,11.1],[108.5,11.2],[108.7,11.2],[108.7,11.3],[108.9,11.3],[108.9,11.4],[109.0,11.4],[109.0,11.5],[109.1,11.5],[109.1,11.6],[109.2,11.6],[109.2,11.7],[109.3,11.7],[109.3,12.3],[109.4,12.3],[109.4,12.6],[109.5,12.6],[109.5,13.1],[109.4,13.1],[109.4,13.7],[109.3,13.7],[109.3,14.3],[109.2,14.3],[109.2,14.6],[109.1,14.6],[109.1,14.9],[109.0,14.9],[109.0,15.3],[108.9,15.3],[108.9,15.4],[108.8,15.4],[108.8,15.5],[108.7,15.5],[108.7,15.6],[108.6,15.6],[108.6,15.7],[108.5,15.7],[108.5,15.9],[108.4,15.9],[108.4,16.0],[108.3,16.0],[108.3,16.2],[108.2,16.2],[108.2,16.3],[108.1,16.3],[108.1,16.4],[107.9,16.4],[107.9,16.5],[107.8,16.5],[107.8,16.6],[107.7,16.6],[107.7,16.7],[107.5,16.7],[107.5,16.8],[107.4,16.8],[107.4,16.9],[107.3,16.9],[107.3,17.0],[107.2,17.0],[107.2,17.1],[107.1,17.1],[107.1,17.2],[107.0,17.2],[107.0,17.3],[106.9,17.3],[106.9,17.4],[106.8,17.4],[106.8,17.5],[106.7,17.5],[106.7,17.6],[106.6,17.6],[106.6,17.8],[106.5,17.8],[106.5,18.2],[106.4,18.2],[106.4,18.3],[106.2,18.3],[106.2,18.4],[106.1,18.4],[106.1,18.5],[106.0,18.5],[106.0,18.6],[105.9,18.6],[105.9,18.7],[105.8,18.7],[105.8,18.9],[105.7,18.9],[105.7,19.1],[105.8,19.1],[105.8,19.3],[105.9,19.3],[105.9,19.8],[106.0,19.8],[106.0,19.9],[106.1,19.9],[106.1,20.0],[106.2,20.0],[106.2,20.1],[106.3,20.1],[106.3,20.2],[106.4,20.2],[106.4,20.3],[106.5,20.3],[106.5,20.4],[106.6,20.4],[106.6,20.6],[106.7,20.6],[106.7,20.7],[106.9,20.7],[106.9,20.8],[107.1,20.8],[107.1,20.9],[107.5,20.9],[107.5,21.0],[107.6,21.0],[107.6,21.1],[107.7,21.1],[107.7,21.3],[107.8,21.3],[107.8,21.4],[108.0,21.4],[108.0,21.5],[108.2,21.5],[108.2,21.6]],[[108.2,21.6],[108.1,21.6]],[[108.1,21.6],[108.1,21.8]],[[108.1,21.8],[108.0,21.8]],[[108.0,21.8],[108.0,21.9]],[[108.0,21.9],[107.9,21.9]],[[107.9,21.9],[107.9,22.0]],[[107.9,22.0],[107.8,22.0]],[[107.8,22.0],[107.8,22.1]],[[107.8,22.1],[107.7,22.1]],[[107.7,22.1],[107.7,22.2]],[[107.7,22.2],[107.6,22.2]],[[107.6,22.2],[107.6,22.3]],[[107.6,22.3],[107.3,22.3]],[[107.3,22.3],[107.3,22.4]],[[107.3,22.4],[107.2,22.4]],[[107.2,22.4],[107.2,22.5]],[[107.2,22.5],[106.9,22.5]],[[106.9,22.5],[106.9,22.6]],[[106.9,22.6],[106.1,22.6]],[[106.1,22.6],[106.1,22.7]],[[105.3,10.9],[105.3,10.7],[105.1,10.7],[105.1,10.8],[105.2,10.8],[105.2,10.9],[105.3,10.9]],[[73.4,45.4],[73.4,45.5],[73.3,45.5],[73.3,46.1],[73.4,46.1],[73.4,46.2],[73.5,46.2],[73.5,46.4],[73.7,46.4],[73.7,46.5],[73.9,46.5],[73.9,46.6],[74.1,46.6],[74.1,46.7],[74.4,46.7],[74.4,46.8],[74.5,46.8],[74.5,46.9],[75.8,46.9]],[[81.3,47.1],[81.5,47.1]],[[81.5,47.1],[81.5,47.3]],[[81.5,47.3],[81.6,47.3]],[[81.6,47.3],[81.6,47.4]],[[81.6,47.4],[81.8,47.4]],[[81.8,47.4],[81.8,47.5]],[[81.8,47.5],[81.9,47.5]],[[81.9,47.5],[81.9,47.6]],[[81.9,47.6],[82.0,47.6]],[[82.0,47.6],[82.0,47.7]],[[82.0,47.7],[82.2,47.7]],[[82.2,47.7],[82.2,47.8]],[[82.2,47.8],[82.3,47.8]],[[82.3,47.8],[82.3,47.9]],[[82.3,47.9],[82.5,47.9]],[[82.5,47.9],[82.5,48.0]],[[82.5,48.0],[82.6,48.0]],[[82.6,48.0],[82.6,48.1]],[[82.6,48.1],[82.7,48.1]],[[82.7,48.1],[82.7,48.2]],[[82.7,48.2],[82.9,48.2]],[[82.9,48.2],[82.9,48.3]],[[82.9,48.3],[83.0,48.3]],[[83.0,48.3],[83.0,48.4]],[[83.0,48.4],[83.2,48.4]],[[83.2,48.4],[83.2,48.5]],[[83.2,48.5],[83.3,48.5]],[[83.3,48.5],[83.3,48.6]],[[83.3,48.6],[83.4,48.6]],[[83.4,48.6],[83.4,48.7]],[[83.4,48.7],[83.5,48.7]],[[83.5,48.7],[83.5,48.8]],[[83.5,48.8],[83.6,48.8]],[[83.6,48.8],[83.6,48.9]],[[83.6,48.9],[83.8,48.9]],[[83.8,48.9],[83.8,49.0]],[[83.8,49.0],[84.0,49.0]],[[84.0,49.0],[84.0,49.1]],[[84.0,49.1],[84.1,49.1]],[[84.1,49.1],[84.1,49.2]],[[84.1,49.2],[84.2,49.2]],[[84.2,49.2],[84.2,49.3]],[[84.2,49.3],[84.3,49.3]],[[84.3,49.3],[84.3,49.4]],[[84.3,49.4],[84.5,49.4]],[[84.5,49.4],[84.5,49.5]],[[84.5,49.5],[84.6,49.5]],[[84.6,49.5],[84.6,49.6]],[[84.6,49.6],[84.7,49.6]],[[84.7,49.6],[84.7,49.7]],[[84.7,49.7],[84.8,49.7]],[[84.8,49.7],[84.8,49.8]],[[84.8,49.8],[84.9,49.8]],[[84.9,49.8],[84.9,49.9]],[[84.9,49.9],[85.1,49.9]],[[85.1,49.9],[85.1,50.0]],[[85.1,50.0],[85.2,50.0]],[[85.2,50.0],[85.2,50.1]],[[85.2,50.1],[85.3,50.1]],[[85.3,50.1],[85.3,50.2]],[[85.3,50.2],[85.5,50.2]],[[85.5,50.2],[85.5,50.3]],[[85.5,50.3],[85.6,50.3]],[[85.6,50.3],[85.6,50.4]],[[85.6,50.4],[85.7,50.4]],[[85.7,50.4],[85.7,50.5]],[[85.7,50.5],[85.8,50.5]],[[85.8,50.5],[85.8,50.6]],[[85.8,50.6],[85.9,50.6]],[[85.9,50.6],[85.9,50.7]],[[85.9,50.7],[86.0,50.7]],[[86.0,50.7],[86.0,50.8]],[[86.0,50.8],[86.2,50.8]],[[86.2,50.8],[86.2,50.9]],[[86.2,50.9],[86.6,50.9]],[[86.6,50.9],[86.6,51.0]],[[86.6,51.0],[86.9,51.0]],[[86.9,51.0],[86.9,51.1]],[[86.9,51.1],[87.4,51.1]],[[87.4,51.1],[87.4,51.2]],[[87.4,51.2],[87.8,51.2]],[[87.8,51.2],[87.8,51.3]],[[87.8,51.3],[88.2,51.3]],[[88.2,51.3],[88.2,51.4]],[[88.2,51.4],[88.6,51.4]],[[88.6,51.4],[88.6,51.5]],[[88.6,51.5],[89.0,51.5]],[[89.0,51.5],[89.0,51.6]],[[89.0,51.6],[89.4,51.6]],[[89.4,51.6],[89.4,51.7]],[[89.4,51.7],[90.0,51.7]],[[90.0,51.7],[90.9,51.7]],[[90.9,51.7],[90.9,51.8]],[[90.9,51.8],[91.0,51.8]],[[91.0,51.8],[91.0,52.3]],[[91.0,52.3],[90.9,52.3]],[[90.9,52.3],[90.9,52.5]],[[90.9,52.5],[91.1,52.5]],[[91.1,52.5],[91.1,52.6]],[[91.1,52.6],[91.3,52.6]],[[91.3,52.6],[91.3,52.7]],[[91.3,52.7],[91.6,52.7]],[[91.6,52.7],[91.6,52.8]],[[91.6,52.8],[91.8,52.8]],[[91.8,52.8],[91.8,52.9]],[[91.8,52.9],[92.1,52.9]],[[92.1,52.9],[92.1,53.0]],[[92.1,53.0],[92.4,53.0]],[[92.4,53.0],[92.4,53.1]],[[92.4,53.1],[92.7,53.1]],[[92.7,53.1],[92.7,53.2]],[[92.7,53.2],[93.0,53.2]],[[93.0,53.2],[93.0,53.3]],[[93.0,53.3],[93.4,53.3]],[[93.4,53.3],[93.4,53.4]],[[93.4,53.4],[93.8,53.4]],[[93.8,53.4],[93.8,53.5]],[[93.8,53.5],[94.0,53.5]],[[94.0,53.5],[94.0,53.6]],[[94.0,53.6],[94.3,53.6]],[[94.3,53.6],[94.3,53.7]],[[94.3,53.7],[94.7,53.7]],[[94.7,53.7],[94.7,53.8]],[[94.7,53.8],[95.0,53.8]],[[95.0,53.8],[95.0,53.9]],[[95.0,53.9],[95.3,53.9]],[[95.3,53.9],[95.3,54.0]],[[95.3,54.0],[96.2,54.0]],[[96.2,54.0],[96.2,54.1]],[[96.2,54.1],[96.6,54.1]],[[96.6,54.1],[96.6,54.0]],[[96.6,54.0],[97.4,54.0]],[[97.4,54.0],[97.4,53.9]],[[97.4,53.9],[97.5,53.9]],[[97.5,53.9],[97.5,53.7]],[[97.5,53.7],[97.6,53.7]],[[97.6,53.7],[97.6,53.6]],[[97.6,53.6],[97.7,53.6]],[[97.7,53.6],[97.7,53.4]],[[97.7,53.4],[97.8,53.4]],[[97.8,53.4],[97.8,53.3]],[[97.8,53.3],[97.9,53.3]],[[97.9,53.3],[97.9,53.2]],[[97.9,53.2],[98.1,53.2]],[[98.1,53.2],[98.1,53.1]],[[98.1,53.1],[98.2,53.1]],[[98.2,53.1],[98.2,53.0]],[[98.2,53.0],[98.3,53.0]],[[98.3,53.0],[98.3,52.8]],[[98.3,52.8],[98.5,52.8]],[[98.5,52.8],[98.5,52.5]],[[98.5,52.5],[98.6,52.5]],[[98.6,52.5],[98.6,52.3]],[[98.6,52.3],[98.7,52.3]],[[98.7,52.3],[98.7,52.1]],[[98.7,52.1],[98.8,52.1]],[[98.8,52.1],[98.8,52.0]],[[98.8,52.0],[98.9,52.0]],[[98.9,52.0],[98.9,51.9]],[[98.9,51.9],[99.0,51.9]],[[99.0,51.9],[99.0,51.8]],[[99.0,51.8],[99.1,51.8]],[[99.1,51.8],[99.1,51.7]],[[99.1,51.7],[99.2,51.7]],[[99.2,51.7],[99.2,51.6]],[[99.2,51.6],[99.4,51.6]],[[99.4,51.6],[99.4,51.5]],[[99.4,51.5],[99.6,51.5]],[[99.6,51.5],[99.6,51.4]],[[99.6,51.4],[99.7,51.4]],[[99.7,51.4],[99.7,51.3]],[[99.7,51.3],[99.9,51.3]],[[99.9,51.3],[99.9,51.2]],[[99.9,51.2],[100.1,51.2]],[[100.1,51.2],[100.1,51.1]],[[100.1,51.1],[100.3,51.1]],[[100.3,51.1],[100.3,51.0]],[[100.3,51.0],[100.4,51.0]],[[100.4,51.0],[100.4,50.9]],[[100.4,50.9],[100.7,50.9]],[[100.7,50.9],[100.7,50.8]],[[100.7,50.8],[101.0,50.8]],[[101.0,50.8],[101.0,50.7]],[[101.0,50.7],[101.3,50.7]],[[101.3,50.7],[101.3,50.6]],[[101.3,50.6],[101.5,50.6]],[[101.5,50.6],[101.5,50.5]],[[101.5,50.5],[101.6,50.5]],[[101.6,50.5],[101.6,50.4]],[[101.6,50.4],[102.0,50.4]],[[102.0,50.4],[102.0,50.3]],[[102.0,50.3],[102.1,50.3]],[[102.1,50.3],[102.1,50.2]],[[102.1,50.2],[102.4,50.2]],[[102.4,50.2],[102.4,50.1]],[[102.4,50.1],[102.5,50.1]],[[102.5,50.1],[102.5,50.0]],[[102.5,50.0],[102.7,50.0]],[[102.7,50.0],[102.7,49.9]],[[102.7,49.9],[102.9,49.9]],[[102.9,49.9],[102.9,49.8]],[[102.9,49.8],[103.4,49.8]],[[103.4,49.8],[103.4,49.7]],[[103.4,49.7],[103.7,49.7]],[[103.7,49.7],[103.7,49.6]],[[103.7,49.6],[104.1,49.6]],[[104.1,49.6],[104.1,49.5]],[[104.1,49.5],[104.6,49.5]],[[104.6,49.5],[104.6,49.4]],[[104.6,49.4],[105.1,49.4]],[[105.1,49.4],[105.1,49.5]],[[105.1,49.5],[105.7,49.5]],[[105.7,49.5],[105.7,49.4]],[[105.7,49.4],[107.0,49.4]],[[107.0,49.4],[107.0,49.5]],[[107.0,49.5],[107.7,49.5]],[[107.7,49.5],[107.7,49.6]],[[107.7,49.6],[108.0,49.6]],[[108.0,49.6],[108.0,49.7]],[[108.0,49.7],[108.3,49.7]],[[108.3,49.7],[108.3,49.8]],[[108.3,49.8],[108.4,49.8]],[[108.4,49.8],[108.4,49.9]],[[108.4,49.9],[108.6,49.9]],[[108.6,49.9],[108.6,50.0]],[[108.6,50.0],[108.8,50.0]],[[108.8,50.0],[108.8,50.1]],[[108.8,50.1],[109.1,50.1]],[[109.1,50.1],[109.1,50.2]],[[109.1,50.2],[109.9,50.2]],[[109.9,50.2],[109.9,50.3]],[[109.9,50.3],[114.3,50.3]],[[114.3,50.3],[114.3,50.4]],[[114.3,50.4],[115.2,50.4]],[[115.2,50.4],[115.2,50.5]],[[115.2,50.5],[115.8,50.5]],[[115.8,50.5],[115.8,50.6]],[[115.8,50.6],[116.2,50.6]],[[116.2,50.6],[116.2,50.7]],[[116.2,50.7],[116.6,50.7]],[[116.6,50.7],[116.6,50.8]],[[116.6,50.8],[117.0,50.8]],[[117.0,50.8],[117.0,50.9]],[[117.0,50.9],[117.2,50.9]],[[117.2,50.9],[117.2,51.0]],[[117.2,51.0],[117.6,51.0]],[[117.6,51.0],[117.6,51.1]],[[117.6,51.1],[117.8,51.1]],[[117.8,51.1],[117.8,51.2]],[[117.8,51.2],[118.2,51.2]],[[118.2,51.2],[118.2,51.3]],[[118.2,51.3],[118.4,51.3]],[[118.4,51.3],[118.4,51.4]],[[118.4,51.4],[118.5,51.4]],[[118.5,51.4],[118.5,51.5]],[[118.5,51.5],[118.7,51.5]],[[118.7,51.5],[118.7,51.6]],[[118.7,51.6],[118.9,51.6]],[[118.9,51.6],[118.9,51.7]],[[118.9,51.7],[119.2,51.7]],[[119.2,51.7],[119.2,51.8]],[[119.2,51.8],[119.3,51.8]],[[119.3,51.8],[119.3,51.9]],[[119.3,51.9],[119.4,51.9]],[[119.4,51.9],[119.4,52.0]],[[119.4,52.0],[119.5,52.0]],[[119.5,52.0],[119.5,52.1]],[[119.5,52.1],[119.7,52.1]],[[119.7,52.1],[119.7,52.2]],[[119.7,52.2],[119.8,52.2]],[[119.8,52.2],[119.8,52.3]],[[119.8,52.3],[120.0,52.3]],[[120.0,52.3],[120.0,52.4]],[[120.0,52.4],[120.1,52.4]],[[120.1,52.4],[120.1,52.5]],[[120.1,52.5],[120.2,52.5]],[[120.2,52.5],[120.2,52.6]],[[120.2,52.6],[120.4,52.6]],[[120.4,52.6],[120.4,52.7]],[[120.4,52.7],[120.5,52.7]],[[120.5,52.7],[120.5,52.8]],[[120.5,52.8],[120.7,52.8]],[[120.7,52.8],[120.7,52.9]],[[120.7,52.9],[120.8,52.9]],[[120.8,52.9],[120.8,53.0]],[[120.8,53.0],[120.9,53.0]],[[120.9,53.0],[120.9,53.1]],[[120.9,53.1],[121.0,53.1]],[[121.0,53.1],[121.0,53.2]],[[121.0,53.2],[121.1,53.2]],[[121.1,53.2],[121.1,53.3]],[[121.1,53.3],[121.2,53.3]],[[121.2,53.3],[121.2,53.4]],[[121.2,53.4],[121.3,53.4]],[[121.3,53.4],[121.3,53.5]],[[121.3,53.5],[121.4,53.5]],[[121.4,53.5],[121.4,53.6]],[[121.4,53.6],[121.5,53.6]],[[121.5,53.6],[121.5,53.7]],[[121.5,53.7],[121.7,53.7]],[[121.7,53.7],[121.7,53.8]],[[121.7,53.8],[121.8,53.8]],[[121.8,53.8],[121.8,53.9]],[[121.8,53.9],[121.9,53.9]],[[121.9,53.9],[121.9,54.0]],[[121.9,54.0],[122.1,54.0]],[[122.1,54.0],[122.1,54.1]],[[122.1,54.1],[122.3,54.1]],[[122.3,54.1],[122.3,54.2]],[[122.3,54.2],[122.5,54.2]],[[122.5,54.2],[122.5,54.3]],[[122.5,54.3],[122.7,54.3]],[[122.7,54.3],[122.7,54.4]],[[122.7,54.4],[123.0,54.4]],[[123.0,54.4],[123.0,54.5]],[[123.0,54.5],[123.4,54.5]],[[123.4,54.5],[123.4,54.6]],[[123.4,54.6],[124.0,54.6]],[[124.0,54.6],[124.0,54.7]],[[124.0,54.7],[125.2,54.7]],[[125.2,54.7],[125.2,54.8]],[[125.2,54.8],[126.3,54.8]],[[126.3,54.8],[126.3,54.7]],[[126.3,54.7],[126.8,54.7]],[[126.8,54.7],[126.8,54.6]],[[126.8,54.6],[127.2,54.6]],[[127.2,54.6],[127.2,54.5]],[[127.2,54.5],[127.4,54.5]],[[127.4,54.5],[127.4,54.4]],[[127.4,54.4],[127.6,54.4]],[[127.6,54.4],[127.6,54.3]],[[127.6,54.3],[127.8,54.3]],[[127.8,54.3],[127.8,54.2]],[[127.8,54.2],[128.0,54.2]],[[128.0,54.2],[128.0,54.1]],[[128.0,54.1],[128.1,54.1]],[[128.1,54.1],[128.1,54.0]],[[128.1,54.0],[128.2,54.0]],[[128.2,54.0],[128.2,53.9]],[[128.2,53.9],[128.3,53.9]],[[128.3,53.9],[128.3,53.8]],[[128.3,53.8],[128.5,53.8]],[[128.5,53.8],[128.5,53.7]],[[128.5,53.7],[128.6,53.7]],[[128.6,53.7],[128.6,53.6]],[[128.6,53.6],[128.7,53.6]],[[128.7,53.6],[128.7,53.5]],[[128.7,53.5],[128.9,53.5]],[[128.9,53.5],[128.9,53.4]],[[128.9,53.4],[129.1,53.4]],[[129.1,53.4],[129.1,53.3]],[[129.1,53.3],[129.2,53.3]],[[129.2,53.3],[129.2,53.2]],[[129.2,53.2],[129.3,53.2]],[[129.3,53.2],[129.3,53.1]],[[129.3,53.1],[129.4,53.1]],[[129.4,53.1],[129.4,53.0]],[[129.4,53.0],[129.6,53.0]],[[129.6,53.0],[129.6,52.9]],[[129.6,52.9],[129.7,52.9]],[[129.7,52.9],[129.7,52.7]],[[129.7,52.7],[129.9,52.7]],[[129.9,52.7],[129.9,52.6]],[[129.9,52.6],[130.0,52.6]],[[130.0,52.6],[130.0,52.5]],[[130.0,52.5],[130.1,52.5]],[[130.1,52.5],[130.1,52.4]],[[130.1,52.4],[130.3,52.4]],[[130.3,52.4],[130.3,52.3]],[[130.3,52.3],[130.4,52.3]],[[130.4,52.3],[130.4,52.2]],[[130.4,52.2],[130.5,52.2]],[[130.5,52.2],[130.5,52.1]],[[130.5,52.1],[130.6,52.1]],[[130.6,52.1],[130.6,52.0]],[[130.6,52.0],[130.7,52.0]],[[130.7,52.0],[130.7,51.9]],[[130.7,51.9],[130.8,51.9]],[[130.8,51.9],[130.8,51.8]],[[130.8,51.8],[130.9,51.8]],[[130.9,51.8],[130.9,51.7]],[[130.9,51.7],[131.0,51.7]],[[131.0,51.7],[131.0,51.6]],[[131.0,51.6],[131.1,51.6]],[[131.1,51.6],[131.1,51.5]],[[131.1,51.5],[131.3,51.5]],[[131.3,51.5],[131.3,51.4]],[[131.3,51.4],[131.4,51.4]],[[131.4,51.4],[131.4,51.3]],[[131.4,51.3],[131.5,51.3]],[[131.5,51.3],[131.5,51.1]],[[131.5,51.1],[131.6,51.1]],[[131.6,51.1],[131.6,51.0]],[[131.6,51.0],[131.7,51.0]],[[131.7,51.0],[131.7,50.9]],[[131.7,50.9],[131.8,50.9]],[[131.8,50.9],[131.8,50.8]],[[131.8,50.8],[131.9,50.8]],[[131.9,50.8],[131.9,50.7]],[[131.9,50.7],[132.0,50.7]],[[132.0,50.7],[132.0,50.6]],[[132.0,50.6],[132.1,50.6]],[[132.1,50.6],[132.1,50.5]],[[132.1,50.5],[132.3,50.5]],[[132.3,50.5],[132.3,50.4]],[[132.3,50.4],[132.4,50.4]],[[132.4,50.4],[132.4,50.3]],[[132.4,50.3],[132.5,50.3]],[[132.5,50.3],[132.5,50.2]],[[132.5,50.2],[132.6,50.2]],[[132.6,50.2],[132.6,50.1]],[[132.6,50.1],[132.8,50.1]],[[132.8,50.1],[132.8,50.0]],[[132.8,50.0],[133.1,50.0]],[[133.1,50.0],[133.1,49.9]],[[133.1,49.9],[133.3,49.9]],[[133.3,49.9],[133.3,49.8]],[[133.3,49.8],[133.4,49.8]],[[133.4,49.8],[133.4,49.7]],[[133.4,49.7],[133.6,49.7]],[[133.6,49.7],[133.6,49.6]],[[133.6,49.6],[133.8,49.6]],[[133.8,49.6],[133.8,49.5]],[[133.8,49.5],[134.0,49.5]],[[134.0,49.5],[134.0,49.4]],[[134.0,49.4],[134.2,49.4]],[[134.2,49.4],[134.2,49.3]],[[134.2,49.3],[134.4,49.3]],[[134.4,49.3],[134.4,49.2]],[[134.4,49.2],[134.7,49.2]],[[134.7,49.2],[134.7,49.3]],[[134.7,49.3],[134.8,49.3]],[[134.8,49.3],[134.8,49.4]],[[134.8,49.4],[134.9,49.4]],[[134.9,49.4],[134.9,49.5]],[[134.9,49.5],[135.0,49.5]],[[135.0,49.5],[135.0,49.6]],[[135.0,49.6],[135.2,49.6]],[[135.2,49.6],[135.2,49.7]],[[135.2,49.7],[135.4,49.7]],[[135.4,49.7],[135.4,49.8]],[[135.4,49.8],[135.8,49.8]],[[135.8,49.8],[135.8,49.6]],[[135.8,49.6],[135.9,49.6]],[[135.9,49.6],[135.9,49.2]],[[135.9,49.2],[136.0,49.2]],[[136.0,49.2],[136.0,49.1]],[[136.0,49.1],[135.9,49.1]],[[135.9,49.1],[135.9,48.5]],[[135.9,48.5],[135.8,48.5]],[[135.8,48.5],[135.8,48.3]],[[135.8,48.3],[135.7,48.3]],[[135.7,48.3],[135.7,48.2]],[[135.7,48.2],[135.6,48.2]],[[135.6,48.2],[135.6,48.0]],[[135.6,48.0],[135.5,48.0]],[[135.5,48.0],[135.5,47.9]],[[135.5,47.9],[135.4,47.9]],[[135.4,47.9],[135.4,47.7]],[[135.4,47.7],[135.3,47.7]],[[135.3,47.7],[135.3,47.6]],[[135.3,47.6],[135.2,47.6]],[[135.2,47.6],[135.2,47.4]],[[135.2,47.4],[135.1,47.4]],[[135.1,47.4],[135.1,47.3]],[[135.1,47.3],[135.0,47.3]],[[135.0,47.3],[135.0,47.0]],[[135.0,47.0],[134.8,47.0]],[[134.8,47.0],[134.8,46.8]],[[134.8,46.8],[134.7,46.8]],[[134.7,46.8],[134.7,46.5]],[[134.7,46.5],[134.6,46.5]],[[134.6,46.5],[134.6,46.3]],[[134.6,46.3],[134.5,46.3]],[[134.5,46.3],[134.5,46.2]],[[134.5,46.2],[134.4,46.2]],[[134.4,46.2],[134.4,46.1]],[[134.4,46.1],[134.3,46.1]],[[134.3,46.1],[134.3,45.9]],[[134.3,45.9],[134.2,45.9]],[[134.2,45.9],[134.2,45.8]],[[134.2,45.8],[134.1,45.8]],[[134.1,45.8],[134.1,45.7]],[[134.1,45.7],[134.0,45.7]],[[134.0,45.7],[134.0,45.5]],[[134.0,45.5],[133.9,45.5]],[[133.9,45.5],[133.9,45.4]],[[133.9,45.4],[133.8,45.4]],[[133.8,45.4],[133.8,45.3]],[[133.8,45.3],[133.7,45.3]],[[133.7,45.3],[133.7,45.2]],[[133.7,45.2],[133.6,45.2]],[[133.6,45.2],[133.6,45.1]],[[133.6,45.1],[133.5,45.1]],[[133.5,45.1],[133.5,45.0]],[[133.5,45.0],[133.5,44.9]],[[133.5,44.9],[133.3,44.9]],[[133.3,44.9],[133.3,44.8]],[[133.3,44.8],[132.8,44.8]],[[132.8,44.8],[132.8,44.7]],[[132.8,44.7],[132.3,44.7]],[[132.3,44.7],[132.3,44.6]],[[132.3,44.6],[131.9,44.6]],[[131.9,44.6],[131.9,44.5]],[[131.9,44.5],[131.7,44.5]],[[131.7,44.5],[131.7,44.4]],[[131.7,44.4],[131.5,44.4]],[[131.5,44.4],[131.5,44.3]],[[131.5,44.3],[131.4,44.3]],[[131.4,44.3],[131.4,44.2]],[[131.4,44.2],[131.3,44.2]],[[131.3,44.2],[131.3,44.1]],[[131.3,44.1],[131.2,44.1]],[[131.2,44.1],[131.2,44.0]],[[131.2,44.0],[131.1,44.0]],[[131.1,44.0],[131.1,43.9]],[[131.1,43.9],[131.0,43.9]],[[131.0,43.9],[131.0,43.8]],[[131.0,43.8],[130.9,43.8]],[[130.9,43.8],[130.9,43.7]],[[130.9,43.7],[130.8,43.7]],[[130.8,43.7],[130.8,43.6]],[[130.8,43.6],[130.7,43.6]],[[130.7,43.6],[130.7,43.5]],[[130.7,43.5],[130.6,43.5]],[[130.6,43.5],[130.6,43.4]],[[130.6,43.4],[130.5,43.4]],[[130.5,43.4],[130.5,43.3]],[[130.5,43.3],[130.4,43.3]],[[130.4,43.3],[130.4,43.2]],[[130.4,43.2],[130.3,43.2]],[[130.3,43.2],[130.3,43.0]],[[130.3,43.0],[130.2,43.0]],[[130.2,43.0],[130.2,42.9]],[[130.2,42.9],[130.1,42.9]],[[130.1,42.9],[130.1,42.8]],[[130.1,42.8],[130.0,42.8]],[[130.0,42.8],[130.0,42.7]],[[130.0,42.7],[129.9,42.7]],[[129.9,42.7],[129.9,42.6]],[[129.9,42.6],[129.8,42.6]],[[129.8,42.6],[129.8,42.5]],[[129.8,42.5],[129.7,42.5]],[[129.7,42.5],[129.7,42.4]],[[129.7,42.4],[129.6,42.4]],[[129.6,42.4],[129.6,42.3]],[[129.6,42.3],[129.5,42.3]],[[129.5,42.3],[129.5,42.2]],[[129.5,42.2],[129.4,42.2]],[[129.4,42.2],[129.4,42.1]],[[129.4,42.1],[129.3,42.1]],[[129.3,42.1],[129.3,42.0]],[[129.8,41.7],[129.8,41.8],[129.9,41.8],[129.9,41.9],[130.0,41.9],[130.0,42.0],[130.1,42.0],[130.1,42.1],[130.2,42.1],[130.2,42.2],[130.4,42.2],[130.4,42.3],[130.5,42.3],[130.5,42.4],[130.6,42.4],[130.6,42.5],[130.9,42.5],[130.9,42.6],[131.2,42.6],[131.2,42.7],[131.3,42.7],[131.3,42.8],[131.4,42.8],[131.4,42.9],[131.5,42.9],[131.5,43.0],[131.9,43.0],[131.9,43.1],[132.3,43.1],[132.3,43.0],[132.4,43.0],[132.4,42.9],[132.8,42.9],[132.8,42.8],[133.0,42.8],[133.0,42.7],[133.3,42.7],[133.3,42.8],[133.7,42.8],[133.7,42.9],[134.0,42.9],[134.0,43.0],[134.2,43.0],[134.2,43.1],[134.4,43.1],[134.4,43.2],[134.5,43.2],[134.5,43.3],[134.8,43.3],[134.8,43.4],[134.9,43.4],[134.9,43.5],[135.0,43.5],[135.1,43.5],[135.1,43.6],[135.3,43.6],[135.3,43.7],[135.4,43.7],[135.4,43.8],[135.5,43.8],[135.5,43.9],[135.6,43.9],[135.6,44.1],[135.7,44.1],[135.7,44.3],[135.8,44.3],[135.8,44.4],[135.9,44.4],[135.9,44.5],[136.2,44.5],[136.2,44.6],[136.3,44.6],[136.3,44.7],[136.4,44.7],[136.4,44.8],[136.5,44.8],[136.5,44.9],[136.6,44.9],[136.6,45.0],[136.7,45.0],[136.7,45.1],[136.8,45.1],[136.8,45.2],[136.9,45.2],[136.9,45.3],[137.0,45.3],[137.0,45.4],[137.2,45.4],[137.2,45.5],[137.3,45.5],[137.3,45.6],[137.4,45.6],[137.4,45.7],[137.5,45.7],[137.5,45.8],[137.7,45.8],[137.7,45.9],[137.8,45.9],[137.8,46.0],[137.9,46.0],[137.9,46.1],[138.0,46.1],[138.0,46.2],[138.1,46.2],[138.1,46.4],[138.2,46.4],[138.2,46.5],[138.3,46.5],[138.3,46.6],[138.4,46.6],[138.4,46.8],[138.5,46.8],[138.5,47.0],[138.6,47.0],[138.6,47.1],[138.7,47.1],[138.7,47.2],[138.8,47.2],[138.8,47.3],[139.0,47.3],[139.0,47.4],[139.1,47.4],[139.1,47.6],[139.2,47.6],[139.2,47.8],[139.3,47.8],[139.3,47.9],[139.4,47.9],[139.4,48.0],[139.6,48.0],[139.6,48.1],[139.7,48.1],[139.7,48.2],[139.9,48.2],[139.9,48.3],[140.0,48.3],[140.0,48.4],[140.1,48.4],[140.1,48.5],[140.2,48.5],[140.2,48.8],[140.3,48.8],[140.3,48.9],[140.4,48.9],[140.4,49.3],[140.5,49.3],[140.5,49.5],[140.6,49.5],[140.6,50.3],[140.5,50.3],[140.5,50.9],[140.6,50.9],[140.6,51.0],[140.7,51.0],[140.7,51.3],[140.8,51.3],[140.8,51.5],[140.9,51.5],[140.9,51.6],[141.0,51.6],[141.0,51.7],[141.1,51.7],[141.1,51.8],[141.2,51.8],[141.2,51.9],[141.3,51.9],[141.3,52.0],[141.4,52.0],[141.4,52.1],[141.6,52.1],[141.6,52.0],[141.7,52.0],[141.7,51.8],[141.8,51.8],[141.8,51.7],[141.9,51.7],[141.9,51.6],[142.0,51.6],[142.0,51.5],[142.1,51.5],[142.1,51.4],[142.2,51.4],[142.2,51.0],[142.1,51.0],[142.1,50.7],[142.0,50.7],[142.0,50.5],[142.1,50.5],[142.1,50.3],[142.2,50.3],[142.2,49.7],[142.1,49.7],[142.1,49.2],[142.0,49.2],[142.0,48.9],[141.9,48.9],[141.9,48.6],[142.0,48.6],[142.0,48.5],[142.1,48.5],[142.1,48.2],[142.2,48.2],[142.2,48.0],[142.1,48.0],[142.1,47.8],[142.0,47.8],[142.0,47.3],[142.1,47.3],[142.1,47.1],[142.0,47.1],[142.0,46.9],[141.9,46.9],[141.9,46.7],[141.8,46.7],[141.8,46.4],[141.9,46.4],[141.9,46.2],[142.0,46.2],[142.0,46.1],[142.2,46.1],[142.2,46.2],[142.3,46.2],[142.3,46.4],[142.4,46.4],[142.4,46.6],[142.5,46.6],[142.5,46.7],[142.9,46.7],[142.9,46.6],[143.2,46.6],[143.2,46.5],[143.3,46.5],[143.3,46.4],[143.6,46.4],[143.6,46.7],[143.5,46.7],[143.5,46.8],[143.4,46.8],[143.4,46.9],[143.2,46.9],[143.2,47.0],[143.1,47.0],[143.1,47.3],[143.0,47.3],[143.0,47.4],[142.9,47.4],[142.9,47.5],[142.8,47.5],[142.8,47.6],[142.7,47.6],[142.7,47.7],[142.6,47.7],[142.6,48.3],[142.7,48.3],[142.7,48.4],[142.8,48.4],[142.8,48.7],[142.9,48.7],[142.9,48.8],[143.0,48.8],[143.0,49.2],[143.1,49.2],[143.1,49.3],[144.3,49.3],[144.3,49.6],[144.2,49.6],[144.2,49.8],[144.1,49.8],[144.1,50.0],[144.0,50.0],[144.0,50.2],[143.9,50.2],[143.9,50.4],[143.8,50.4],[143.8,50.6],[143.7,50.6],[143.7,51.1],[143.6,51.1],[143.6,51.3],[143.5,51.3],[143.5,51.6],[143.4,51.6],[143.4,51.8],[143.3,51.8],[143.3,52.0],[143.2,52.0],[143.2,52.4],[143.3,52.4],[143.3,52.5],[143.4,52.5],[143.4,52.9],[143.3,52.9],[143.3,53.1],[143.2,53.1],[143.2,53.6],[143.1,53.6],[143.1,53.7],[143.0,53.7],[143.0,54.2],[142.9,54.2],[142.9,54.3],[142.8,54.3],[142.8,54.4],[142.5,54.4],[142.5,54.1],[142.6,54.1],[142.6,53.8],[142.5,53.8],[142.5,53.7],[142.4,53.7],[142.4,53.6],[141.9,53.6],[141.9,53.5],[141.8,53.5],[141.8,53.2],[141.9,53.2],[141.9,52.8],[141.8,52.8],[141.8,52.6],[141.7,52.6],[141.7,52.5],[141.6,52.5],[141.6,52.4],[141.4,52.4],[141.4,52.5],[141.3,52.5],[141.3,53.1],[141.4,53.1],[141.4,53.4],[141.3,53.4],[141.3,53.5],[141.1,53.5],[141.1,53.6],[140.8,53.6],[140.8,53.7],[140.6,53.7],[140.6,53.8],[140.4,53.8],[140.4,53.9],[140.3,53.9],[140.3,54.0],[140.2,54.0],[140.2,54.1],[140.1,54.1],[140.1,54.2],[139.9,54.2],[139.9,54.3],[138.8,54.3],[138.8,54.2],[138.7,54.2],[138.7,54.1],[138.6,54.1],[138.6,54.0],[138.4,54.0],[138.4,53.9],[138.3,53.9],[138.3,53.8],[138.2,53.8],[138.2,53.7],[137.7,53.7],[137.7,54.0],[137.6,54.0],[137.6,54.2],[137.7,54.2],[137.7,54.3],[137.8,54.3],[137.8,54.4],[137.9,54.4],[137.9,54.8],[138.0,54.8],[138.0,54.9],[138.1,54.9],[138.1,55.1],[138.0,55.1],[138.0,55.2],[137.5,55.2],[137.5,55.1],[137.4,55.1],[137.4,54.9],[137.5,54.9],[137.5,54.8],[137.6,54.8],[137.6,54.5],[137.5,54.5],[137.5,54.4],[137.3,54.4],[137.3,54.3],[137.2,54.3],[137.2,54.0],[137.1,54.0],[137.1,53.9],[136.9,53.9],[136.9,54.0],[136.8,54.0],[136.8,54.2],[136.9,54.2],[136.9,54.6],[136.8,54.6],[136.8,54.7],[135.6,54.7],[135.6,54.8],[135.5,54.8],[135.5,54.9],[135.4,54.9],[135.4,55.0],[135.5,55.0],[135.5,55.1],[135.8,55.1],[135.8,55.2],[136.0,55.2],[136.0,55.3],[136.2,55.3],[136.2,55.4],[136.3,55.4],[136.3,55.5],[136.5,55.5],[136.5,55.6],[136.7,55.6],[136.7,55.7],[136.9,55.7],[136.9,55.8],[137.1,55.8],[137.1,55.9],[137.3,55.9],[137.3,56.0],[137.5,56.0],[137.5,56.1],[137.6,56.1],[137.6,56.2],[137.8,56.2],[137.8,56.3],[137.9,56.3],[137.9,56.4],[138.1,56.4],[138.1,56.5],[138.2,56.5],[138.2,56.6],[138.3,56.6],[138.3,56.7],[138.4,56.7],[138.4,56.8],[138.5,56.8],[138.5,56.9],[138.7,56.9],[138.7,57.0],[138.9,57.0],[138.9,57.1],[139.0,57.1],[139.0,57.2],[139.1,57.2],[139.1,57.3],[139.5,57.3],[139.5,57.4],[139.6,57.4],[139.6,57.5],[139.8,57.5],[139.8,57.6],[139.9,57.6],[139.9,57.7],[140.1,57.7],[140.1,57.8],[140.4,57.8],[140.4,57.9],[140.5,57.9],[140.5,58.0],[140.6,58.0],[140.6,58.1],[140.7,58.1],[140.7,58.3],[140.8,58.3],[140.8,58.4],[141.0,58.4],[141.0,58.5],[141.4,58.5],[141.4,58.6],[141.6,58.6],[141.6,58.7],[141.7,58.7],[141.7,58.8],[141.9,58.8],[141.9,58.9],[142.0,58.9],[142.0,59.0],[142.1,59.0],[142.1,59.1],[142.3,59.1],[142.3,59.2],[142.6,59.2],[142.6,59.3],[143.1,59.3],[143.1,59.4],[145.8,59.4],[145.8,59.3],[145.9,59.3],[145.9,59.2],[146.3,59.2],[146.3,59.3],[146.4,59.3],[146.4,59.4],[146.5,59.4],[146.5,59.5],[146.7,59.5],[146.7,59.4],[147.3,59.4],[147.3,59.3],[147.9,59.3],[147.9,59.4],[148.4,59.4],[148.4,59.3],[148.9,59.3],[148.9,59.4],[149.1,59.4],[149.1,59.5],[149.2,59.5],[149.2,59.6],[149.3,59.6],[149.3,59.7],[149.4,59.7],[149.4,59.8],[149.9,59.8],[149.9,59.7],[150.0,59.7]],[[60.0,46.2],[60.5,46.2],[60.5,46.3],[60.6,46.3],[60.6,46.4],[60.5,46.4],[60.5,46.6],[60.6,46.6],[60.6,46.7],[60.8,46.7],[60.8,46.6],[60.9,46.6],[60.9,46.5],[61.2,46.5],[61.2,46.6],[61.3,46.6],[61.3,46.4],[61.2,46.4],[61.2,46.2],[61.1,46.2],[61.1,46.1],[61.0,46.1],[61.0,46.0],[60.9,46.0],[60.9,45.6],[61.0,45.6],[61.0,45.5],[61.1,45.5],[61.1,45.4],[61.2,45.4],[61.2,45.2],[61.3,45.2],[61.3,45.1],[61.4,45.1],[61.4,45.0]],[[129.7,63.3],[129.5,63.3],[129.5,63.5],[129.7,63.5],[129.7,63.3]],[[108.5,62.6],[108.2,62.6],[108.2,62.7],[108.1,62.7],[108.1,62.9],[108.2,62.9],[108.2,63.0],[108.4,63.0],[108.4,62.9],[108.5,62.9],[108.5,62.6]],[[109.3,55.5],[109.4,55.5],[109.4,55.6],[109.6,55.6],[109.6,55.8],[109.7,55.8],[109.7,55.9],[109.8,55.9],[109.8,55.5],[109.7,55.5],[109.7,55.4],[109.8,55.4],[109.8,55.0],[109.7,55.0],[109.7,54.8],[109.6,54.8],[109.6,54.4],[109.5,54.4],[109.5,54.2],[109.4,54.2],[109.4,54.1],[109.3,54.1],[109.3,53.9],[109.2,53.9],[109.2,53.6],[109.1,53.6],[109.1,53.5],[109.0,53.5],[109.0,53.4],[108.8,53.4],[108.8,53.3],[108.6,53.3],[108.6,53.2],[108.4,53.2],[108.4,53.1],[108.3,53.1],[108.3,53.0],[108.2,53.0],[108.2,52.9],[107.9,52.9],[107.9,52.8],[107.8,52.8],[107.8,52.9],[107.6,52.9],[107.6,52.8],[107.2,52.8],[107.2,52.7],[107.1,52.7],[107.1,52.6],[107.0,52.6],[107.0,52.5],[106.9,52.5],[106.9,52.4],[106.8,52.4],[106.8,52.3],[106.7,52.3],[106.7,52.2],[106.4,52.2],[106.4,52.1],[106.2,52.1],[106.2,52.0],[105.9,52.0],[105.9,51.9],[105.7,51.9],[105.7,51.8],[105.6,51.8],[105.6,51.7],[105.1,51.7],[105.1,51.6],[104.7,51.6],[104.7,51.5],[104.4,51.5],[104.4,51.6],[104.3,51.6],[104.3,51.7],[104.4,51.7],[104.4,51.8],[105.1,51.8],[105.1,51.9],[105.4,51.9],[105.4,52.0],[105.6,52.0],[105.6,52.1],[105.7,52.1],[105.7,52.2],[105.8,52.2],[105.8,52.3],[105.9,52.3],[105.9,52.4],[106.0,52.4],[106.0,52.5],[106.2,52.5],[106.2,52.6],[106.4,52.6],[106.4,52.7],[106.7,52.7],[106.7,52.8],[106.8,52.8],[106.8,52.9],[106.9,52.9],[106.9,53.1],[107.0,53.1],[107.0,53.2],[107.1,53.2],[107.1,53.3],[107.2,53.3],[107.2,53.4],[107.4,53.4]],[[107.4,53.4],[107.4,53.5],[107.7,53.5],[107.7,53.6],[107.9,53.6],[107.9,53.7],[108.0,53.7],[108.0,53.8],[108.2,53.8],[108.2,53.9],[108.3,53.9],[108.3,54.1],[108.4,54.1],[108.4,54.2],[108.5,54.2],[108.5,54.3],[108.6,54.3],[108.6,54.5],[108.7,54.5],[108.7,54.6],[108.9,54.6],[108.9,54.8],[109.0,54.8],[109.0,54.9],[109.1,54.9],[109.1,55.1],[109.3,55.1],[109.3,55.5]],[[135.6,61.3],[135.4,61.3],[135.4,61.4],[135.3,61.4],[135.3,61.6],[135.4,61.6],[135.4,61.7],[135.5,61.7],[135.5,61.6],[135.6,61.6],[135.6,61.3]],[[107.6,53.1],[107.6,53.2],[107.8,53.2],[107.8,53.3],[107.9,53.3],[107.9,53.4],[107.4,53.4]],[[107.4,53.4],[107.4,53.3],[107.3,53.3],[107.3,53.2],[107.2,53.2],[107.2,53.1],[107.1,53.1],[107.1,53.0],[107.4,53.0],[107.4,53.1],[107.6,53.1]],[[108.6,53.6],[108.8,53.6],[108.8,53.7],[109.0,53.7],[109.0,53.9],[108.9,53.9],[108.9,54.0],[108.8,54.0],[108.8,53.9],[108.7,53.9],[108.7,53.8],[108.6,53.8],[108.6,53.6]],[[136.9,55.1],[136.9,55.0],[137.0,55.0],[137.0,54.9],[137.1,54.9],[137.1,55.1],[136.9,55.1]],[[121.8,25.2],[121.8,25.3],[121.7,25.3],[121.7,25.4],[121.5,25.4],[121.5,25.3],[121.4,25.3],[121.4,25.2],[121.1,25.2],[121.1,25.1],[121.0,25.1],[121.0,25.0],[120.9,25.0],[120.9,24.8],[120.8,24.8],[120.8,24.7],[120.7,24.7],[120.7,24.6],[120.6,24.6],[120.6,24.4],[120.5,24.4],[120.5,24.2],[120.4,24.2],[120.4,24.1],[120.3,24.1],[120.3,23.9],[120.2,23.9],[120.2,23.7],[120.1,23.7],[120.1,23.0],[120.2,23.0],[120.2,22.7],[120.3,22.7],[120.3,22.6],[120.4,22.6],[120.4,22.5],[120.5,22.5],[120.5,22.4],[120.6,22.4],[120.6,22.3],[120.7,22.3],[120.7,22.2],[120.9,22.2],[120.9,22.5],[121.0,22.5],[121.0,22.7],[121.1,22.7],[121.1,22.8],[121.2,22.8],[121.2,22.9],[121.3,22.9],[121.3,23.1],[121.4,23.1],[121.4,23.3],[121.5,23.3],[121.5,23.5],[121.6,23.5],[121.6,24.0],[121.7,24.0],[121.7,24.3],[121.8,24.3],[121.8,24.5],[121.9,24.5],[121.9,25.2],[121.8,25.2]],[[90.2,44.8],[90.1,44.8]],[[90.1,44.8],[90.1,44.9]],[[90.1,44.9],[90.0,44.9]],[[90.0,44.9],[90.0,45.0]],[[90.0,45.0],[89.9,45.0]],[[89.9,45.0],[89.9,45.1]],[[89.9,45.1],[89.8,45.1]],[[89.8,45.1],[89.8,45.3]],[[89.8,45.3],[89.7,45.3]],[[89.7,45.3],[89.7,45.4]],[[89.7,45.4],[89.6,45.4]],[[89.6,45.4],[89.6,45.5]],[[89.6,45.5],[89.5,45.5]],[[89.5,45.5],[89.5,45.6]],[[89.5,45.6],[89.3,45.6]],[[89.3,45.6],[89.3,45.7]],[[89.3,45.7],[89.2,45.7]],[[89.2,45.7],[89.2,45.8]],[[89.2,45.8],[89.0,45.8]],[[89.0,45.8],[89.0,45.9]],[[89.0,45.9],[88.9,45.9]],[[88.9,45.9],[88.9,46.2]],[[88.9,46.2],[88.8,46.2]],[[88.8,46.2],[88.8,46.7]],[[88.8,46.7],[88.9,46.7]],[[88.9,46.7],[88.9,47.1]],[[88.9,47.1],[89.0,47.1]],[[89.0,47.1],[89.0,47.7]],[[89.0,47.7],[88.9,47.7]],[[88.9,47.7],[88.9,47.9]],[[88.9,47.9],[88.8,47.9]],[[88.8,47.9],[88.8,48.3]],[[88.8,48.3],[88.7,48.3]],[[88.7,48.3],[88.7,48.4]],[[88.7,48.4],[88.6,48.4]],[[88.6,48.4],[88.6,48.7]],[[88.6,48.7],[88.5,48.7]],[[88.5,48.7],[88.5,48.8]],[[88.5,48.8],[88.4,48.8]],[[88.4,48.8],[88.4,49.0]],[[88.4,49.0],[88.3,49.0]],[[88.3,49.0],[88.3,49.1]],[[88.3,49.1],[88.2,49.1]],[[88.2,49.1],[88.2,49.2]],[[88.2,49.2],[88.0,49.2]],[[88.0,49.2],[88.0,49.3]],[[88.0,49.3],[87.7,49.3]],[[87.7,49.3],[87.7,49.4]],[[87.7,49.4],[87.5,49.4]],[[87.5,49.4],[87.5,49.5]],[[87.5,49.5],[87.3,49.5]],[[87.3,49.5],[87.3,49.6]],[[87.3,49.6],[87.2,49.6]],[[87.2,49.6],[87.2,49.7]],[[87.2,49.7],[87.1,49.7]],[[87.1,49.7],[87.1,49.8]],[[87.1,49.8],[87.0,49.8]],[[87.0,49.8],[87.0,49.9]],[[87.0,49.9],[86.8,49.9]],[[86.8,49.9],[86.8,50.0]],[[86.8,50.0],[86.6,50.0]],[[86.6,50.0],[86.6,50.1]],[[86.6,50.1],[86.5,50.1]],[[86.5,50.1],[86.5,50.2]],[[86.5,50.2],[86.4,50.2]],[[86.4,50.2],[86.4,50.3]],[[86.4,50.3],[86.3,50.3]],[[86.3,50.3],[86.3,50.4]],[[86.3,50.4],[86.2,50.4]],[[86.2,50.4],[86.2,50.5]],[[86.2,50.5],[86.1,50.5]],[[86.1,50.5],[86.1,50.7]],[[86.1,50.7],[86.0,50.7]],[[76.4,37.3],[76.8,37.3],[76.8,37.2],[77.4,37.2],[77.4,37.1],[77.7,37.1],[77.7,37.2],[77.8,37.2],[77.8,37.1],[77.9,37.1],[77.9,37.0],[78.2,37.0],[78.2,36.9],[78.4,36.9],[78.4,36.8],[78.8,36.8],[78.8,36.7],[79.2,36.7],[79.2,36.6],[79.7,36.6],[79.7,36.5],[79.8,36.5]],[[79.8,36.5],[80.0,36.5]],[[80.0,36.5],[80.0,36.6]],[[80.0,36.6],[80.3,36.6]],[[80.3,36.6],[80.3,36.7]],[[80.3,36.7],[80.5,36.7]],[[80.5,36.7],[80.5,36.8]],[[80.5,36.8],[81.3,36.8]],[[81.3,36.8],[81.3,36.9]],[[81.3,36.9],[81.6,36.9]],[[81.6,36.9],[81.6,37.0]],[[81.6,37.0],[81.7,37.0]],[[81.7,37.0],[81.7,37.1]],[[81.7,37.1],[81.9,37.1]],[[81.9,37.1],[81.9,37.2]],[[81.9,37.2],[82.1,37.2]],[[82.1,37.2],[82.1,37.3]],[[82.1,37.3],[82.2,37.3]],[[82.2,37.3],[82.2,37.4]],[[82.2,37.4],[82.4,37.4]],[[82.4,37.4],[82.4,37.5]],[[82.4,37.5],[82.7,37.5]],[[82.7,37.5],[82.7,37.6]],[[82.7,37.6],[82.9,37.6]],[[82.9,37.6],[82.9,37.7]],[[82.9,37.7],[83.3,37.7]],[[83.3,37.7],[83.3,37.8]],[[83.3,37.8],[83.4,37.8]],[[83.4,37.8],[83.4,37.9]],[[83.4,37.9],[83.6,37.9]],[[83.6,37.9],[83.6,38.0]],[[83.6,38.0],[83.8,38.0]],[[83.8,38.0],[83.8,38.1]],[[83.8,38.1],[84.1,38.1]],[[84.1,38.1],[84.1,38.2]],[[84.1,38.2],[84.6,38.2]],[[84.6,38.2],[84.6,38.3]],[[84.6,38.3],[84.8,38.3]],[[84.8,38.3],[84.8,38.2]],[[84.8,38.2],[85.3,38.2]],[[85.3,38.2],[85.3,38.3]],[[85.3,38.3],[85.8,38.3]],[[85.8,38.3],[85.8,38.4]],[[85.8,38.4],[86.1,38.4]],[[86.1,38.4],[86.1,38.5]],[[86.1,38.5],[86.7,38.5]],[[86.7,38.5],[86.7,38.6]],[[86.7,38.6],[88.2,38.6]],[[88.2,38.6],[88.2,38.7]],[[88.2,38.7],[88.7,38.7]],[[88.7,38.7],[88.7,38.8]],[[88.7,38.8],[89.1,38.8]],[[89.1,38.8],[89.1,38.9]],[[89.1,38.9],[89.6,38.9]],[[89.6,38.9],[89.6,39.0]],[[89.6,39.0],[89.9,39.0]],[[89.9,39.0],[89.9,39.1]],[[89.9,39.1],[90.0,39.1]],[[90.0,39.1],[90.0,39.2]],[[90.0,39.2],[90.1,39.2]],[[90.1,39.2],[90.1,39.3]],[[90.1,39.3],[90.3,39.3]],[[90.3,39.3],[90.3,39.4]],[[90.3,39.4],[90.5,39.4]],[[90.5,39.4],[90.5,39.5]],[[90.5,39.5],[90.8,39.5]],[[90.8,39.5],[90.8,39.6]],[[90.8,39.6],[90.9,39.6]],[[90.9,39.6],[90.9,39.7]],[[90.9,39.7],[91.5,39.7]],[[91.5,39.7],[91.5,39.8]],[[91.5,39.8],[91.7,39.8]],[[91.7,39.8],[91.7,39.7]],[[91.7,39.7],[92.1,39.7]],[[92.1,39.7],[92.1,39.6]],[[92.1,39.6],[92.4,39.6]],[[92.4,39.6],[92.4,39.5]],[[92.4,39.5],[92.6,39.5]],[[92.6,39.5],[92.6,39.4]],[[92.6,39.4],[92.8,39.4]],[[92.8,39.4],[92.8,39.3]],[[92.8,39.3],[93.1,39.3]],[[93.1,39.3],[93.1,39.2]],[[93.1,39.2],[93.4,39.2]],[[93.4,39.2],[93.4,39.1]],[[93.4,39.1],[93.6,39.1]],[[93.6,39.1],[93.6,39.0]],[[93.6,39.0],[93.8,39.0]],[[93.8,39.0],[93.8,38.9]],[[93.8,38.9],[94.0,38.9]],[[94.0,38.9],[94.0,38.8]],[[94.0,38.8],[94.2,38.8]],[[94.2,38.8],[94.2,38.7]],[[94.2,38.7],[94.5,38.7]],[[94.5,38.7],[94.5,38.6]],[[94.5,38.6],[94.6,38.6]],[[94.6,38.6],[94.6,38.5]],[[94.6,38.5],[94.7,38.5]],[[94.7,38.5],[94.7,38.4]],[[94.7,38.4],[94.9,38.4]],[[94.9,38.4],[94.9,38.3]],[[94.9,38.3],[95.0,38.3]],[[95.0,38.3],[95.0,38.2]],[[95.0,38.2],[95.1,38.2]],[[95.1,38.2],[95.1,38.1]],[[95.1,38.1],[95.4,38.1]],[[95.4,38.1],[95.4,38.0]],[[95.4,38.0],[95.5,38.0]],[[95.5,38.0],[95.5,37.9]],[[95.5,37.9],[95.6,37.9]],[[95.6,37.9],[95.6,37.8]],[[95.6,37.8],[95.7,37.8]],[[95.7,37.8],[95.7,37.7]],[[95.7,37.7],[96.0,37.7]],[[96.0,37.7],[96.0,37.6]],[[96.0,37.6],[96.2,37.6]],[[96.2,37.6],[96.2,37.5]],[[96.2,37.5],[96.4,37.5]],[[96.4,37.5],[96.4,37.4]],[[96.4,37.4],[96.6,37.4]],[[96.6,37.4],[96.6,37.3]],[[96.6,37.3],[96.7,37.3]],[[96.7,37.3],[96.7,37.2]],[[96.7,37.2],[96.9,37.2]],[[96.9,37.2],[96.9,37.1]],[[96.9,37.1],[97.2,37.1]],[[97.2,37.1],[97.2,37.0]],[[97.2,37.0],[97.4,37.0]],[[97.4,37.0],[97.4,36.9]],[[97.4,36.9],[97.7,36.9]],[[97.7,36.9],[97.7,36.8]],[[97.7,36.8],[98.0,36.8]],[[98.0,36.8],[98.0,36.7]],[[98.0,36.7],[98.2,36.7]],[[98.2,36.7],[98.2,36.6]],[[98.2,36.6],[98.4,36.6]],[[98.4,36.6],[98.4,36.5]],[[98.4,36.5],[98.7,36.5]],[[98.7,36.5],[98.7,36.4]],[[98.7,36.4],[98.9,36.4]],[[98.9,36.4],[98.9,36.3]],[[98.9,36.3],[99.1,36.3]],[[99.1,36.3],[99.1,36.1]],[[99.1,36.1],[99.2,36.1]],[[99.2,36.1],[99.2,35.9]],[[99.2,35.9],[99.3,35.9]],[[99.3,35.9],[99.3,35.7]],[[99.3,35.7],[99.4,35.7]],[[99.4,35.7],[99.4,35.0]],[[99.4,35.0],[99.3,35.0]],[[99.3,35.0],[99.3,34.7]],[[99.3,34.7],[99.2,34.7]],[[99.2,34.7],[99.2,34.6]],[[99.2,34.6],[99.1,34.6]],[[99.1,34.6],[99.1,34.4]],[[99.1,34.4],[99.0,34.4]],[[99.0,34.4],[99.0,34.3]],[[99.0,34.3],[98.9,34.3]],[[98.9,34.3],[98.9,34.1]],[[98.9,34.1],[98.8,34.1]],[[98.8,34.1],[98.8,33.9]],[[98.8,33.9],[98.7,33.9]],[[98.7,33.9],[98.7,33.7]],[[98.7,33.7],[98.6,33.7]],[[98.6,33.7],[98.6,33.5]],[[98.6,33.5],[98.5,33.5]],[[98.5,33.5],[98.5,33.3]],[[98.5,33.3],[98.4,33.3]],[[98.4,33.3],[98.4,33.1]],[[98.4,33.1],[98.3,33.1]],[[98.3,33.1],[98.3,32.9]],[[98.3,32.9],[98.2,32.9]],[[98.2,32.9],[98.2,32.8]],[[98.2,32.8],[98.1,32.8]],[[98.1,32.8],[98.1,32.7]],[[98.1,32.7],[98.0,32.7]],[[98.0,32.7],[98.0,32.6]],[[98.0,32.6],[97.9,32.6]],[[97.9,32.6],[97.9,32.5]],[[97.9,32.5],[97.2,32.5]],[[97.2,32.5],[97.2,32.4]],[[97.2,32.4],[97.1,32.4]],[[97.1,32.4],[97.1,32.2]],[[97.1,32.2],[97.0,32.2]],[[97.0,32.2],[97.0,32.0]],[[97.0,32.0],[96.9,32.0]],[[96.9,32.0],[96.9,31.9]],[[96.9,31.9],[97.0,31.9]],[[97.0,31.9],[97.0,31.6]],[[97.0,31.6],[97.1,31.6]],[[97.1,31.6],[97.1,31.3]],[[97.1,31.3],[97.2,31.3]],[[97.2,31.3],[97.2,31.1]],[[97.2,31.1],[97.3,31.1]],[[97.3,31.1],[97.3,30.8]],[[97.3,30.8],[97.4,30.8]],[[97.4,30.8],[97.4,30.6]],[[97.4,30.6],[97.5,30.6]],[[97.5,30.6],[97.5,30.3]],[[97.5,30.3],[97.6,30.3]],[[97.6,30.3],[97.6,30.0]],[[97.6,30.0],[97.7,30.0]],[[97.7,30.0],[97.7,29.8]],[[97.7,29.8],[97.8,29.8]],[[97.8,29.8],[97.8,29.6]],[[97.8,29.6],[97.9,29.6]],[[97.9,29.6],[97.9,29.4]],[[97.9,29.4],[98.0,29.4]],[[98.0,29.4],[98.0,29.1]],[[98.0,29.1],[98.1,29.1]],[[98.1,29.1],[98.1,28.9]],[[98.1,28.9],[98.2,28.9]],[[98.2,28.9],[98.2,28.8]],[[98.2,28.8],[98.3,28.8]],[[98.3,28.8],[98.3,28.6]],[[98.3,28.6],[98.4,28.6]],[[98.4,28.6],[98.4,28.5]],[[108.2,21.6],[108.5,21.6],[108.5,21.7],[109.0,21.7],[109.0,21.6],[109.1,21.6],[109.1,21.5],[109.7,21.5],[109.7,20.7],[109.8,20.7],[109.8,20.5],[109.9,20.5],[109.9,20.4],[110.0,20.4],[110.0,20.3],[110.1,20.3],[110.1,20.2],[110.0,20.2],[110.0,20.1],[109.6,20.1],[109.6,20.0],[109.3,20.0],[109.3,19.9],[109.2,19.9],[109.2,19.8],[109.1,19.8],[109.1,19.7],[109.0,19.7],[109.0,19.6],[108.9,19.6],[108.9,19.5],[108.8,19.5],[108.8,19.4],[108.7,19.4],[108.7,19.3],[108.6,19.3],[108.6,18.9],[108.7,18.9],[108.7,18.6],[108.8,18.6],[108.8,18.5],[108.9,18.5],[108.9,18.4],[109.2,18.4],[109.2,18.3],[109.5,18.3],[109.5,18.2],[109.7,18.2],[109.7,18.3],[109.8,18.3],[109.8,18.4],[110.0,18.4],[110.0,18.5],[110.1,18.5],[110.1,18.6],[110.2,18.6],[110.2,18.7],[110.5,18.7],[110.5,18.8],[110.6,18.8],[110.6,19.3],[110.7,19.3],[110.7,19.4],[110.8,19.4],[110.8,19.5],[110.9,19.5],[110.9,19.6],[111.0,19.6],[111.0,20.0],[110.9,20.0],[110.9,20.1],[110.8,20.1],[110.8,20.2],[110.5,20.2],[110.5,21.0],[110.6,21.0],[110.6,21.2],[110.7,21.2],[110.7,21.3],[110.8,21.3],[110.8,21.4],[110.9,21.4],[110.9,21.5],[111.5,21.5],[111.5,21.6],[111.9,21.6],[111.9,21.7],[112.7,21.7]],[[113.6,22.6],[113.9,22.6]],[[114.7,22.6],[115.0,22.6],[115.0,22.7],[115.1,22.7],[115.1,22.8],[116.0,22.8],[116.0,22.9],[116.2,22.9],[116.2,23.0],[116.5,23.0],[116.5,23.1],[116.6,23.1],[116.6,23.2],[116.7,23.2],[116.7,23.3],[116.8,23.3],[116.8,23.4],[116.9,23.4],[116.9,23.5],[117.3,23.5],[117.3,23.6],[117.4,23.6],[117.4,23.7],[117.5,23.7],[117.5,23.8],[117.6,23.8],[117.6,23.9],[117.7,23.9],[117.7,24.0],[117.9,24.0],[117.9,24.1],[118.0,24.1],[118.0,24.2],[118.1,24.2],[118.1,24.3],[118.2,24.3],[118.2,24.4],[118.4,24.4],[118.4,24.5],[118.5,24.5],[118.5,24.6],[118.6,24.6],[118.6,24.7],[118.8,24.7],[118.8,24.8],[118.9,24.8],[118.9,25.0],[119.0,25.0],[119.0,25.1],[119.1,25.1],[119.1,25.2],[119.3,25.2],[119.3,25.3],[119.4,25.3],[119.4,25.4],[119.8,25.4],[119.8,25.5],[119.9,25.5],[119.9,25.7],[119.8,25.7],[119.8,25.8],[119.7,25.8],[119.7,26.2],[119.8,26.2],[119.8,26.3],[119.9,26.3],[119.9,26.5],[120.0,26.5],[120.0,26.6],[120.1,26.6],[120.1,26.7],[120.2,26.7],[120.2,26.9],[120.3,26.9],[120.3,27.0],[120.4,27.0],[120.4,27.2],[120.5,27.2],[120.5,27.3],[120.6,27.3],[120.6,27.4],[120.7,27.4],[120.7,27.8],[120.8,27.8],[120.8,27.9],[121.2,27.9],[121.2,28.0],[121.3,28.0],[121.3,28.2],[121.4,28.2],[121.4,28.3],[121.6,28.3],[121.6,28.4],[121.7,28.4],[121.7,28.7],[121.8,28.7],[121.8,29.0],[121.9,29.0],[121.9,29.2],[122.0,29.2],[122.0,29.6],[122.1,29.6],[122.1,29.7],[122.3,29.7],[122.3,29.8],[122.4,29.8],[122.4,30.2],[122.3,30.2],[122.3,30.3],[121.9,30.3],[121.9,30.2],[121.5,30.2],[121.5,30.3],[121.4,30.3],[121.4,30.4],[121.2,30.4],[121.2,30.5],[121.1,30.5],[121.1,30.6],[121.2,30.6],[121.2,30.7],[121.4,30.7],[121.4,30.8],[121.5,30.8],[121.5,30.9],[121.8,30.9],[121.8,31.0],[121.9,31.0],[121.9,31.2],[121.8,31.2],[121.8,31.5],[121.9,31.5],[121.9,31.7],[122.0,31.7],[122.0,31.9],[121.9,31.9],[121.9,32.0],[121.8,32.0],[121.8,32.1],[121.7,32.1],[121.7,32.2],[121.5,32.2],[121.5,32.3],[121.4,32.3],[121.4,32.5],[121.3,32.5],[121.3,32.6],[121.1,32.6],[121.1,32.7],[121.0,32.7],[121.0,33.0],[120.9,33.0],[120.9,33.1],[120.8,33.1],[120.8,33.3],[120.7,33.3],[120.7,33.5],[120.6,33.5],[120.6,33.8],[120.5,33.8],[120.5,34.0],[120.4,34.0],[120.4,34.3],[120.3,34.3],[120.3,34.4],[120.2,34.4],[120.2,34.5],[119.9,34.5],[119.9,34.6],[119.7,34.6],[119.7,34.7],[119.6,34.7],[119.6,34.8],[119.5,34.8],[119.5,34.9],[119.4,34.9],[119.4,35.2],[119.5,35.2],[119.5,35.4],[119.6,35.4],[119.6,35.6],[119.7,35.6],[119.7,35.7],[120.0,35.7],[120.0,35.8],[120.1,35.8],[120.1,35.9],[120.2,35.9],[120.2,36.0],[120.3,36.0],[120.3,36.1],[120.6,36.1],[120.6,36.2],[120.7,36.2],[120.7,36.4],[120.8,36.4],[120.8,36.5],[121.0,36.5],[121.0,36.6],[121.1,36.6],[121.1,36.7],[121.3,36.7],[121.3,36.8],[121.7,36.8],[121.7,36.9],[122.5,36.9],[122.5,37.0],[122.6,37.0],[122.6,37.4],[122.5,37.4],[122.5,37.5],[122.3,37.5],[122.3,37.6],[121.9,37.6],[121.9,37.5],[121.6,37.5],[121.6,37.6],[121.4,37.6],[121.4,37.7],[121.2,37.7],[121.2,37.8],[121.0,37.8],[121.0,37.9],[120.9,37.9],[120.9,38.0],[120.7,38.0],[120.7,37.9],[120.5,37.9],[120.5,37.8],[120.3,37.8],[120.3,37.7],[120.2,37.7],[120.2,37.6],[120.1,37.6],[120.1,37.5],[119.9,37.5],[119.9,37.4],[119.8,37.4],[119.8,37.3],[119.7,37.3],[119.7,37.2],[119.3,37.2],[119.3,37.3],[119.1,37.3],[119.1,37.4],[119.0,37.4],[119.0,38.2],[118.9,38.2],[118.9,38.3],[118.7,38.3],[118.7,38.2],[118.0,38.2],[118.0,38.3],[117.9,38.3],[117.9,38.4],[117.8,38.4],[117.8,38.5],[117.7,38.5],[117.7,38.6],[117.6,38.6],[117.6,39.0],[117.7,39.0],[117.7,39.1],[117.9,39.1],[117.9,39.2],[118.2,39.2],[118.2,39.1],[118.9,39.1],[118.9,39.2],[119.1,39.2],[119.1,39.3],[119.2,39.3],[119.2,39.5],[119.3,39.5],[119.3,39.7],[119.4,39.7],[119.4,39.8],[119.6,39.8],[119.6,39.9],[119.7,39.9],[119.7,40.0],[120.0,40.0],[120.0,40.1],[120.2,40.1],[120.2,40.2],[120.5,40.2],[120.5,40.3],[120.6,40.3],[120.6,40.5],[120.7,40.5],[120.7,40.6],[120.9,40.6],[120.9,40.7],[121.0,40.7],[121.0,40.8],[121.1,40.8],[121.1,40.9],[121.5,40.9],[121.5,41.0],[121.8,41.0],[121.8,40.9],[121.9,40.9],[121.9,40.8],[122.1,40.8],[122.1,40.7],[122.2,40.7],[122.2,40.4],[122.1,40.4],[122.1,40.3],[122.0,40.3],[122.0,40.2],[121.9,40.2],[121.9,40.1],[121.8,40.1],[121.8,40.0],[121.6,40.0],[121.6,39.9],[121.5,39.9],[121.5,39.8],[121.4,39.8],[121.4,39.7],[121.3,39.7],[121.3,39.5],[121.4,39.5],[121.4,39.3],[121.5,39.3],[121.5,39.2],[121.4,39.2],[121.4,39.1],[121.3,39.1],[121.3,38.8],[121.5,38.8],[121.5,38.9],[121.9,38.9],[121.9,39.0],[122.0,39.0],[122.0,39.1],[122.1,39.1],[122.1,39.2],[122.2,39.2],[122.2,39.3],[122.5,39.3],[122.5,39.4],[122.6,39.4],[122.6,39.5],[122.7,39.5],[122.7,39.6],[122.9,39.6],[122.9,39.7],[123.3,39.7],[123.3,39.8],[123.7,39.8],[123.7,39.9],[124.2,39.9],[124.2,39.8],[124.5,39.8]],[[117.0,50.8],[117.1,50.8]],[[117.1,50.8],[117.1,50.5]],[[117.1,50.5],[117.2,50.5]],[[117.2,50.5],[117.2,50.4]],[[117.2,50.4],[117.4,50.4]],[[117.4,50.4],[117.4,50.3]],[[117.4,50.3],[117.5,50.3]],[[117.5,50.3],[117.5,50.2]],[[117.5,50.2],[117.6,50.2]],[[117.6,50.2],[117.6,50.1]],[[117.6,50.1],[117.7,50.1]],[[117.7,50.1],[117.7,50.0]],[[117.7,50.0],[117.9,50.0]],[[117.9,50.0],[117.9,49.9]],[[117.9,49.9],[118.1,49.9]],[[118.1,49.9],[118.1,49.8]],[[118.1,49.8],[118.8,49.8]],[[118.8,49.8],[118.8,49.7]],[[118.8,49.7],[119.7,49.7]],[[119.7,49.7],[119.7,49.6]],[[119.7,49.6],[120.2,49.6]],[[120.2,49.6],[120.2,49.5]],[[120.2,49.5],[120.7,49.5]],[[120.7,49.5],[120.7,49.4]],[[120.7,49.4],[121.0,49.4]],[[121.0,49.4],[121.0,49.3]],[[121.0,49.3],[121.4,49.3]],[[121.4,49.3],[121.4,49.2]],[[121.4,49.2],[121.7,49.2]],[[121.7,49.2],[121.7,49.1]],[[121.7,49.1],[122.0,49.1]],[[122.0,49.1],[122.0,49.0]],[[122.0,49.0],[122.2,49.0]],[[122.2,49.0],[122.2,48.9]],[[122.2,48.9],[122.3,48.9]],[[122.3,48.9],[122.3,48.8]],[[122.3,48.8],[122.5,48.8]],[[122.5,48.8],[122.5,48.7]],[[122.5,48.7],[122.7,48.7]],[[122.7,48.7],[122.7,48.6]],[[122.7,48.6],[122.9,48.6]],[[122.9,48.6],[122.9,48.5]],[[122.9,48.5],[123.0,48.5]],[[123.0,48.5],[123.0,48.4]],[[123.0,48.4],[123.1,48.4]],[[123.1,48.4],[123.1,48.3]],[[123.1,48.3],[123.2,48.3]],[[123.2,48.3],[123.2,47.5]],[[123.2,47.5],[123.1,47.5]],[[123.1,47.5],[123.1,47.3]],[[123.1,47.3],[123.0,47.3]],[[123.0,47.3],[123.0,47.1]],[[123.0,47.1],[122.9,47.1]],[[122.9,47.1],[122.9,46.8]],[[122.9,46.8],[122.8,46.8]],[[122.8,46.8],[122.8,46.7]],[[122.8,46.7],[122.7,46.7]],[[122.7,46.7],[122.7,46.3]],[[122.7,46.3],[122.6,46.3]],[[122.6,46.3],[122.6,46.1]],[[122.6,46.1],[122.5,46.1]],[[122.5,46.1],[122.5,45.9]],[[122.5,45.9],[122.4,45.9]],[[122.4,45.9],[122.4,45.7]],[[122.4,45.7],[122.3,45.7]],[[122.3,45.7],[122.3,45.5]],[[122.3,45.5],[122.2,45.5]],[[122.2,45.5],[122.2,45.3]],[[122.2,45.3],[122.1,45.3]],[[122.1,45.3],[122.1,45.1]],[[122.1,45.1],[122.0,45.1]],[[122.0,45.1],[122.0,45.0]],[[122.0,45.0],[121.9,45.0]],[[121.9,45.0],[121.9,44.9]],[[121.9,44.9],[121.8,44.9]],[[121.8,44.9],[121.8,44.8]],[[121.8,44.8],[121.7,44.8]],[[121.7,44.8],[121.7,44.6]],[[121.7,44.6],[121.6,44.6]],[[121.6,44.6],[121.6,44.5]],[[121.6,44.5],[121.5,44.5]],[[121.5,44.5],[121.5,44.3]],[[121.5,44.3],[121.4,44.3]],[[121.4,44.3],[121.4,44.2]],[[121.4,44.2],[121.3,44.2]],[[121.3,44.2],[121.3,44.1]],[[121.3,44.1],[121.2,44.1]],[[121.2,44.1],[121.2,43.7]],[[121.2,43.7],[121.1,43.7]],[[121.1,43.7],[121.1,43.5]],[[121.1,43.5],[121.0,43.5]],[[121.0,43.5],[121.0,43.2]],[[121.0,43.2],[120.9,43.2]],[[120.9,43.2],[120.9,42.8]],[[120.9,42.8],[120.8,42.8]],[[120.8,42.8],[120.8,42.6]],[[120.8,42.6],[120.7,42.6]],[[120.7,42.6],[120.7,42.4]],[[120.7,42.4],[120.6,42.4]],[[120.6,42.4],[120.6,42.1]],[[120.6,42.1],[120.3,42.1]],[[120.3,42.1],[120.3,42.2]],[[120.3,42.2],[120.0,42.2]],[[120.0,42.2],[120.0,42.3]],[[120.0,42.3],[119.3,42.3]],[[119.3,42.3],[119.3,42.4]],[[119.3,42.4],[117.3,42.4]],[[117.3,42.4],[117.3,42.5]],[[117.3,42.5],[116.3,42.5]],[[116.3,42.5],[116.3,42.4]],[[116.3,42.4],[115.8,42.4]],[[115.8,42.4],[115.8,42.3]],[[115.8,42.3],[115.4,42.3]],[[115.4,42.3],[115.4,42.2]],[[115.4,42.2],[115.0,42.2]],[[115.0,42.2],[115.0,42.1]],[[115.0,42.1],[114.6,42.1]],[[114.6,42.1],[114.6,42.0]],[[114.6,42.0],[114.1,42.0]],[[114.1,42.0],[114.1,41.9]],[[114.1,41.9],[113.9,41.9]],[[113.9,41.9],[113.9,41.8]],[[113.9,41.8],[113.7,41.8]],[[113.7,41.8],[113.7,41.7]],[[113.7,41.7],[113.5,41.7]],[[113.5,41.7],[113.5,41.6]],[[113.5,41.6],[113.3,41.6]],[[113.3,41.6],[113.3,41.5]],[[113.3,41.5],[112.9,41.5]],[[112.9,41.5],[112.9,41.4]],[[112.9,41.4],[112.8,41.4]],[[112.8,41.4],[112.8,41.3]],[[112.8,41.3],[112.5,41.3]],[[112.5,41.3],[112.5,41.2]],[[112.5,41.2],[112.3,41.2]],[[112.3,41.2],[112.3,41.1]],[[112.3,41.1],[112.0,41.1]],[[112.0,41.1],[112.0,41.0]],[[112.0,41.0],[111.9,41.0]],[[111.9,41.0],[111.9,40.9]],[[111.9,40.9],[111.7,40.9]],[[111.7,40.9],[111.7,40.8]],[[111.7,40.8],[111.6,40.8]],[[111.6,40.8],[111.6,40.7]],[[111.6,40.7],[111.4,40.7]],[[111.4,40.7],[111.4,40.6]],[[111.4,40.6],[111.1,40.6]],[[111.1,40.6],[111.1,40.5]],[[111.1,40.5],[111.0,40.5]],[[111.0,40.5],[111.0,40.4]],[[111.0,40.4],[110.9,40.4]],[[110.9,40.4],[110.9,40.3]],[[110.9,40.3],[110.7,40.3]],[[110.7,40.3],[110.7,40.2]],[[110.7,40.2],[110.6,40.2]],[[110.6,40.2],[110.6,40.1]],[[110.6,40.1],[110.4,40.1]],[[110.4,40.1],[110.4,40.0]],[[110.4,40.0],[110.3,40.0]],[[110.3,40.0],[110.3,39.9]],[[110.3,39.9],[110.1,39.9]],[[110.1,39.9],[110.1,39.8]],[[110.1,39.8],[110.0,39.8]],[[110.0,39.8],[110.0,39.7]],[[110.0,39.7],[109.8,39.7]],[[109.8,39.7],[109.8,39.6]],[[109.8,39.6],[109.7,39.6]],[[109.7,39.6],[109.7,39.5]],[[109.7,39.5],[109.4,39.5]],[[109.4,39.5],[109.4,39.4]],[[109.4,39.4],[109.2,39.4]],[[109.2,39.4],[109.2,39.3]],[[109.2,39.3],[109.1,39.3]],[[109.1,39.3],[109.1,39.2]],[[109.1,39.2],[108.9,39.2]],[[108.9,39.2],[108.9,39.1]],[[108.9,39.1],[108.7,39.1]],[[108.7,39.1],[108.7,39.0]],[[108.7,39.0],[108.3,39.0]],[[108.3,39.0],[108.3,38.9]],[[108.3,38.9],[107.9,38.9]],[[107.9,38.9],[107.9,38.8]],[[107.9,38.8],[107.3,38.8]],[[107.3,38.8],[107.3,38.7]],[[107.3,38.7],[106.7,38.7]],[[106.7,38.7],[106.7,38.6]],[[106.7,38.6],[106.0,38.6]],[[106.0,38.6],[106.0,38.7]],[[106.0,38.7],[105.5,38.7]],[[105.5,38.7],[105.5,38.8]],[[105.5,38.8],[105.2,38.8]],[[105.2,38.8],[105.2,38.9]],[[105.2,38.9],[104.9,38.9]],[[104.9,38.9],[104.9,39.0]],[[104.9,39.0],[104.7,39.0]],[[104.7,39.0],[104.7,39.1]],[[104.7,39.1],[104.4,39.1]],[[104.4,39.1],[104.4,39.2]],[[104.4,39.2],[104.1,39.2]],[[104.1,39.2],[104.1,39.3]],[[104.1,39.3],[103.8,39.3]],[[103.8,39.3],[103.8,39.4]],[[103.8,39.4],[103.6,39.4]],[[103.6,39.4],[103.6,39.5]],[[103.6,39.5],[103.3,39.5]],[[103.3,39.5],[103.3,39.6]],[[103.3,39.6],[103.0,39.6]],[[103.0,39.6],[103.0,39.7]],[[103.0,39.7],[102.6,39.7]],[[102.6,39.7],[102.6,39.8]],[[102.6,39.8],[102.4,39.8]],[[102.4,39.8],[102.4,39.9]],[[102.4,39.9],[102.0,39.9]],[[102.0,39.9],[102.0,40.0]],[[102.0,40.0],[101.8,40.0]],[[101.8,40.0],[101.8,40.1]],[[101.8,40.1],[101.4,40.1]],[[101.4,40.1],[101.4,40.2]],[[101.4,40.2],[101.2,40.2]],[[101.2,40.2],[101.2,40.3]],[[101.2,40.3],[100.8,40.3]],[[100.8,40.3],[100.8,40.4]],[[100.8,40.4],[100.4,40.4]],[[100.4,40.4],[100.4,40.5]],[[100.4,40.5],[100.0,40.5]],[[100.0,40.5],[100.0,40.6]],[[100.0,40.6],[99.7,40.6]],[[99.7,40.6],[99.7,40.7]],[[99.7,40.7],[99.5,40.7]],[[99.5,40.7],[99.5,40.8]],[[99.5,40.8],[99.0,40.8]],[[99.0,40.8],[99.0,40.9]],[[99.0,40.9],[98.7,40.9]],[[98.7,40.9],[98.7,41.0]],[[98.7,41.0],[98.4,41.0]],[[98.4,41.0],[98.4,41.1]],[[98.4,41.1],[97.9,41.1]],[[97.9,41.1],[97.9,41.2]],[[97.9,41.2],[97.5,41.2]],[[97.5,41.2],[97.5,41.3]],[[97.5,41.3],[97.0,41.3]],[[97.0,41.3],[97.0,41.4]],[[97.0,41.4],[96.1,41.4]],[[96.1,41.4],[96.1,41.5]],[[96.1,41.5],[95.8,41.5]],[[95.8,41.5],[95.8,41.6]],[[95.8,41.6],[95.2,41.6]],[[95.2,41.6],[95.2,41.7]],[[95.2,41.7],[93.9,41.7]],[[93.9,41.7],[93.9,41.8]],[[93.9,41.8],[93.8,41.8]],[[93.8,41.8],[93.8,41.7]],[[93.8,41.7],[93.7,41.7]],[[93.7,41.7],[93.7,41.8]],[[93.7,41.8],[93.4,41.8]],[[93.4,41.8],[93.4,41.9]],[[93.4,41.9],[93.3,41.9]],[[93.3,41.9],[93.3,42.0]],[[93.3,42.0],[93.0,42.0]],[[93.0,42.0],[93.0,42.1]],[[93.0,42.1],[92.8,42.1]],[[92.8,42.1],[92.8,42.2]],[[92.8,42.2],[92.6,42.2]],[[92.6,42.2],[92.6,42.3]],[[92.6,42.3],[92.4,42.3]],[[92.4,42.3],[92.4,42.4]],[[92.4,42.4],[92.3,42.4]],[[92.3,42.4],[92.3,42.5]],[[92.3,42.5],[92.2,42.5]],[[92.2,42.5],[92.2,42.6]],[[92.2,42.6],[92.1,42.6]],[[92.1,42.6],[92.1,42.7]],[[92.1,42.7],[92.0,42.7]],[[92.0,42.7],[92.0,42.8]],[[92.0,42.8],[91.9,42.8]],[[91.9,42.8],[91.9,42.9]],[[91.9,42.9],[91.8,42.9]],[[91.8,42.9],[91.8,43.0]],[[91.8,43.0],[91.7,43.0]],[[91.7,43.0],[91.7,43.1]],[[91.7,43.1],[91.6,43.1]],[[91.6,43.1],[91.6,43.2]],[[91.6,43.2],[91.4,43.2]],[[91.4,43.2],[91.4,43.4]],[[91.4,43.4],[91.3,43.4]],[[91.3,43.4],[91.3,43.5]],[[91.3,43.5],[91.2,43.5]],[[91.2,43.5],[91.2,43.6]],[[91.2,43.6],[91.1,43.6]],[[91.1,43.6],[91.1,43.7]],[[91.1,43.7],[91.0,43.7]],[[91.0,43.7],[91.0,43.8]],[[91.0,43.8],[90.9,43.8]],[[90.9,43.8],[90.9,43.9]],[[90.9,43.9],[90.7,43.9]],[[90.7,43.9],[90.7,44.1]],[[90.7,44.1],[90.6,44.1]],[[90.6,44.1],[90.6,44.2]],[[90.6,44.2],[90.5,44.2]],[[90.5,44.2],[90.5,44.3]],[[90.5,44.3],[90.4,44.3]],[[90.4,44.3],[90.4,44.5]],[[90.4,44.5],[90.3,44.5]],[[90.3,44.5],[90.3,44.7]],[[90.3,44.7],[90.2,44.7]],[[90.2,44.7],[90.2,44.8]],[[116.0,29.2],[116.0,29.4],[116.2,29.4],[116.2,29.2],[116.0,29.2]],[[116.4,29.0],[116.4,29.2],[116.5,29.2],[116.5,29.0],[116.4,29.0]],[[79.8,36.5],[79.8,36.0],[79.9,36.0],[79.9,35.8],[80.0,35.8],[80.0,35.1],[79.9,35.1],[79.9,34.5],[79.8,34.5],[79.8,33.9],[79.7,33.9],[79.7,33.5],[79.6,33.5],[79.6,33.0],[79.3,33.0]],[[95.2,29.8],[95.1,29.8],[95.1,29.7],[95.0,29.7],[95.0,29.9],[95.2,29.9],[95.2,29.8]]]},"properties":{"start_year":1891,"end_year":1893}}]}
